transaction_id,merchant_id,customer_id,timestamp,amount,currency,payment_method,payment_route,bank,upi_app,geography,device_type,order_id,status,failure_code,latency_ms,retry_count
3d4428a1-299b-4f22-aa48-3cb4cdc5417b,merchant_paymind_demo,cust_564,2026-08-06T13:44:00,5619.11,INR,UPI,route_a,Yes Bank,,Mumbai,web,order_0,failed,gateway_error,2260,0
20006518-4446-4fa9-a9d1-17b0522cfd0c,merchant_paymind_demo,cust_477,2026-08-12T11:59:00,15070.37,INR,UPI,route_b,Yes Bank,,Chennai,android,order_1,success,,2139,0
d0416c4d-ff23-40e3-a7c1-bc938ef5c66f,merchant_paymind_demo,cust_14,2026-08-18T06:24:00,20155.19,INR,wallet,route_d,SBI,,Bengaluru,android,order_2,success,,1181,0
4e1601a2-f6a6-4bff-9b70-d9db6631c5b9,merchant_paymind_demo,cust_779,2026-08-03T04:49:00,9006.54,INR,debit_card,route_c,Kotak,,Bengaluru,android,order_3,success,,2181,0
0a64c014-87af-4999-9551-a5aa3f207bd7,merchant_paymind_demo,cust_776,2026-08-02T19:02:00,13823.41,INR,wallet,route_c,Kotak,,Delhi,web,order_4,success,,584,0
880cc45f-ebf7-4559-b3c9-485b816859c5,merchant_paymind_demo,cust_593,2026-08-02T19:34:00,21390.18,INR,UPI,route_a,Axis,paytm,Chennai,web,order_5,success,,1794,0
f58092c5-c8c2-4cab-9750-22ef3d808331,merchant_paymind_demo,cust_430,2026-08-16T06:00:00,6711.1,INR,credit_card,route_a,Kotak,,Pune,android,order_6,success,,2487,0
0c08bdd1-41ae-41d1-8f15-10ea520d1e0d,merchant_paymind_demo,cust_778,2026-08-07T03:25:00,24738.61,INR,credit_card,route_b,Yes Bank,,Bengaluru,android,order_7,success,,1238,0
0329115f-25c6-4fe9-a0e2-4864b5a55094,merchant_paymind_demo,cust_822,2026-08-07T02:13:00,1701.41,INR,UPI,route_c,ICICI,bhim,Chennai,web,order_8,success,,2179,0
52a60f39-5029-42a4-82cd-ee4ff4bbb660,merchant_paymind_demo,cust_506,2026-08-17T22:51:00,14056.13,INR,credit_card,route_c,Yes Bank,,Hyderabad,ios,order_9,success,,1935,0
fefa8431-3bd1-49f8-a42b-4f8f387f5b79,merchant_paymind_demo,cust_284,2026-08-12T14:16:00,12363.22,INR,debit_card,route_a,HDFC,,Delhi,web,order_10,success,,955,0
96676afc-71d0-4a7f-aa0b-288c4fd951b0,merchant_paymind_demo,cust_789,2026-08-09T16:24:00,14917.42,INR,netbanking,route_d,Kotak,,Bengaluru,web,order_11,success,,347,0
354805c6-1f2f-4af2-aeb3-d3b6a1bc3458,merchant_paymind_demo,cust_1100,2026-08-18T02:04:00,6707.29,INR,UPI,route_c,HDFC,paytm,Chennai,android,order_12,success,,2158,0
174f2c87-5b3f-4439-99f5-1424276fac3b,merchant_paymind_demo,cust_540,2026-08-12T09:23:00,19060.96,INR,UPI,route_a,Yes Bank,paytm,Kolkata,web,order_13,success,,2379,0
06382edd-adcf-4645-8249-d4f64e57149f,merchant_paymind_demo,cust_766,2026-08-18T08:25:00,4080.65,INR,wallet,route_a,Kotak,,Bengaluru,ios,order_14,success,,379,0
d841d201-4f96-446a-9991-6dd14e6d02ca,merchant_paymind_demo,cust_630,2026-08-06T10:46:00,1495.23,INR,UPI,route_a,HDFC,bhim,Kolkata,android,order_15,success,,2481,0
e515bf9f-79b3-4241-9202-4eecd429b7ee,merchant_paymind_demo,cust_974,2026-08-13T12:15:00,4169.92,INR,credit_card,route_d,ICICI,,Hyderabad,web,order_16,success,,1123,0
6cc76bf7-d84b-4ea9-b86e-25d9263dbb86,merchant_paymind_demo,cust_765,2026-08-10T23:15:00,22495.37,INR,debit_card,route_d,HDFC,,Delhi,android,order_17,success,,562,0
1cefff51-cb0d-4fba-96f3-02daf0034915,merchant_paymind_demo,cust_1135,2026-08-06T05:40:00,14731.58,INR,debit_card,route_a,HDFC,,Pune,web,order_18,failed,insufficient_funds,3875,0
76780d95-87dc-4a8c-b80b-163a1377e6ef,merchant_paymind_demo,cust_677,2026-08-02T14:41:00,12878.2,INR,UPI,route_c,Yes Bank,bhim,Delhi,web,order_19,success,,841,0
76fbabfb-5209-4143-bb7f-3b15cdfa6e7a,merchant_paymind_demo,cust_498,2026-08-18T20:30:00,11850.67,INR,wallet,route_d,ICICI,,Mumbai,android,order_20,success,,2065,0
f6859a2a-8d94-4342-a8fe-0a6a932aee8b,merchant_paymind_demo,cust_957,2026-08-20T15:46:00,18240.44,INR,debit_card,route_a,HDFC,,Chennai,web,order_21,success,,1689,0
8c369a46-40d2-4f81-bbf5-257c09ab09dc,merchant_paymind_demo,cust_390,2026-08-13T04:53:00,11242.91,INR,UPI,route_d,ICICI,paytm,Chennai,android,order_22,success,,608,0
9df0ae7d-50b1-4dc9-993d-bea52094dbad,merchant_paymind_demo,cust_1128,2026-08-03T05:28:00,1312.18,INR,netbanking,route_a,HDFC,,Kolkata,android,order_23,success,,981,0
589a7763-a2ff-4385-afd4-1cd9d182f495,merchant_paymind_demo,cust_438,2026-08-20T16:12:00,10055.96,INR,netbanking,route_a,ICICI,,Chennai,android,order_24,success,,1899,0
6ca84f61-807c-4156-80ef-db55f6c6a55f,merchant_paymind_demo,cust_932,2026-08-07T11:47:00,10604.04,INR,debit_card,route_d,ICICI,,Delhi,ios,order_25,success,,1191,0
623efe84-22c1-4653-b2ae-7b9ef9e1cbc1,merchant_paymind_demo,cust_1111,2026-08-02T09:17:00,18711.99,INR,UPI,route_a,HDFC,,Chennai,web,order_26,success,,2475,0
946ba402-9d4e-4a8e-8371-bfdd75cc825c,merchant_paymind_demo,cust_1041,2026-08-02T19:45:00,21291.0,INR,credit_card,route_a,Kotak,,Mumbai,web,order_27,success,,1263,0
3b28f026-e7d1-4506-9fde-e011b97729bf,merchant_paymind_demo,cust_1167,2026-08-06T14:27:00,14494.03,INR,netbanking,route_a,Kotak,,Mumbai,ios,order_28,success,,2441,0
b61d243f-adfd-40db-9fef-4dead4634900,merchant_paymind_demo,cust_419,2026-08-16T05:45:00,17918.99,INR,debit_card,route_b,SBI,,Chennai,android,order_29,success,,1528,0
cf28fb3f-3725-4933-951f-e4d0a59ac4a8,merchant_paymind_demo,cust_149,2026-08-01T05:05:00,11484.22,INR,netbanking,route_a,HDFC,,Hyderabad,android,order_30,success,,2372,0
4cde05f3-0a67-4dee-9882-d993274fc3f7,merchant_paymind_demo,cust_715,2026-08-02T13:34:00,21987.79,INR,debit_card,route_c,SBI,,Delhi,ios,order_31,success,,1539,0
6fc51c40-af46-49c3-a5fd-6d6d1df5b935,merchant_paymind_demo,cust_1084,2026-08-01T04:16:00,16713.19,INR,wallet,route_c,Yes Bank,,Mumbai,android,order_32,success,,1383,0
e8035e9f-1a84-4e62-a3db-f90a45cd3f26,merchant_paymind_demo,cust_1134,2026-08-04T12:53:00,6845.09,INR,UPI,route_b,Yes Bank,paytm,Delhi,web,order_33,success,,1381,0
c0b9e7af-c09f-43fe-815d-cd9c5016f18a,merchant_paymind_demo,cust_105,2026-08-03T02:24:00,15875.4,INR,wallet,route_c,HDFC,,Mumbai,ios,order_34,success,,835,0
71754928-25d8-4199-8bb7-b8ead2294fe1,merchant_paymind_demo,cust_905,2026-08-13T13:17:00,17656.4,INR,debit_card,route_a,HDFC,,Mumbai,web,order_35,success,,910,0
30eefd02-9c28-4d08-b0b8-e5c20603e580,merchant_paymind_demo,cust_757,2026-08-14T06:07:00,13835.5,INR,wallet,route_d,ICICI,,Mumbai,ios,order_36,failed,invalid_otp,8521,0
c2c60db9-5e53-4942-baef-21566859a82e,merchant_paymind_demo,cust_431,2026-08-16T12:29:00,6275.77,INR,UPI,route_a,SBI,,Kolkata,ios,order_37,success,,933,0
014fa941-0b26-44c2-b507-0fee105cc732,merchant_paymind_demo,cust_363,2026-08-10T09:10:00,668.42,INR,credit_card,route_c,Axis,,Kolkata,web,order_38,success,,1316,0
614d998b-9021-45c0-b607-1993c758943d,merchant_paymind_demo,cust_222,2026-08-09T16:55:00,21810.56,INR,debit_card,route_d,ICICI,,Delhi,ios,order_39,success,,1732,0
ae3e24e5-331f-406b-b334-ede69cd7ff00,merchant_paymind_demo,cust_467,2026-08-06T01:44:00,640.43,INR,debit_card,route_b,Axis,,Bengaluru,ios,order_40,success,,584,0
4b02a14d-c0bb-4024-856b-0b0e19154023,merchant_paymind_demo,cust_1044,2026-08-10T02:16:00,17003.98,INR,debit_card,route_c,HDFC,,Mumbai,ios,order_41,success,,1031,0
cb0d75ef-2478-4f85-854b-190ed0eba7de,merchant_paymind_demo,cust_544,2026-08-01T20:53:00,2754.64,INR,wallet,route_d,SBI,,Pune,ios,order_42,success,,2087,0
3feeb326-5a04-40c3-bd44-4fd1f1cfa018,merchant_paymind_demo,cust_237,2026-08-09T18:22:00,22492.64,INR,wallet,route_b,SBI,,Mumbai,web,order_43,success,,2086,0
299f2c52-1ad8-43e6-b956-6637bc8c722f,merchant_paymind_demo,cust_1103,2026-08-16T15:06:00,17999.78,INR,UPI,route_b,SBI,bhim,Mumbai,web,order_44,success,,1652,0
665a48ca-0860-4e6d-8ee8-3b7aa6319d41,merchant_paymind_demo,cust_256,2026-08-17T09:04:00,22506.17,INR,wallet,route_c,Yes Bank,,Chennai,ios,order_45,success,,1948,0
1c24701f-0838-402d-bc89-c670288ad67d,merchant_paymind_demo,cust_393,2026-08-10T13:37:00,16639.99,INR,debit_card,route_d,Yes Bank,,Pune,android,order_46,success,,1532,0
9a2f4b21-ff0a-40b7-b538-831f2ef0a76b,merchant_paymind_demo,cust_1,2026-08-07T21:57:00,7208.5,INR,netbanking,route_d,Kotak,,Hyderabad,web,order_47,success,,1619,0
c8e5a06e-9e9f-4ade-9ddc-998ac3f8e4c6,merchant_paymind_demo,cust_438,2026-08-12T15:10:00,11856.0,INR,netbanking,route_b,Yes Bank,,Mumbai,ios,order_48,success,,2411,0
2dc22385-2333-48d4-a3a8-2aecc40a9fb9,merchant_paymind_demo,cust_482,2026-08-16T07:26:00,7794.97,INR,wallet,route_b,ICICI,,Mumbai,android,order_49,success,,1302,0
07d1387f-d52a-4f08-8b36-18f513204fd4,merchant_paymind_demo,cust_150,2026-08-11T08:43:00,10390.3,INR,netbanking,route_b,Yes Bank,,Pune,ios,order_50,success,,2324,0
6a1f4aa3-279e-4b50-a841-d66f22d4a0cb,merchant_paymind_demo,cust_12,2026-08-18T02:07:00,21517.99,INR,netbanking,route_a,Axis,,Delhi,android,order_51,success,,2421,0
6d0af275-bec2-4165-bec2-efecdde1ff24,merchant_paymind_demo,cust_511,2026-08-20T07:18:00,3077.9,INR,netbanking,route_b,Axis,,Pune,web,order_52,success,,1599,0
ff88bfec-8012-4482-854c-a9d8d0cb9e01,merchant_paymind_demo,cust_1034,2026-08-10T17:03:00,20772.7,INR,netbanking,route_d,ICICI,,Pune,ios,order_53,success,,2143,0
cb9868a6-50aa-4ac2-9b1c-f0fd81e24724,merchant_paymind_demo,cust_568,2026-08-18T10:14:00,19452.99,INR,debit_card,route_d,Yes Bank,,Delhi,ios,order_54,success,,2101,0
91ae8b58-21a4-4412-b379-f82649168ed1,merchant_paymind_demo,cust_481,2026-08-07T04:23:00,8429.4,INR,UPI,route_a,ICICI,phonepe,Delhi,ios,order_55,success,,925,0
10172e94-43ef-4d66-ab8a-b89218af7612,merchant_paymind_demo,cust_835,2026-08-08T12:42:00,13588.15,INR,credit_card,route_d,HDFC,,Delhi,ios,order_56,success,,1895,0
b3dbfb04-07c0-4014-b5e1-285180805fc7,merchant_paymind_demo,cust_41,2026-08-20T11:53:00,22022.38,INR,wallet,route_d,Axis,,Mumbai,ios,order_57,success,,1523,0
297d09ec-b05b-4cb3-a0df-f4fda28c93fb,merchant_paymind_demo,cust_859,2026-08-13T05:56:00,18700.52,INR,netbanking,route_b,Axis,,Delhi,ios,order_58,success,,2085,0
0fe9ac1c-7e17-4b4e-bf5e-8a0d9d20ef61,merchant_paymind_demo,cust_689,2026-08-16T05:17:00,16994.59,INR,netbanking,route_d,Yes Bank,,Delhi,ios,order_59,failed,bank_timeout,7097,0
083702e6-ca88-4426-88e6-41669278276c,merchant_paymind_demo,cust_807,2026-08-14T11:15:00,14131.58,INR,wallet,route_a,HDFC,,Pune,ios,order_60,failed,bank_timeout,5782,0
fc4bbba7-1855-4f72-b338-287bbc546cda,merchant_paymind_demo,cust_777,2026-08-08T10:46:00,5330.92,INR,credit_card,route_c,SBI,,Kolkata,ios,order_61,success,,1439,0
f0985355-bb51-4033-b718-c85a3e1aa48a,merchant_paymind_demo,cust_168,2026-08-11T16:51:00,533.61,INR,netbanking,route_a,SBI,,Delhi,web,order_62,success,,581,0
10f3537c-e17f-481b-a852-8295a01bd549,merchant_paymind_demo,cust_507,2026-08-05T12:52:00,20988.76,INR,UPI,route_b,ICICI,phonepe,Chennai,web,order_63,success,,768,0
449d5a42-b2f5-4dc5-9992-7bb22f28c617,merchant_paymind_demo,cust_953,2026-08-16T22:00:00,6443.28,INR,wallet,route_c,ICICI,,Hyderabad,web,order_64,success,,769,0
fc5acfd8-7bd6-4d50-a2ad-d4f851ffacbe,merchant_paymind_demo,cust_222,2026-08-14T04:02:00,690.68,INR,credit_card,route_c,Kotak,,Pune,ios,order_65,success,,1924,0
73e4651e-9f07-46ed-bc1a-d4a189d9bf4f,merchant_paymind_demo,cust_498,2026-08-03T07:39:00,17444.97,INR,credit_card,route_c,Yes Bank,,Hyderabad,android,order_66,success,,468,0
c819b46f-2d29-4912-b66b-393ce23ffdad,merchant_paymind_demo,cust_759,2026-08-02T13:39:00,12673.72,INR,debit_card,route_c,HDFC,,Kolkata,ios,order_67,success,,2307,0
af2d6245-75c7-4139-a0f2-5afe504a3bb5,merchant_paymind_demo,cust_742,2026-08-15T11:06:00,22294.8,INR,UPI,route_d,Yes Bank,phonepe,Chennai,android,order_68,success,,2437,0
ed309e10-df52-4acb-a6e9-8d81040bd450,merchant_paymind_demo,cust_1103,2026-08-18T15:03:00,12113.26,INR,debit_card,route_d,Yes Bank,,Hyderabad,ios,order_69,success,,1620,0
faf4d9e4-2bd4-487a-95f4-64a2920d4316,merchant_paymind_demo,cust_178,2026-08-07T08:19:00,22046.7,INR,credit_card,route_b,Axis,,Hyderabad,web,order_70,success,,1852,0
894d644b-7b2a-486d-9cc1-1ebc174569b0,merchant_paymind_demo,cust_666,2026-08-05T03:18:00,12214.37,INR,debit_card,route_c,SBI,,Bengaluru,ios,order_71,failed,invalid_otp,6553,0
6e8ea9c1-7e26-40ce-8140-3667a05cf6a1,merchant_paymind_demo,cust_392,2026-08-02T22:45:00,6071.83,INR,UPI,route_d,Axis,,Kolkata,android,order_72,success,,2250,0
a65a5dd3-535d-4c4f-a5eb-548ff1248ddb,merchant_paymind_demo,cust_36,2026-08-03T02:49:00,7391.18,INR,netbanking,route_d,Yes Bank,,Delhi,ios,order_73,success,,1811,0
dd4345d3-ea64-4e07-be8a-18f08ead4614,merchant_paymind_demo,cust_705,2026-08-10T16:22:00,24915.96,INR,netbanking,route_c,SBI,,Pune,ios,order_74,success,,1409,0
ba9779d5-8925-42a9-8576-62333ed3f555,merchant_paymind_demo,cust_248,2026-08-17T09:55:00,4854.98,INR,debit_card,route_a,Yes Bank,,Hyderabad,web,order_75,success,,1058,0
d0cdbc7d-d074-4ed5-a3c2-abee79921ffa,merchant_paymind_demo,cust_992,2026-08-07T07:00:00,18128.4,INR,credit_card,route_c,HDFC,,Kolkata,android,order_76,success,,1513,0
356e726b-789c-44f6-8188-a63e4be659e8,merchant_paymind_demo,cust_620,2026-08-01T07:43:00,17715.06,INR,credit_card,route_b,SBI,,Mumbai,android,order_77,success,,1496,0
fe9a392a-55ca-4f24-aa27-d162c7ebb3cd,merchant_paymind_demo,cust_1006,2026-08-03T08:01:00,21824.36,INR,credit_card,route_c,Axis,,Chennai,ios,order_78,success,,1695,0
0ed35311-4586-4067-81f6-dece09b101ad,merchant_paymind_demo,cust_518,2026-08-20T14:36:00,11969.34,INR,credit_card,route_a,Axis,,Chennai,android,order_79,success,,519,0
5a028f11-e9fe-4214-abb3-92253764390d,merchant_paymind_demo,cust_1153,2026-08-07T21:56:00,2175.26,INR,credit_card,route_b,HDFC,,Hyderabad,ios,order_80,success,,1224,0
8d6d25c0-533c-4ac7-a469-1c46b9e3a207,merchant_paymind_demo,cust_907,2026-08-07T18:23:00,21511.16,INR,wallet,route_d,SBI,,Hyderabad,web,order_81,success,,546,0
8a53cfe3-ee55-4a95-b7d0-cc844614aa0a,merchant_paymind_demo,cust_204,2026-08-18T08:33:00,5234.31,INR,wallet,route_b,SBI,,Pune,android,order_82,success,,943,0
5a428815-03f6-4c5b-a27b-0b3faedb302c,merchant_paymind_demo,cust_154,2026-08-04T13:29:00,116.76,INR,credit_card,route_d,Yes Bank,,Hyderabad,ios,order_83,success,,1492,0
af757fa6-b09e-4243-8f5d-0ebf73088576,merchant_paymind_demo,cust_580,2026-08-16T23:55:00,21497.19,INR,UPI,route_a,Yes Bank,phonepe,Bengaluru,web,order_84,success,,1110,0
eb4739c4-e0d6-4bb0-96ae-8c7697adab00,merchant_paymind_demo,cust_461,2026-08-15T17:41:00,3767.29,INR,netbanking,route_c,ICICI,,Mumbai,android,order_85,success,,979,0
062798de-f380-4c6b-8789-54e9009d6bfb,merchant_paymind_demo,cust_1166,2026-08-07T13:37:00,11006.88,INR,debit_card,route_d,Yes Bank,,Bengaluru,web,order_86,success,,1948,0
a7dd34b3-21fe-40b2-907f-4fb85739935f,merchant_paymind_demo,cust_1012,2026-08-10T23:04:00,2057.02,INR,debit_card,route_a,Axis,,Pune,ios,order_87,success,,1325,0
8177fcf4-2291-4fab-a20d-672c337f45f5,merchant_paymind_demo,cust_1179,2026-08-14T08:38:00,23772.12,INR,UPI,route_c,Kotak,gpay,Kolkata,android,order_88,success,,2227,0
eacdefc1-0bd9-46ab-948b-1e6198f74fd0,merchant_paymind_demo,cust_570,2026-08-05T03:07:00,24923.79,INR,wallet,route_d,Yes Bank,,Kolkata,ios,order_89,success,,673,0
6d96aa51-e27d-4e16-aa62-36157dcb279a,merchant_paymind_demo,cust_683,2026-08-08T07:20:00,16769.83,INR,netbanking,route_b,SBI,,Chennai,web,order_90,success,,2329,0
72a0e203-f47f-482b-b4c0-3ea8d2e09d61,merchant_paymind_demo,cust_821,2026-08-19T12:18:00,19024.47,INR,debit_card,route_a,Axis,,Mumbai,ios,order_91,success,,1333,0
1ae059fe-d1a4-49d7-91d1-5d3cff793e75,merchant_paymind_demo,cust_828,2026-08-20T16:21:00,12889.18,INR,debit_card,route_a,Yes Bank,,Kolkata,web,order_92,success,,2192,0
6e78a1ec-fc01-4ff3-9c43-971f583f3918,merchant_paymind_demo,cust_1062,2026-08-09T05:34:00,15584.72,INR,netbanking,route_d,Yes Bank,,Chennai,android,order_93,success,,1133,0
bfdb5d4f-b485-4034-bc74-e6a65b030a29,merchant_paymind_demo,cust_590,2026-08-10T23:16:00,22027.12,INR,debit_card,route_d,HDFC,,Mumbai,web,order_94,success,,1280,0
0d7ec1dc-687a-4027-b916-ce9e5bf76979,merchant_paymind_demo,cust_29,2026-08-13T13:36:00,10229.37,INR,credit_card,route_b,HDFC,,Chennai,android,order_95,success,,930,0
44ed033b-ae48-4b2a-a598-ea6c6632e574,merchant_paymind_demo,cust_598,2026-08-12T13:54:00,17650.02,INR,netbanking,route_d,Axis,,Chennai,android,order_96,success,,2170,0
cfdd361b-0ff8-4b0e-b340-6d489bf01e96,merchant_paymind_demo,cust_391,2026-08-14T15:20:00,12730.61,INR,wallet,route_b,HDFC,,Bengaluru,ios,order_97,success,,1692,0
34c9e30f-7b1c-45da-892d-ac783817bab6,merchant_paymind_demo,cust_6,2026-08-07T10:28:00,18164.97,INR,wallet,route_d,ICICI,,Chennai,web,order_98,success,,2283,0
756a932d-c7c0-4760-86b9-2851cee6da67,merchant_paymind_demo,cust_1113,2026-08-09T14:00:00,11410.85,INR,debit_card,route_c,ICICI,,Pune,android,order_99,success,,1868,0
d5de6e58-df4d-4b61-be97-f05ba23a97f5,merchant_paymind_demo,cust_842,2026-08-01T23:50:00,7988.5,INR,credit_card,route_d,Yes Bank,,Kolkata,ios,order_100,success,,1881,0
03b89476-0fc6-4900-847e-3694b7b4bfc0,merchant_paymind_demo,cust_76,2026-08-03T20:56:00,12582.16,INR,credit_card,route_c,HDFC,,Kolkata,ios,order_101,success,,708,0
2dbbf42f-74e7-4200-83c8-ca0a7d22d742,merchant_paymind_demo,cust_32,2026-08-17T10:33:00,3646.68,INR,wallet,route_b,HDFC,,Chennai,ios,order_102,success,,1686,0
df6a90aa-7b45-4ac6-b2d0-77f15746da7c,merchant_paymind_demo,cust_165,2026-08-20T09:10:00,8247.71,INR,wallet,route_d,SBI,,Pune,web,order_103,success,,2298,0
371d833b-07e8-4ca2-b1ad-89b89efd6095,merchant_paymind_demo,cust_141,2026-08-06T08:12:00,15797.47,INR,wallet,route_c,ICICI,,Pune,android,order_104,failed,gateway_error,2806,0
25f20e45-159d-4639-8f7d-f28872794b46,merchant_paymind_demo,cust_614,2026-08-01T15:48:00,1197.47,INR,UPI,route_a,SBI,paytm,Bengaluru,ios,order_105,success,,896,0
f4d64cc3-9f11-43c5-b067-02a208eb9b9b,merchant_paymind_demo,cust_1160,2026-08-16T12:21:00,19823.36,INR,credit_card,route_b,ICICI,,Mumbai,web,order_106,success,,1866,0
8a9b3c7d-0eab-4e5a-b142-f212557e47d1,merchant_paymind_demo,cust_1020,2026-08-14T06:28:00,3620.79,INR,wallet,route_d,Yes Bank,,Bengaluru,ios,order_107,success,,1345,0
9e6afef7-c849-4fc1-96ce-9256c9109a59,merchant_paymind_demo,cust_953,2026-08-07T13:05:00,16956.39,INR,UPI,route_b,HDFC,bhim,Bengaluru,web,order_108,success,,1525,0
0e7dd7ee-7f4e-4f87-b46b-83ed963e4db4,merchant_paymind_demo,cust_936,2026-08-20T05:38:00,7587.94,INR,netbanking,route_d,Axis,,Mumbai,android,order_109,success,,1862,0
0035e2d7-9ed4-4827-abda-d53625738f42,merchant_paymind_demo,cust_606,2026-08-16T21:53:00,7416.01,INR,wallet,route_d,SBI,,Mumbai,web,order_110,success,,500,0
68b64554-dd4f-43d6-acbd-c67277ac5077,merchant_paymind_demo,cust_587,2026-08-18T15:39:00,19981.56,INR,wallet,route_c,ICICI,,Pune,android,order_111,success,,1326,0
9fc9335e-2b31-40a7-9fb0-18703bb4c927,merchant_paymind_demo,cust_81,2026-08-08T00:43:00,19725.83,INR,credit_card,route_a,Kotak,,Bengaluru,web,order_112,success,,838,0
908dec6a-3e92-48bd-8469-0c6809074005,merchant_paymind_demo,cust_670,2026-08-18T00:13:00,10416.8,INR,UPI,route_b,ICICI,,Bengaluru,web,order_113,success,,2355,0
cda0ac4f-339c-4b44-a8df-5d33142af006,merchant_paymind_demo,cust_527,2026-08-19T18:23:00,23607.49,INR,debit_card,route_c,Yes Bank,,Kolkata,ios,order_114,success,,771,0
dc747caa-94c9-4799-b07e-c56f586e77a1,merchant_paymind_demo,cust_289,2026-08-18T03:52:00,24164.18,INR,netbanking,route_d,Kotak,,Bengaluru,android,order_115,success,,1916,0
e58d9462-4250-45c5-bd08-7475ecdc94ca,merchant_paymind_demo,cust_254,2026-08-11T08:22:00,9246.21,INR,UPI,route_c,Kotak,bhim,Kolkata,web,order_116,success,,1821,0
053bfe7c-48a4-4362-a08e-e5c2f22c9fe5,merchant_paymind_demo,cust_966,2026-08-01T13:40:00,15507.69,INR,UPI,route_c,Kotak,phonepe,Pune,android,order_117,success,,2201,0
5875c581-cc53-449b-88a1-c2cdd5321dc9,merchant_paymind_demo,cust_239,2026-08-04T04:20:00,1181.4,INR,debit_card,route_a,SBI,,Chennai,android,order_118,success,,698,0
4da7354e-5aaa-4290-bcb7-3af26bf92d38,merchant_paymind_demo,cust_278,2026-08-09T20:15:00,11368.41,INR,credit_card,route_d,Kotak,,Pune,web,order_119,success,,932,0
80f6b7fe-0c53-4dd0-bea0-a40dd9715b3e,merchant_paymind_demo,cust_1003,2026-08-15T00:13:00,10232.49,INR,netbanking,route_c,HDFC,,Pune,ios,order_120,success,,1189,0
665a0955-f451-4131-8e8a-ea80af970d7b,merchant_paymind_demo,cust_484,2026-08-20T11:11:00,9099.02,INR,netbanking,route_c,Kotak,,Pune,ios,order_121,success,,548,0
810030b6-f2ba-4570-9acf-f6cace710f66,merchant_paymind_demo,cust_251,2026-08-20T07:08:00,20613.57,INR,netbanking,route_a,Yes Bank,,Delhi,web,order_122,success,,387,0
fcfb3fb7-3735-4c66-989b-104a42b0fd4d,merchant_paymind_demo,cust_499,2026-08-03T20:46:00,19685.1,INR,UPI,route_b,HDFC,,Delhi,web,order_123,success,,1184,0
70001498-7108-4bca-aed7-c18ee960c93b,merchant_paymind_demo,cust_303,2026-08-18T22:42:00,22518.25,INR,credit_card,route_a,SBI,,Kolkata,android,order_124,success,,832,0
1ffb22a5-7532-4162-b710-b6fb8ce3afb3,merchant_paymind_demo,cust_358,2026-08-03T12:02:00,16543.39,INR,wallet,route_a,ICICI,,Mumbai,ios,order_125,success,,1274,0
c20b62d5-750d-4538-9deb-4da479ccffdc,merchant_paymind_demo,cust_357,2026-08-07T00:55:00,1357.36,INR,wallet,route_d,Kotak,,Mumbai,web,order_126,success,,560,0
34521750-558e-4af8-9ef7-7b902447a181,merchant_paymind_demo,cust_742,2026-08-12T16:17:00,14861.97,INR,netbanking,route_d,Kotak,,Delhi,web,order_127,success,,477,0
6af23f4c-298f-4410-9a6e-a93d8817a46d,merchant_paymind_demo,cust_64,2026-08-02T09:13:00,24964.74,INR,wallet,route_d,Axis,,Pune,android,order_128,success,,2308,0
d5586fbf-0850-42f4-91d9-a91ae819ea37,merchant_paymind_demo,cust_166,2026-08-08T07:54:00,15227.02,INR,netbanking,route_a,ICICI,,Bengaluru,web,order_129,success,,1631,0
33f58e71-cd03-4242-b1fa-90205a213d7c,merchant_paymind_demo,cust_1087,2026-08-07T17:03:00,11370.2,INR,netbanking,route_d,HDFC,,Kolkata,web,order_130,success,,768,0
0c1b074a-9a31-4a0b-b10d-ca7894dc27c0,merchant_paymind_demo,cust_441,2026-08-10T18:52:00,11316.3,INR,wallet,route_b,Axis,,Bengaluru,ios,order_131,success,,1933,0
0640fb9f-f3ce-4b45-9de0-b816f222f317,merchant_paymind_demo,cust_641,2026-08-10T17:04:00,7847.46,INR,netbanking,route_c,SBI,,Delhi,web,order_132,success,,2242,0
b646c9f5-baf1-450b-9fd3-fc8bb5be13d0,merchant_paymind_demo,cust_175,2026-08-03T02:54:00,10825.32,INR,UPI,route_c,ICICI,,Mumbai,web,order_133,success,,1650,0
4c8bb56e-8f0f-43a1-8ebb-9a83454323ca,merchant_paymind_demo,cust_867,2026-08-20T18:05:00,22900.3,INR,UPI,route_a,SBI,,Bengaluru,ios,order_134,success,,724,0
c2656a39-67f3-42f8-b76e-43f8e1172e97,merchant_paymind_demo,cust_317,2026-08-15T22:39:00,12080.63,INR,wallet,route_a,SBI,,Kolkata,web,order_135,success,,1805,0
32a575d3-8490-4b09-9f6c-b6bf0c313cd4,merchant_paymind_demo,cust_1176,2026-08-06T03:30:00,20190.17,INR,UPI,route_a,Kotak,paytm,Mumbai,android,order_136,success,,1419,0
b7b67362-387f-4fb2-b9e7-7f25d84d4a25,merchant_paymind_demo,cust_719,2026-08-01T03:20:00,4576.07,INR,debit_card,route_b,Kotak,,Pune,ios,order_137,success,,585,0
330d7c4e-b51b-4c35-892d-d7cf0c9fd903,merchant_paymind_demo,cust_63,2026-08-03T02:06:00,18665.49,INR,credit_card,route_b,Axis,,Chennai,ios,order_138,success,,1696,0
1df07ea5-4bb9-49dc-953b-a8a9281601e9,merchant_paymind_demo,cust_665,2026-08-18T16:15:00,23538.12,INR,credit_card,route_a,HDFC,,Delhi,android,order_139,success,,503,0
fc25dfaf-74eb-4293-8d0c-1a831f2d65bf,merchant_paymind_demo,cust_869,2026-08-12T01:14:00,15196.55,INR,UPI,route_d,SBI,phonepe,Kolkata,web,order_140,success,,766,0
c2c01e71-4439-47ec-ada7-e7b67cb25ca7,merchant_paymind_demo,cust_581,2026-08-16T10:23:00,16978.23,INR,debit_card,route_d,Kotak,,Pune,ios,order_141,success,,486,0
0486bcd2-1394-4d01-8697-23c0b90cd557,merchant_paymind_demo,cust_113,2026-08-01T04:11:00,5150.36,INR,credit_card,route_b,ICICI,,Kolkata,ios,order_142,success,,1485,0
e4992a40-5faa-4a5b-8a14-a5f811287778,merchant_paymind_demo,cust_1019,2026-08-17T23:58:00,10794.84,INR,debit_card,route_b,Axis,,Hyderabad,web,order_143,success,,1242,0
5a7eb815-10ae-4c48-9267-3d3314db0a5f,merchant_paymind_demo,cust_726,2026-08-02T15:21:00,9956.93,INR,wallet,route_a,Axis,,Mumbai,ios,order_144,success,,618,0
f27a0029-27c6-45ec-ac71-5932429cbd4e,merchant_paymind_demo,cust_1175,2026-08-10T04:52:00,17752.0,INR,debit_card,route_d,SBI,,Mumbai,ios,order_145,success,,385,0
347b77f5-409b-4d8e-acf3-30c4a4fd397a,merchant_paymind_demo,cust_943,2026-08-19T22:23:00,17255.77,INR,debit_card,route_c,HDFC,,Chennai,android,order_146,success,,1296,0
6a24aeee-771d-4cf9-b401-9cdf7e5bc817,merchant_paymind_demo,cust_1074,2026-08-02T18:57:00,9924.38,INR,netbanking,route_c,Yes Bank,,Bengaluru,android,order_147,success,,1664,0
f3324ba4-5a01-4b6b-aa7c-c6029c5b5d8b,merchant_paymind_demo,cust_234,2026-08-13T01:46:00,12773.3,INR,credit_card,route_c,SBI,,Pune,web,order_148,success,,904,0
69829e0a-c43c-431f-ac89-3fbb7cf096ce,merchant_paymind_demo,cust_525,2026-08-05T11:44:00,4378.8,INR,credit_card,route_b,Yes Bank,,Mumbai,android,order_149,success,,2323,0
777aa605-6de2-4e8a-9a96-951fbf4b319d,merchant_paymind_demo,cust_1187,2026-08-11T05:09:00,17044.28,INR,netbanking,route_c,Yes Bank,,Bengaluru,android,order_150,success,,2101,0
eb874526-f77e-41db-a445-c25d7877d8ee,merchant_paymind_demo,cust_621,2026-08-19T02:54:00,6903.11,INR,UPI,route_a,SBI,,Mumbai,ios,order_151,success,,2191,0
935f7657-4f70-4b3a-b1db-f420edfee013,merchant_paymind_demo,cust_756,2026-08-19T22:13:00,7212.57,INR,netbanking,route_a,Kotak,,Hyderabad,web,order_152,failed,gateway_error,5790,0
22a63312-45ac-4b34-a8e8-5c7e8030d773,merchant_paymind_demo,cust_85,2026-08-11T05:36:00,22730.8,INR,wallet,route_b,SBI,,Hyderabad,ios,order_153,success,,2353,0
de634193-a264-4998-be7d-424df4284617,merchant_paymind_demo,cust_923,2026-08-03T08:31:00,20283.62,INR,credit_card,route_c,Yes Bank,,Mumbai,web,order_154,success,,1006,0
9ccd4d20-ae5b-4ebf-863b-84dc624a68b3,merchant_paymind_demo,cust_897,2026-08-10T23:58:00,13125.51,INR,UPI,route_b,SBI,paytm,Bengaluru,ios,order_155,success,,1974,0
1e6685c3-0b27-42c7-a766-9ddde4f52e19,merchant_paymind_demo,cust_108,2026-08-18T23:01:00,15790.62,INR,debit_card,route_c,HDFC,,Bengaluru,android,order_156,success,,1883,0
b6c49c9b-d895-4e99-a80b-17dfb737ff00,merchant_paymind_demo,cust_308,2026-08-08T14:03:00,2083.47,INR,debit_card,route_b,SBI,,Bengaluru,web,order_157,success,,1905,0
c820510b-f44c-41cc-b9cf-5c5692640e86,merchant_paymind_demo,cust_174,2026-08-08T01:04:00,13995.11,INR,credit_card,route_c,ICICI,,Pune,web,order_158,success,,2456,0
823ccfd8-3f88-44fd-b4c3-3d267015e405,merchant_paymind_demo,cust_868,2026-08-12T13:42:00,9077.61,INR,UPI,route_c,SBI,phonepe,Delhi,ios,order_159,success,,2291,0
29fa1639-0685-4053-8848-d58d37f69c40,merchant_paymind_demo,cust_282,2026-08-04T12:37:00,1975.27,INR,credit_card,route_a,Kotak,,Kolkata,web,order_160,success,,2456,0
7723b581-7899-4e00-9071-decef17a11e1,merchant_paymind_demo,cust_269,2026-08-14T14:10:00,9449.16,INR,UPI,route_b,ICICI,,Kolkata,android,order_161,success,,2092,0
058268a9-9ca5-40bf-961b-4edcf5412f95,merchant_paymind_demo,cust_487,2026-08-11T02:35:00,15284.36,INR,UPI,route_d,ICICI,,Delhi,ios,order_162,success,,2221,0
2c605cb9-1122-46cb-8b63-f329445b4c9c,merchant_paymind_demo,cust_1169,2026-08-11T00:37:00,11568.92,INR,credit_card,route_c,Axis,,Hyderabad,web,order_163,success,,2014,0
a49b8f5f-aa2d-483b-b32d-f7349480e361,merchant_paymind_demo,cust_284,2026-08-20T20:46:00,6287.58,INR,credit_card,route_d,SBI,,Hyderabad,android,order_164,success,,2413,0
ea8354fd-61e9-41c0-a847-364e8e719f23,merchant_paymind_demo,cust_329,2026-08-07T04:58:00,11260.51,INR,UPI,route_b,Axis,gpay,Delhi,ios,order_165,success,,1731,0
1cc77bb2-1da4-41a8-ac9e-309d2c3b27c6,merchant_paymind_demo,cust_812,2026-08-12T10:09:00,9380.34,INR,UPI,route_d,HDFC,paytm,Delhi,android,order_166,success,,1605,0
7d92ad13-af39-4750-ad6a-7c770512391f,merchant_paymind_demo,cust_687,2026-08-19T00:11:00,3693.93,INR,UPI,route_a,SBI,bhim,Pune,android,order_167,success,,2221,0
839edd17-9416-4f60-a2c4-b16c7ee87753,merchant_paymind_demo,cust_163,2026-08-01T10:22:00,6435.3,INR,netbanking,route_b,Kotak,,Pune,web,order_168,success,,2461,0
272c68d2-94cf-4955-8b3c-ec100885283c,merchant_paymind_demo,cust_591,2026-08-06T09:46:00,7563.72,INR,netbanking,route_a,ICICI,,Chennai,web,order_169,success,,2172,0
8fd191c1-a211-44e1-add9-fdc5bb07742e,merchant_paymind_demo,cust_1024,2026-08-14T13:53:00,13424.54,INR,UPI,route_b,Yes Bank,phonepe,Bengaluru,ios,order_170,success,,306,0
89166ca9-c88e-42a6-9b58-5a2a7ed9fcc2,merchant_paymind_demo,cust_1169,2026-08-10T11:30:00,4723.48,INR,wallet,route_a,Kotak,,Bengaluru,android,order_171,success,,2454,0
a006f5e8-a680-424a-a4b3-5943ae38d58f,merchant_paymind_demo,cust_1040,2026-08-13T14:38:00,557.34,INR,wallet,route_d,HDFC,,Pune,ios,order_172,success,,1829,0
2243aefa-076f-4489-a0a5-b9e0444178d6,merchant_paymind_demo,cust_732,2026-08-18T22:38:00,1735.61,INR,debit_card,route_b,Yes Bank,,Pune,web,order_173,success,,724,0
e2485fe9-b47d-4872-aa84-08a133dcf460,merchant_paymind_demo,cust_681,2026-08-04T00:51:00,1156.18,INR,wallet,route_c,Yes Bank,,Delhi,web,order_174,success,,2203,0
6d4cbe93-9aaf-42f8-8d2d-216c8f0a89a7,merchant_paymind_demo,cust_277,2026-08-02T10:27:00,17915.32,INR,netbanking,route_d,HDFC,,Bengaluru,android,order_175,success,,479,0
849d329e-4dcc-44d1-a42e-8ec8c913e9c6,merchant_paymind_demo,cust_647,2026-08-08T01:20:00,12908.82,INR,credit_card,route_d,SBI,,Mumbai,web,order_176,success,,1082,0
c61ea924-e8dd-487e-8e69-bd4115492fbd,merchant_paymind_demo,cust_98,2026-08-20T16:50:00,16410.5,INR,debit_card,route_c,HDFC,,Kolkata,ios,order_177,success,,2089,0
f06cbe86-bdee-4aa4-93c0-798000d65a07,merchant_paymind_demo,cust_792,2026-08-08T17:09:00,24344.4,INR,netbanking,route_d,Yes Bank,,Chennai,ios,order_178,success,,2426,0
b1b49afb-dffa-4de3-91ca-076995538c8c,merchant_paymind_demo,cust_870,2026-08-02T19:06:00,10793.65,INR,debit_card,route_b,Kotak,,Bengaluru,ios,order_179,success,,720,0
b7002d9a-a7ba-44a9-af3a-de677a5ca744,merchant_paymind_demo,cust_606,2026-08-07T23:23:00,11175.6,INR,UPI,route_d,ICICI,bhim,Bengaluru,ios,order_180,success,,473,0
c0dcd679-56a2-4a14-820b-678423c4a49e,merchant_paymind_demo,cust_891,2026-08-07T05:56:00,16004.76,INR,debit_card,route_a,HDFC,,Pune,web,order_181,success,,1963,0
28da83fe-6723-45de-9706-185bbcc69ef9,merchant_paymind_demo,cust_328,2026-08-01T17:00:00,3612.35,INR,debit_card,route_d,HDFC,,Delhi,android,order_182,success,,1266,0
d849bb6c-af77-44ba-868f-77ab164dcf48,merchant_paymind_demo,cust_1162,2026-08-01T17:41:00,15147.12,INR,debit_card,route_d,SBI,,Bengaluru,ios,order_183,success,,614,0
4c91fa76-e6ae-448d-94e3-e2c6f49a21ef,merchant_paymind_demo,cust_752,2026-08-10T01:22:00,7893.92,INR,wallet,route_c,ICICI,,Mumbai,android,order_184,success,,1062,0
3acdf818-eb26-4d32-916a-9afea6c682d5,merchant_paymind_demo,cust_1151,2026-08-03T16:18:00,6581.33,INR,netbanking,route_c,Yes Bank,,Chennai,android,order_185,success,,1469,0
ac1d964d-29fb-45d5-bd87-d53d579a6ce8,merchant_paymind_demo,cust_278,2026-08-20T09:45:00,1897.6,INR,netbanking,route_b,Yes Bank,,Chennai,android,order_186,success,,1609,0
9aa0283a-2f34-4b91-967a-84c215271ca1,merchant_paymind_demo,cust_1127,2026-08-13T08:05:00,7294.54,INR,debit_card,route_c,ICICI,,Pune,web,order_187,success,,1013,0
db6c0ac6-9054-4fa8-94de-076f63a44183,merchant_paymind_demo,cust_249,2026-08-05T13:45:00,19812.04,INR,debit_card,route_b,Axis,,Mumbai,ios,order_188,success,,1811,0
6eaea49d-9123-4892-83bc-e3160085e368,merchant_paymind_demo,cust_1130,2026-08-03T22:52:00,15318.11,INR,netbanking,route_a,HDFC,,Bengaluru,ios,order_189,success,,2260,0
f42f81ca-62c2-4802-8b93-69aab8c63af5,merchant_paymind_demo,cust_839,2026-08-19T17:39:00,14393.77,INR,wallet,route_b,SBI,,Pune,android,order_190,success,,2143,0
71bbd865-95ec-4957-a79a-b419738f9ae4,merchant_paymind_demo,cust_706,2026-08-03T22:05:00,21955.11,INR,netbanking,route_b,ICICI,,Chennai,web,order_191,success,,526,0
122fbc32-7b03-4821-ab37-014b0e422c14,merchant_paymind_demo,cust_623,2026-08-04T17:55:00,4091.08,INR,UPI,route_b,SBI,,Bengaluru,android,order_192,success,,1326,0
568767e6-0cc1-43f7-8614-d7dbdf01cc96,merchant_paymind_demo,cust_1129,2026-08-07T05:53:00,3173.0,INR,credit_card,route_c,Kotak,,Hyderabad,android,order_193,success,,2358,0
4a9cfd29-cd79-481b-9177-d235b41a883c,merchant_paymind_demo,cust_1190,2026-08-04T12:12:00,4321.46,INR,credit_card,route_c,Kotak,,Mumbai,android,order_194,success,,632,0
bc73b6e1-3929-4704-9761-2e2a90912a18,merchant_paymind_demo,cust_1182,2026-08-07T00:32:00,16295.69,INR,UPI,route_d,Kotak,gpay,Chennai,web,order_195,success,,1486,0
08b64d76-4e6f-4035-945d-0c0990a07a2b,merchant_paymind_demo,cust_832,2026-08-07T18:26:00,11365.93,INR,debit_card,route_a,ICICI,,Chennai,ios,order_196,success,,2283,0
9614ef7e-f888-40a5-a7c2-6b10bffe3ad5,merchant_paymind_demo,cust_295,2026-08-08T02:42:00,21544.05,INR,netbanking,route_c,Yes Bank,,Kolkata,ios,order_197,success,,1933,0
a0137b8f-bcb7-46b9-bafa-93e2875e41b7,merchant_paymind_demo,cust_1055,2026-08-13T18:44:00,2699.29,INR,credit_card,route_b,Axis,,Mumbai,ios,order_198,success,,2141,0
5806e0d7-aa9d-4ab2-a090-2a04b75e0b33,merchant_paymind_demo,cust_104,2026-08-07T14:29:00,23637.35,INR,credit_card,route_d,ICICI,,Kolkata,android,order_199,success,,1641,0
c4883463-133d-44cd-8a38-0c733b2d9c65,merchant_paymind_demo,cust_389,2026-08-18T08:45:00,4025.59,INR,wallet,route_d,Axis,,Bengaluru,ios,order_200,success,,394,0
39ea94fd-637d-4aa9-921e-07bc94def19d,merchant_paymind_demo,cust_1036,2026-08-11T09:42:00,24168.83,INR,UPI,route_b,Kotak,paytm,Mumbai,android,order_201,success,,1452,0
df08ef23-9ac6-4a3c-9086-2085556c7b88,merchant_paymind_demo,cust_964,2026-08-07T12:03:00,13440.43,INR,netbanking,route_a,Axis,,Delhi,ios,order_202,success,,1798,0
6c92e53a-042f-43cc-8e5d-484121c2de8a,merchant_paymind_demo,cust_821,2026-08-02T03:56:00,14278.53,INR,netbanking,route_b,SBI,,Hyderabad,ios,order_203,success,,601,0
a1fe7a72-fcb4-4330-96e2-eb18bed547ed,merchant_paymind_demo,cust_1127,2026-08-07T08:45:00,20641.52,INR,netbanking,route_a,ICICI,,Mumbai,ios,order_204,success,,1828,0
3b8e16bd-5e58-45e9-b044-7e5c18e7e9b1,merchant_paymind_demo,cust_749,2026-08-18T04:18:00,3649.47,INR,debit_card,route_d,Kotak,,Mumbai,android,order_205,success,,459,0
5d15b5d3-672f-476c-82fd-361b45c537d4,merchant_paymind_demo,cust_971,2026-08-12T19:37:00,11451.86,INR,credit_card,route_b,SBI,,Hyderabad,ios,order_206,success,,965,0
e02b4c35-2323-4658-b57c-3f396ea2543b,merchant_paymind_demo,cust_613,2026-08-14T12:15:00,8442.52,INR,netbanking,route_d,Yes Bank,,Hyderabad,ios,order_207,success,,2245,0
951f0b68-d99a-4ac3-92f2-9a41c6c3e344,merchant_paymind_demo,cust_225,2026-08-10T11:29:00,14613.37,INR,UPI,route_a,Kotak,bhim,Bengaluru,web,order_208,success,,1232,0
0bf7401a-4055-4671-b92c-906338be8c95,merchant_paymind_demo,cust_350,2026-08-12T22:18:00,15744.18,INR,UPI,route_d,ICICI,phonepe,Mumbai,web,order_209,success,,750,0
377cda9d-2917-4829-89a4-09089cecaec0,merchant_paymind_demo,cust_643,2026-08-10T12:42:00,3828.21,INR,credit_card,route_b,Axis,,Hyderabad,web,order_210,failed,gateway_error,8949,0
fd709dab-b630-48ef-a654-a25181dd1ce7,merchant_paymind_demo,cust_1063,2026-08-05T17:14:00,14044.12,INR,UPI,route_d,Kotak,bhim,Bengaluru,android,order_211,success,,2182,0
9b7f0e23-5508-4a97-acf8-2d317c555253,merchant_paymind_demo,cust_726,2026-08-16T09:06:00,19311.15,INR,wallet,route_c,Kotak,,Chennai,android,order_212,success,,1309,0
8347db5a-f796-408a-87fa-080575db8109,merchant_paymind_demo,cust_461,2026-08-07T18:32:00,19290.8,INR,debit_card,route_b,Yes Bank,,Pune,ios,order_213,success,,1598,0
82eb7ef1-44b9-4992-9444-b2e466d9a8c7,merchant_paymind_demo,cust_561,2026-08-07T13:10:00,3090.76,INR,netbanking,route_d,Axis,,Kolkata,ios,order_214,success,,899,0
600f054e-a24c-4b15-b573-e3bab5e7325e,merchant_paymind_demo,cust_162,2026-08-08T21:09:00,23104.04,INR,debit_card,route_c,Yes Bank,,Chennai,android,order_215,failed,bank_timeout,8782,0
77e78df3-f446-419a-a3ac-0e6ed6e0a3bc,merchant_paymind_demo,cust_1152,2026-08-16T20:12:00,6826.96,INR,wallet,route_a,Kotak,,Pune,web,order_216,success,,1280,0
173c8b55-e8e8-40c8-bc8f-244fd33cee2e,merchant_paymind_demo,cust_1088,2026-08-06T03:14:00,15966.72,INR,credit_card,route_a,HDFC,,Chennai,ios,order_217,success,,2234,0
863e4263-f78d-42de-9222-c3e8b9d97914,merchant_paymind_demo,cust_282,2026-08-01T02:49:00,24114.74,INR,UPI,route_b,Axis,bhim,Chennai,web,order_218,success,,1116,0
0f2deb09-a60a-48c3-87ae-25f4073545c3,merchant_paymind_demo,cust_122,2026-08-18T11:49:00,2282.04,INR,debit_card,route_b,Kotak,,Pune,web,order_219,success,,452,0
c5ae9884-ca18-4511-8d9a-97cb7ce9693c,merchant_paymind_demo,cust_361,2026-08-01T19:50:00,24929.44,INR,credit_card,route_d,Axis,,Delhi,web,order_220,success,,1485,0
6680b3a0-c75a-42da-bf6c-33b388bcb533,merchant_paymind_demo,cust_1164,2026-08-14T17:11:00,2727.15,INR,UPI,route_c,SBI,bhim,Pune,web,order_221,failed,gateway_error,3099,0
b2bad9d6-59e4-4ee4-84e0-296b0696b075,merchant_paymind_demo,cust_395,2026-08-19T09:43:00,2860.54,INR,wallet,route_b,Yes Bank,,Chennai,web,order_222,success,,1353,0
9e257d90-f615-4e65-96f7-980722d0617b,merchant_paymind_demo,cust_691,2026-08-18T23:51:00,7410.86,INR,credit_card,route_b,ICICI,,Hyderabad,web,order_223,failed,gateway_error,8774,0
3a1dc521-67cd-42f7-b88d-208dd423746b,merchant_paymind_demo,cust_178,2026-08-10T02:54:00,16747.93,INR,netbanking,route_b,ICICI,,Chennai,ios,order_224,success,,1316,0
fe0ea12e-ad2f-4025-9bd4-c3caf432f84e,merchant_paymind_demo,cust_483,2026-08-11T03:58:00,18856.23,INR,UPI,route_c,SBI,,Pune,web,order_225,success,,346,0
6724c287-c604-45d0-915d-e837868c097f,merchant_paymind_demo,cust_484,2026-08-02T09:55:00,16711.26,INR,debit_card,route_d,SBI,,Delhi,ios,order_226,success,,2358,0
f8c60ffd-ef58-45c8-a73b-6e5a40e06350,merchant_paymind_demo,cust_605,2026-08-09T08:43:00,15384.9,INR,debit_card,route_b,ICICI,,Chennai,android,order_227,success,,2163,0
f2e7d4ef-b08a-4816-a60f-e7919c30e9f7,merchant_paymind_demo,cust_1125,2026-08-11T17:08:00,18945.9,INR,wallet,route_b,ICICI,,Pune,web,order_228,success,,635,0
42c9b8f8-3e9a-4796-892d-239b46c8103f,merchant_paymind_demo,cust_741,2026-08-02T18:39:00,22935.26,INR,wallet,route_a,HDFC,,Kolkata,web,order_229,success,,2370,0
1142cc6d-c462-4bfc-97e7-d53a2e190f1d,merchant_paymind_demo,cust_307,2026-08-04T17:51:00,8236.54,INR,credit_card,route_d,HDFC,,Pune,android,order_230,success,,2302,0
fd162365-9629-4795-bf89-1af27d02db2d,merchant_paymind_demo,cust_913,2026-08-19T09:39:00,1438.11,INR,UPI,route_b,Kotak,bhim,Chennai,web,order_231,success,,536,0
c5a7e408-ca4d-4e3c-89c2-f2935ee4609f,merchant_paymind_demo,cust_632,2026-08-17T11:00:00,593.17,INR,wallet,route_c,HDFC,,Pune,android,order_232,success,,599,0
90a48a01-dc92-47bf-80cb-995be130286e,merchant_paymind_demo,cust_131,2026-08-13T07:32:00,24853.39,INR,UPI,route_a,Axis,gpay,Bengaluru,ios,order_233,success,,1037,0
5fc6101f-4a32-4fdc-b968-539875ecb6e6,merchant_paymind_demo,cust_861,2026-08-09T12:30:00,24821.77,INR,credit_card,route_d,Axis,,Kolkata,ios,order_234,success,,1838,0
a51b2739-5291-4745-a2be-09096f3cb8ba,merchant_paymind_demo,cust_1105,2026-08-04T00:37:00,16355.68,INR,UPI,route_c,HDFC,phonepe,Hyderabad,ios,order_235,success,,2466,0
3910242c-a4f9-4b6c-86e2-4489c63029ba,merchant_paymind_demo,cust_457,2026-08-19T23:55:00,136.66,INR,credit_card,route_a,SBI,,Chennai,web,order_236,success,,2037,0
68f6e41f-e0a6-4070-8dfc-590ac0dc5252,merchant_paymind_demo,cust_471,2026-08-06T15:10:00,11542.6,INR,wallet,route_b,SBI,,Delhi,web,order_237,success,,762,0
5e7a5e99-d4a3-4c6d-b90e-d7d4e0bd4a30,merchant_paymind_demo,cust_859,2026-08-14T23:49:00,19163.03,INR,UPI,route_a,ICICI,phonepe,Mumbai,android,order_238,success,,437,0
84e8f14a-3963-47cc-a80f-4e0796e94bb5,merchant_paymind_demo,cust_100,2026-08-06T13:39:00,18526.5,INR,netbanking,route_d,Axis,,Delhi,web,order_239,success,,1189,0
1664e31c-ffa3-4f8c-8564-1d910a859592,merchant_paymind_demo,cust_593,2026-08-06T07:53:00,20403.87,INR,UPI,route_c,Kotak,,Kolkata,web,order_240,success,,1613,0
88b033cf-c785-445f-ad8d-dbb616f4b130,merchant_paymind_demo,cust_294,2026-08-16T00:33:00,13055.21,INR,credit_card,route_d,SBI,,Bengaluru,android,order_241,success,,1017,0
0e49e61a-4df1-4907-b554-b38ce8164a4f,merchant_paymind_demo,cust_97,2026-08-08T20:05:00,23542.58,INR,netbanking,route_d,Kotak,,Bengaluru,web,order_242,success,,2005,0
f2e12a61-9a86-4e01-bfe9-cc59b267ff68,merchant_paymind_demo,cust_771,2026-08-05T04:25:00,18872.68,INR,netbanking,route_d,ICICI,,Kolkata,android,order_243,success,,1531,0
5b8c98ee-28f2-4b4d-afb4-2aa14b462ba8,merchant_paymind_demo,cust_119,2026-08-13T19:08:00,10346.3,INR,credit_card,route_d,Kotak,,Hyderabad,android,order_244,success,,1890,0
d17a77ed-aab4-4afa-992e-ab9164192161,merchant_paymind_demo,cust_677,2026-08-15T17:11:00,2022.81,INR,credit_card,route_d,SBI,,Mumbai,web,order_245,success,,1080,0
4e6fe599-078e-4eb6-8d81-4cc82b6aaf36,merchant_paymind_demo,cust_81,2026-08-20T21:06:00,1865.97,INR,UPI,route_b,Axis,phonepe,Kolkata,ios,order_246,success,,1541,0
6e20432e-b38f-4c05-9b66-dfe146b3e2a7,merchant_paymind_demo,cust_390,2026-08-17T20:56:00,2977.04,INR,UPI,route_d,ICICI,,Pune,android,order_247,success,,1924,0
6493f0df-f47f-446c-a81e-21b938d0de82,merchant_paymind_demo,cust_580,2026-08-09T15:53:00,11682.95,INR,credit_card,route_c,SBI,,Bengaluru,ios,order_248,success,,2400,0
c1d1f7e4-bb86-4432-bb74-57308c1c2910,merchant_paymind_demo,cust_962,2026-08-18T07:57:00,21001.29,INR,netbanking,route_b,SBI,,Bengaluru,ios,order_249,success,,487,0
8c265a9a-d321-4c47-823f-a9129471eea2,merchant_paymind_demo,cust_299,2026-08-01T08:51:00,6556.31,INR,wallet,route_d,SBI,,Delhi,android,order_250,success,,1651,0
7ecc78ce-6b75-491b-a99d-2b43d400be61,merchant_paymind_demo,cust_504,2026-08-12T08:41:00,13788.53,INR,credit_card,route_c,SBI,,Kolkata,ios,order_251,success,,2309,0
690e2eb0-573c-4f54-843a-d442461ed2af,merchant_paymind_demo,cust_722,2026-08-04T20:26:00,3541.97,INR,netbanking,route_d,ICICI,,Hyderabad,web,order_252,success,,540,0
97d67ffc-4c18-41b2-a1ab-b39661769118,merchant_paymind_demo,cust_153,2026-08-19T14:44:00,16721.98,INR,wallet,route_a,Axis,,Delhi,web,order_253,failed,bank_timeout,2556,0
53f257eb-22e5-4168-b7a9-d6f55d19d8ac,merchant_paymind_demo,cust_1036,2026-08-11T09:02:00,9361.36,INR,credit_card,route_d,Yes Bank,,Chennai,android,order_254,failed,insufficient_funds,6359,0
413e6ec5-3b19-4e53-ada5-925a3f15c6b0,merchant_paymind_demo,cust_35,2026-08-13T01:07:00,18068.71,INR,wallet,route_c,HDFC,,Hyderabad,web,order_255,success,,2063,0
cbf7d3f8-90fc-41bb-8f96-63f97e84b264,merchant_paymind_demo,cust_198,2026-08-12T22:23:00,3764.99,INR,credit_card,route_b,Kotak,,Hyderabad,ios,order_256,success,,1751,0
d44dd9a9-1864-48ca-8fe0-dc6460d4f542,merchant_paymind_demo,cust_162,2026-08-09T11:44:00,23984.48,INR,debit_card,route_d,Kotak,,Delhi,web,order_257,success,,1225,0
ec9e6ef7-30eb-4233-850f-95624634686a,merchant_paymind_demo,cust_166,2026-08-15T21:01:00,24792.28,INR,debit_card,route_a,HDFC,,Chennai,ios,order_258,success,,1844,0
b972afcf-cead-43bf-b586-d3b78ec47c9b,merchant_paymind_demo,cust_20,2026-08-16T23:50:00,4326.02,INR,wallet,route_d,Axis,,Pune,ios,order_259,success,,690,0
bf7f251c-ac97-4e2e-962a-71130ddd0be3,merchant_paymind_demo,cust_471,2026-08-05T19:27:00,22536.76,INR,wallet,route_d,SBI,,Mumbai,android,order_260,success,,1448,0
aa9f8591-2ac9-4729-9a9c-96a7e1aaf632,merchant_paymind_demo,cust_68,2026-08-05T01:57:00,23222.72,INR,wallet,route_c,HDFC,,Delhi,web,order_261,success,,890,0
fe4aec43-33aa-4b57-9e3e-3bcea3f0e611,merchant_paymind_demo,cust_613,2026-08-04T16:43:00,14120.76,INR,netbanking,route_d,Yes Bank,,Hyderabad,ios,order_262,success,,1872,0
438798b2-1ead-4adf-9943-2fd2ca456c3a,merchant_paymind_demo,cust_161,2026-08-12T09:29:00,18649.14,INR,credit_card,route_c,HDFC,,Mumbai,ios,order_263,success,,1250,0
ddaa6b1a-2680-43c7-894e-286715d99195,merchant_paymind_demo,cust_813,2026-08-18T14:27:00,8193.1,INR,UPI,route_c,Axis,bhim,Delhi,ios,order_264,success,,1837,0
15accdd5-c5d0-42c9-b91b-1b9cf9eadeef,merchant_paymind_demo,cust_1200,2026-08-16T00:48:00,9532.81,INR,netbanking,route_c,ICICI,,Pune,android,order_265,success,,636,0
ed2f0b8a-e1f9-4a5d-8bb7-43dcd10c9b54,merchant_paymind_demo,cust_316,2026-08-17T19:57:00,9771.07,INR,debit_card,route_c,HDFC,,Mumbai,android,order_266,success,,1562,0
2bbe4022-1a0a-46fd-8c4b-d7ae0e0e59a2,merchant_paymind_demo,cust_553,2026-08-03T07:49:00,3356.05,INR,netbanking,route_b,Axis,,Chennai,web,order_267,success,,2398,0
3320c1d5-fef3-44fe-863c-996d45037171,merchant_paymind_demo,cust_184,2026-08-09T01:17:00,13877.78,INR,netbanking,route_c,Axis,,Mumbai,ios,order_268,success,,1994,0
853b5703-e837-4fe7-ad49-585f5ac2fa8d,merchant_paymind_demo,cust_1146,2026-08-06T12:34:00,14320.41,INR,netbanking,route_b,Yes Bank,,Chennai,android,order_269,success,,868,0
1b50cf8d-b2c1-42ef-b364-496997cf7ed9,merchant_paymind_demo,cust_1010,2026-08-04T07:41:00,1628.52,INR,debit_card,route_d,SBI,,Chennai,ios,order_270,success,,2283,0
82c0c738-8be3-43b0-9230-9657ed101925,merchant_paymind_demo,cust_506,2026-08-17T09:42:00,15644.59,INR,UPI,route_b,Axis,gpay,Delhi,ios,order_271,success,,327,0
514a7c12-eb32-4452-96c9-f85cc1a5b10a,merchant_paymind_demo,cust_779,2026-08-19T07:07:00,21561.85,INR,netbanking,route_d,SBI,,Chennai,web,order_272,success,,857,0
d39f18fb-851c-4b3e-b8f2-fe4b86952a20,merchant_paymind_demo,cust_412,2026-08-11T21:36:00,7888.87,INR,debit_card,route_d,SBI,,Bengaluru,web,order_273,success,,2311,0
9105b727-8066-4527-95e5-d17a86833314,merchant_paymind_demo,cust_668,2026-08-09T13:22:00,7043.49,INR,wallet,route_d,SBI,,Mumbai,web,order_274,success,,1118,0
eb7dad38-3f96-472f-94d5-4ac0e6c61bdf,merchant_paymind_demo,cust_369,2026-08-16T12:18:00,19202.07,INR,wallet,route_a,Yes Bank,,Chennai,web,order_275,success,,1158,0
be5b106d-9116-4fdd-81a2-341a50d134d8,merchant_paymind_demo,cust_142,2026-08-19T15:15:00,21202.31,INR,netbanking,route_d,Yes Bank,,Chennai,android,order_276,success,,1540,0
ac1f1c16-4212-41e4-ba51-cb82483ea7dc,merchant_paymind_demo,cust_316,2026-08-17T06:36:00,10607.04,INR,credit_card,route_d,HDFC,,Chennai,web,order_277,success,,2262,0
4a9a8cfd-278a-4873-a5ec-2aeb3bb6e91b,merchant_paymind_demo,cust_1038,2026-08-20T18:56:00,17308.14,INR,wallet,route_a,SBI,,Pune,web,order_278,success,,648,0
d419b840-bc3a-49b2-b492-464d7842689b,merchant_paymind_demo,cust_728,2026-08-04T18:50:00,16192.65,INR,UPI,route_a,Kotak,bhim,Kolkata,ios,order_279,success,,2063,0
015eba23-a331-45d2-9334-d2d0eb2d1f5e,merchant_paymind_demo,cust_530,2026-08-06T01:14:00,12791.37,INR,UPI,route_b,Axis,paytm,Chennai,ios,order_280,failed,bank_timeout,4825,0
62f95462-5869-440b-9a96-bc9fc7ab98ac,merchant_paymind_demo,cust_606,2026-08-10T11:10:00,23017.66,INR,UPI,route_a,HDFC,phonepe,Bengaluru,ios,order_281,success,,1705,0
a531f66c-82bc-4af7-a0c2-0d324688e300,merchant_paymind_demo,cust_1068,2026-08-11T23:44:00,8740.09,INR,netbanking,route_a,Axis,,Pune,web,order_282,success,,2153,0
239b6853-6e68-436c-9cb3-8d3b7db35c50,merchant_paymind_demo,cust_92,2026-08-19T10:28:00,17783.94,INR,debit_card,route_a,SBI,,Pune,android,order_283,success,,973,0
9b9b469b-b79b-4ea4-921d-39d051e31ead,merchant_paymind_demo,cust_1131,2026-08-04T15:27:00,8308.19,INR,credit_card,route_d,Axis,,Delhi,ios,order_284,success,,1055,0
f94ffc46-31c9-4ad7-be0f-954b0c19daf4,merchant_paymind_demo,cust_886,2026-08-10T00:02:00,778.35,INR,credit_card,route_b,Axis,,Hyderabad,ios,order_285,success,,1892,0
0329df08-4816-4d4b-bf3b-deb9480c277d,merchant_paymind_demo,cust_422,2026-08-07T08:00:00,18820.52,INR,UPI,route_a,Kotak,gpay,Kolkata,web,order_286,success,,1065,0
1b92a613-87d8-45b0-ad85-2e29e29c87f4,merchant_paymind_demo,cust_938,2026-08-03T14:14:00,6595.72,INR,debit_card,route_d,Kotak,,Pune,ios,order_287,success,,1891,0
b4003ded-599c-4264-90fe-d77e5d5df285,merchant_paymind_demo,cust_234,2026-08-08T22:00:00,8832.02,INR,wallet,route_d,Kotak,,Delhi,web,order_288,success,,1518,0
4b6c3503-23a4-4170-a7ac-73bf6fe47b0b,merchant_paymind_demo,cust_275,2026-08-08T03:02:00,2990.65,INR,wallet,route_c,HDFC,,Delhi,ios,order_289,success,,879,0
883affb7-1ad1-401e-8110-f5b8f94b709f,merchant_paymind_demo,cust_283,2026-08-14T01:55:00,9623.56,INR,wallet,route_b,Axis,,Pune,web,order_290,success,,1009,0
6446bc6c-fd63-4f2f-8b04-05728a4dd011,merchant_paymind_demo,cust_592,2026-08-04T04:37:00,4718.11,INR,wallet,route_d,Kotak,,Mumbai,ios,order_291,success,,339,0
6a2a77fc-2247-47fd-a447-8940b291a726,merchant_paymind_demo,cust_787,2026-08-13T18:41:00,12660.68,INR,netbanking,route_d,Axis,,Pune,ios,order_292,success,,2002,0
de9ebfd9-4824-4e89-9888-f50f23d3885e,merchant_paymind_demo,cust_170,2026-08-13T20:46:00,819.97,INR,netbanking,route_b,SBI,,Mumbai,ios,order_293,success,,1220,0
ced9683e-b025-482c-929a-248fa157cf3e,merchant_paymind_demo,cust_937,2026-08-13T20:55:00,18575.83,INR,wallet,route_d,Kotak,,Hyderabad,android,order_294,success,,767,0
2b18f9a6-1565-4780-8cce-3287ce9d3727,merchant_paymind_demo,cust_752,2026-08-13T08:01:00,20574.14,INR,debit_card,route_a,Yes Bank,,Chennai,web,order_295,success,,1195,0
d574f03e-b3cf-4be9-85d4-7498282931df,merchant_paymind_demo,cust_507,2026-08-07T18:35:00,21876.51,INR,netbanking,route_a,Axis,,Bengaluru,ios,order_296,success,,656,0
fa4b7a9b-2ada-4e2f-9eef-100c41900b9f,merchant_paymind_demo,cust_241,2026-08-18T15:35:00,20306.63,INR,netbanking,route_b,Yes Bank,,Hyderabad,web,order_297,success,,1736,0
b1112ae1-20d0-4023-b41b-09decfa77dbd,merchant_paymind_demo,cust_340,2026-08-15T00:30:00,3523.91,INR,wallet,route_b,ICICI,,Kolkata,android,order_298,success,,1736,0
ba6bbb69-122d-40ad-8b74-8ffa7ec641f6,merchant_paymind_demo,cust_1104,2026-08-04T19:57:00,8125.16,INR,wallet,route_c,SBI,,Hyderabad,ios,order_299,success,,2407,0
ccdb56a0-f0a5-43d4-a835-d911f45fac2c,merchant_paymind_demo,cust_843,2026-08-02T08:22:00,24812.53,INR,UPI,route_b,Yes Bank,phonepe,Delhi,android,order_300,success,,1619,0
ed6f0bd6-1fb3-4225-b609-641af7600971,merchant_paymind_demo,cust_805,2026-08-12T03:18:00,3597.18,INR,credit_card,route_c,Yes Bank,,Chennai,ios,order_301,success,,2151,0
a4a6d371-5342-4b7b-a198-4b09ae0aec05,merchant_paymind_demo,cust_191,2026-08-10T04:00:00,12914.56,INR,UPI,route_c,Yes Bank,paytm,Chennai,ios,order_302,success,,1640,0
e91b2fe5-44c4-468d-a864-d300b9ef6018,merchant_paymind_demo,cust_191,2026-08-17T15:11:00,24305.15,INR,wallet,route_c,HDFC,,Kolkata,web,order_303,failed,gateway_error,3784,0
e8664f4e-3175-40ce-a710-73c6a40774aa,merchant_paymind_demo,cust_1014,2026-08-07T02:39:00,8105.49,INR,netbanking,route_c,SBI,,Hyderabad,web,order_304,success,,834,0
50c1bcab-b076-4894-a137-fd6caa14ff92,merchant_paymind_demo,cust_704,2026-08-16T12:45:00,19068.24,INR,wallet,route_a,HDFC,,Pune,ios,order_305,success,,366,0
db1eb204-5a59-4d2b-b1c3-72e2da83362c,merchant_paymind_demo,cust_324,2026-08-11T01:00:00,11440.13,INR,UPI,route_d,ICICI,phonepe,Pune,ios,order_306,success,,951,0
6f536d63-a5ae-45d4-9fde-c7f98fa95daf,merchant_paymind_demo,cust_739,2026-08-06T16:44:00,2106.39,INR,debit_card,route_b,HDFC,,Chennai,web,order_307,success,,1551,0
96c27b4e-4f97-4e40-8f55-ec4dab7cf900,merchant_paymind_demo,cust_187,2026-08-17T00:18:00,2424.83,INR,credit_card,route_b,Axis,,Mumbai,android,order_308,success,,1226,0
742e64c4-d91a-4392-9598-cbfeabc9b925,merchant_paymind_demo,cust_20,2026-08-01T04:24:00,17405.15,INR,wallet,route_a,Axis,,Pune,android,order_309,success,,2256,0
47d15756-5ee1-4e18-b539-071ca250d92a,merchant_paymind_demo,cust_183,2026-08-17T15:05:00,20158.62,INR,UPI,route_a,SBI,paytm,Bengaluru,android,order_310,success,,1867,0
60d57f29-7610-4bbf-afda-62075515e52c,merchant_paymind_demo,cust_293,2026-08-02T13:21:00,13286.18,INR,credit_card,route_a,Kotak,,Pune,android,order_311,success,,2102,0
d749b433-860b-4d42-9bd5-78fb6eb5dbd0,merchant_paymind_demo,cust_311,2026-08-10T08:50:00,15421.1,INR,debit_card,route_d,ICICI,,Mumbai,android,order_312,success,,873,0
a272ec3b-e776-4ffb-b229-1e3c6020fca1,merchant_paymind_demo,cust_787,2026-08-08T23:59:00,24083.06,INR,UPI,route_c,ICICI,phonepe,Bengaluru,web,order_313,success,,645,0
68fc623f-fb34-4c23-84a4-e99a7d23d438,merchant_paymind_demo,cust_584,2026-08-18T17:25:00,23534.92,INR,credit_card,route_a,Yes Bank,,Bengaluru,android,order_314,success,,2420,0
49543bd2-742c-4dce-8f31-a53040e26d78,merchant_paymind_demo,cust_803,2026-08-07T17:24:00,16171.94,INR,wallet,route_b,Axis,,Chennai,android,order_315,success,,1287,0
687025db-b070-4240-9c3d-a8dbb85b5c96,merchant_paymind_demo,cust_146,2026-08-13T00:30:00,22223.68,INR,netbanking,route_a,SBI,,Bengaluru,android,order_316,success,,1884,0
41b95a0d-73ea-43ca-a094-d7cd3ccc108a,merchant_paymind_demo,cust_1119,2026-08-16T12:58:00,4360.62,INR,wallet,route_d,HDFC,,Mumbai,web,order_317,success,,576,0
2bec4cf9-aa35-4e6f-a79f-c69a0a734a8c,merchant_paymind_demo,cust_82,2026-08-02T09:01:00,23719.57,INR,UPI,route_d,Kotak,paytm,Pune,web,order_318,success,,2352,0
31ea837f-be34-4d4e-b4cd-c445503fe928,merchant_paymind_demo,cust_824,2026-08-02T21:00:00,16031.41,INR,netbanking,route_b,SBI,,Mumbai,ios,order_319,success,,623,0
eaddd4fe-5095-46c3-9380-ebe1ee1cb068,merchant_paymind_demo,cust_319,2026-08-13T04:56:00,8202.42,INR,wallet,route_a,SBI,,Pune,ios,order_320,success,,1277,0
2247b6c3-0a2c-493d-beb6-0027100ea47c,merchant_paymind_demo,cust_890,2026-08-03T15:20:00,11361.63,INR,UPI,route_a,SBI,phonepe,Mumbai,android,order_321,success,,862,0
a3a273d4-5e74-4b4f-b7f3-7cf766b2abae,merchant_paymind_demo,cust_711,2026-08-12T21:37:00,12954.71,INR,UPI,route_c,ICICI,paytm,Delhi,web,order_322,success,,1400,0
b90b42f7-af95-4a10-8920-9b44359e6850,merchant_paymind_demo,cust_61,2026-08-08T14:57:00,20187.34,INR,UPI,route_c,Kotak,gpay,Bengaluru,web,order_323,success,,615,0
f9412058-c26e-406a-aada-8121cf1ea50e,merchant_paymind_demo,cust_738,2026-08-02T06:16:00,12515.27,INR,netbanking,route_b,SBI,,Delhi,ios,order_324,success,,721,0
0e635651-727e-4df2-917e-533ea5b90134,merchant_paymind_demo,cust_237,2026-08-06T04:44:00,18532.46,INR,wallet,route_a,HDFC,,Kolkata,android,order_325,success,,1301,0
6fbab39c-8633-4d02-b742-08253711feeb,merchant_paymind_demo,cust_785,2026-08-04T09:57:00,4515.08,INR,UPI,route_a,Kotak,bhim,Delhi,ios,order_326,success,,1316,0
365cd14d-13db-4470-a9de-198b816f61d9,merchant_paymind_demo,cust_656,2026-08-07T04:08:00,20658.63,INR,netbanking,route_c,HDFC,,Hyderabad,web,order_327,success,,515,0
b436b13d-0ed5-4fd9-9fd2-04b7f477feb1,merchant_paymind_demo,cust_1057,2026-08-02T01:04:00,23854.28,INR,credit_card,route_a,Axis,,Kolkata,ios,order_328,success,,1572,0
bf7630f2-e456-48e3-af80-df18c9788cf8,merchant_paymind_demo,cust_936,2026-08-01T04:21:00,9254.54,INR,debit_card,route_c,Kotak,,Kolkata,ios,order_329,success,,1293,0
ff141a5e-672d-4774-b43e-f1be5ff942ed,merchant_paymind_demo,cust_1011,2026-08-18T13:56:00,19408.35,INR,netbanking,route_b,ICICI,,Mumbai,ios,order_330,success,,397,0
63c38f70-404e-447d-bbf4-65270ab3be77,merchant_paymind_demo,cust_20,2026-08-08T14:57:00,86.48,INR,credit_card,route_d,Yes Bank,,Pune,ios,order_331,success,,725,0
638300b8-a5a5-48d0-805b-542a67f6ca97,merchant_paymind_demo,cust_488,2026-08-10T13:16:00,12326.12,INR,credit_card,route_a,ICICI,,Pune,ios,order_332,success,,681,0
71ed1b66-1422-472a-b2b6-cdd20721f2ec,merchant_paymind_demo,cust_1065,2026-08-10T09:35:00,17536.13,INR,UPI,route_c,Axis,gpay,Hyderabad,android,order_333,success,,2370,0
73af9b0d-4542-482e-92d7-1c686cf2baad,merchant_paymind_demo,cust_808,2026-08-02T16:52:00,14817.8,INR,credit_card,route_a,Axis,,Pune,android,order_334,success,,1269,0
ef6c5b59-1f98-41c2-9f8f-e714696ca266,merchant_paymind_demo,cust_646,2026-08-19T05:21:00,9854.17,INR,debit_card,route_c,SBI,,Chennai,ios,order_335,success,,1256,0
bb508020-cb5b-4240-b4ff-a426fcfa2aec,merchant_paymind_demo,cust_279,2026-08-18T17:56:00,19265.16,INR,UPI,route_a,ICICI,gpay,Delhi,ios,order_336,success,,2208,0
6a931450-1e0b-42ad-ae29-0bdbdce89042,merchant_paymind_demo,cust_1098,2026-08-09T03:40:00,24117.64,INR,debit_card,route_b,Axis,,Bengaluru,ios,order_337,success,,1385,0
9c86c54f-eb42-439a-a9ad-7fc96e997b94,merchant_paymind_demo,cust_624,2026-08-19T19:19:00,17632.38,INR,UPI,route_a,ICICI,paytm,Delhi,android,order_338,success,,1316,0
a47b872f-36bf-4f6c-9f53-302b36db6bd5,merchant_paymind_demo,cust_101,2026-08-16T09:49:00,7506.08,INR,debit_card,route_b,HDFC,,Chennai,ios,order_339,success,,1323,0
bbfbe3c0-59db-4a9d-90ab-beeb348dde66,merchant_paymind_demo,cust_287,2026-08-03T18:19:00,348.33,INR,UPI,route_b,ICICI,phonepe,Kolkata,ios,order_340,success,,1824,0
04bcacd3-5141-46ac-96c6-19d2d69ba6b7,merchant_paymind_demo,cust_531,2026-08-19T11:52:00,1920.93,INR,UPI,route_a,ICICI,bhim,Kolkata,android,order_341,success,,676,0
41648590-3cb5-4c62-9f4c-a72e8330d38e,merchant_paymind_demo,cust_945,2026-08-02T03:39:00,4241.33,INR,debit_card,route_d,Yes Bank,,Chennai,ios,order_342,success,,420,0
6e86fa24-a0e8-4891-9070-b9389b170d12,merchant_paymind_demo,cust_354,2026-08-09T01:18:00,5407.17,INR,netbanking,route_b,SBI,,Bengaluru,ios,order_343,success,,908,0
252c47f9-05b6-4f3f-9e0e-40cb70ebc7eb,merchant_paymind_demo,cust_504,2026-08-15T17:30:00,7412.87,INR,UPI,route_d,Kotak,bhim,Mumbai,android,order_344,success,,1445,0
45d1cded-955d-4c76-ab47-df150ec874df,merchant_paymind_demo,cust_409,2026-08-15T14:58:00,22122.08,INR,netbanking,route_b,Yes Bank,,Kolkata,web,order_345,success,,379,0
0de6e6ae-fe13-47eb-8d94-4b3ed6465eca,merchant_paymind_demo,cust_736,2026-08-11T21:58:00,13635.72,INR,netbanking,route_d,SBI,,Hyderabad,web,order_346,success,,1617,0
48241983-ce70-4e2b-8438-5904de1209d1,merchant_paymind_demo,cust_54,2026-08-08T06:08:00,14948.05,INR,netbanking,route_a,SBI,,Mumbai,ios,order_347,success,,2468,0
f69f51a8-48f5-4260-9f99-770785333765,merchant_paymind_demo,cust_477,2026-08-04T15:10:00,2548.35,INR,debit_card,route_b,SBI,,Hyderabad,web,order_348,success,,529,0
730aae7f-2ba6-4adf-8d93-a1b58ae60f65,merchant_paymind_demo,cust_796,2026-08-09T01:46:00,23383.39,INR,credit_card,route_b,ICICI,,Delhi,web,order_349,success,,1602,0
5c4c04e1-5a7f-46f2-8006-f142aabbce2d,merchant_paymind_demo,cust_58,2026-08-17T00:10:00,17528.99,INR,debit_card,route_b,Kotak,,Delhi,ios,order_350,success,,1565,0
410605ac-1963-458d-9252-89e014531dc4,merchant_paymind_demo,cust_185,2026-08-02T06:40:00,5853.95,INR,credit_card,route_b,HDFC,,Hyderabad,ios,order_351,success,,302,0
473b69b5-8160-4822-9703-aaa2486b0e2c,merchant_paymind_demo,cust_413,2026-08-19T08:25:00,3305.71,INR,debit_card,route_b,SBI,,Mumbai,android,order_352,success,,905,0
cb0f8db1-51b7-4e98-9be1-642d5b82ccbe,merchant_paymind_demo,cust_291,2026-08-18T14:54:00,2817.47,INR,wallet,route_c,HDFC,,Bengaluru,web,order_353,success,,1920,0
6581c4bd-fa72-4e88-934c-05c2eb774e91,merchant_paymind_demo,cust_619,2026-08-08T08:11:00,3454.47,INR,wallet,route_b,Yes Bank,,Chennai,web,order_354,success,,2295,0
aae96ab0-da81-456b-a77b-4e12b1bea883,merchant_paymind_demo,cust_1151,2026-08-16T18:46:00,22245.53,INR,debit_card,route_c,ICICI,,Pune,web,order_355,success,,1018,0
7a28bd41-55f1-434a-8da7-19e3e6f452b2,merchant_paymind_demo,cust_604,2026-08-03T21:32:00,4483.82,INR,netbanking,route_a,Yes Bank,,Hyderabad,ios,order_356,success,,432,0
6cd10b79-9f59-4a2a-a60d-67965b8b8bfa,merchant_paymind_demo,cust_453,2026-08-15T13:19:00,14160.48,INR,credit_card,route_d,ICICI,,Bengaluru,web,order_357,success,,618,0
b4359282-0e7a-44d6-a8d6-b685d6497ed4,merchant_paymind_demo,cust_655,2026-08-04T19:41:00,15922.86,INR,credit_card,route_a,Yes Bank,,Pune,web,order_358,success,,1675,0
67cc485f-5a05-434e-9edc-a1bd3ad12a4a,merchant_paymind_demo,cust_430,2026-08-06T16:16:00,17344.74,INR,netbanking,route_c,SBI,,Kolkata,android,order_359,failed,insufficient_funds,2394,0
74b63348-1054-49b0-ad09-767d0447c417,merchant_paymind_demo,cust_860,2026-08-04T18:50:00,22119.57,INR,netbanking,route_d,Axis,,Bengaluru,web,order_360,success,,1837,0
5ea8e571-d43a-4da1-b24f-325747715c21,merchant_paymind_demo,cust_1184,2026-08-15T19:30:00,18968.18,INR,UPI,route_b,ICICI,bhim,Mumbai,android,order_361,success,,1507,0
56933686-d9e4-4f18-b97f-844e9fbc2c17,merchant_paymind_demo,cust_215,2026-08-02T16:31:00,8578.11,INR,UPI,route_d,ICICI,gpay,Hyderabad,android,order_362,success,,1684,0
13daa466-692e-4810-8945-82f853c380de,merchant_paymind_demo,cust_989,2026-08-17T00:45:00,823.28,INR,wallet,route_b,Kotak,,Chennai,android,order_363,success,,519,0
986477ba-28d1-4bbe-af8f-519087a2acc9,merchant_paymind_demo,cust_390,2026-08-10T07:31:00,17445.06,INR,UPI,route_c,Yes Bank,paytm,Bengaluru,android,order_364,success,,692,0
e55279d5-23b9-4618-b14f-1fa18f6d6148,merchant_paymind_demo,cust_1126,2026-08-20T02:40:00,12299.16,INR,UPI,route_a,SBI,gpay,Chennai,android,order_365,success,,1506,0
c47fff2b-b37a-49b8-b2b5-114be80aaf16,merchant_paymind_demo,cust_199,2026-08-01T14:03:00,5213.48,INR,wallet,route_c,HDFC,,Chennai,android,order_366,success,,1563,0
273687ca-4e2a-4db6-92a3-9d84745fb029,merchant_paymind_demo,cust_543,2026-08-03T01:46:00,16064.57,INR,netbanking,route_d,ICICI,,Bengaluru,ios,order_367,success,,1813,0
e695d09a-808c-4634-a6e1-defa2b96c1e5,merchant_paymind_demo,cust_540,2026-08-11T00:09:00,11653.2,INR,credit_card,route_b,SBI,,Hyderabad,android,order_368,success,,919,0
126d4818-45a5-41b1-ae78-65c6a4881249,merchant_paymind_demo,cust_705,2026-08-19T09:22:00,13559.15,INR,UPI,route_b,Kotak,gpay,Kolkata,ios,order_369,success,,2440,0
a84bd096-abd0-455b-8a7c-c046912aa225,merchant_paymind_demo,cust_973,2026-08-14T00:46:00,22047.26,INR,netbanking,route_d,SBI,,Mumbai,ios,order_370,success,,442,0
e728af5a-6ae3-4f3f-a4c7-d2b02b19aca1,merchant_paymind_demo,cust_1059,2026-08-19T05:09:00,14308.56,INR,wallet,route_b,HDFC,,Kolkata,ios,order_371,success,,1008,0
9a57d64c-314b-4bb7-9aa9-92dfa48902f5,merchant_paymind_demo,cust_395,2026-08-03T20:54:00,1114.76,INR,credit_card,route_a,Yes Bank,,Chennai,android,order_372,success,,905,0
2967524f-d515-4443-a612-6ecd4a1ae58d,merchant_paymind_demo,cust_138,2026-08-02T23:31:00,9733.07,INR,wallet,route_d,Kotak,,Bengaluru,ios,order_373,success,,2428,0
9c6b6824-31f9-4fdd-bd85-ee172891bbd4,merchant_paymind_demo,cust_26,2026-08-18T21:33:00,17525.28,INR,netbanking,route_d,HDFC,,Chennai,android,order_374,success,,907,0
c938a42e-8f28-4f98-b887-87402e06d43a,merchant_paymind_demo,cust_206,2026-08-03T09:41:00,14088.96,INR,wallet,route_a,SBI,,Kolkata,web,order_375,success,,1708,0
ca4670f1-c0fa-4399-a0f6-f9b8828d152d,merchant_paymind_demo,cust_995,2026-08-14T00:24:00,15243.61,INR,netbanking,route_a,ICICI,,Bengaluru,ios,order_376,success,,889,0
218b9d5c-ff78-4fd8-8e57-5eb1c74afe61,merchant_paymind_demo,cust_823,2026-08-01T21:10:00,9925.03,INR,wallet,route_c,Yes Bank,,Delhi,android,order_377,success,,2246,0
142cd2a8-ea7d-43b4-bdf5-30f2fb32b096,merchant_paymind_demo,cust_42,2026-08-08T16:31:00,20443.78,INR,debit_card,route_c,SBI,,Bengaluru,ios,order_378,success,,702,0
e2191c79-0ccf-49e1-bc76-31b5aeda7c39,merchant_paymind_demo,cust_908,2026-08-18T14:43:00,20654.29,INR,credit_card,route_c,Yes Bank,,Chennai,web,order_379,success,,665,0
c2fe18c0-5b68-4de7-ad19-865f214cbf41,merchant_paymind_demo,cust_834,2026-08-17T20:39:00,12137.29,INR,credit_card,route_c,HDFC,,Hyderabad,android,order_380,success,,568,0
aba9817a-9aeb-47e3-8217-65b25e514789,merchant_paymind_demo,cust_827,2026-08-04T02:04:00,19523.88,INR,debit_card,route_a,ICICI,,Delhi,android,order_381,success,,536,0
ebd9fe80-626a-448c-8a78-b4ee73787942,merchant_paymind_demo,cust_104,2026-08-09T04:48:00,17630.62,INR,credit_card,route_c,SBI,,Kolkata,ios,order_382,failed,gateway_error,7205,0
b4cee28b-3121-429c-bd13-0bab0cb895ea,merchant_paymind_demo,cust_496,2026-08-09T11:24:00,12245.23,INR,UPI,route_d,ICICI,bhim,Hyderabad,web,order_383,success,,1732,0
bb2d6bfa-3074-4fb8-b3d2-36ae7ea0bbd5,merchant_paymind_demo,cust_530,2026-08-18T01:01:00,20780.21,INR,debit_card,route_a,SBI,,Mumbai,ios,order_384,success,,503,0
95a930ab-ff34-4ce1-9c68-9d81e926f2a9,merchant_paymind_demo,cust_439,2026-08-20T12:05:00,5572.71,INR,credit_card,route_b,Yes Bank,,Delhi,ios,order_385,success,,1977,0
444bf4ee-3a65-4b87-b326-db1a115b4e43,merchant_paymind_demo,cust_19,2026-08-11T18:55:00,22792.31,INR,wallet,route_b,Kotak,,Kolkata,android,order_386,failed,bank_timeout,4067,0
92be16a9-7466-4644-98c3-47dca39682f0,merchant_paymind_demo,cust_626,2026-08-17T05:15:00,24177.26,INR,wallet,route_c,Axis,,Chennai,ios,order_387,success,,2180,0
2d30a0db-a9b2-427a-ae2d-1702b4a6d193,merchant_paymind_demo,cust_619,2026-08-16T09:50:00,13039.92,INR,debit_card,route_d,Kotak,,Mumbai,android,order_388,success,,2395,0
9f784f3e-351f-4801-b9bb-8d212fd763b9,merchant_paymind_demo,cust_579,2026-08-07T19:00:00,17126.11,INR,debit_card,route_d,HDFC,,Bengaluru,ios,order_389,success,,1631,0
fa28f522-9584-4d14-a49c-da45cec1dd14,merchant_paymind_demo,cust_612,2026-08-05T06:52:00,3790.74,INR,debit_card,route_b,HDFC,,Kolkata,web,order_390,success,,1955,0
6a199aa9-56c0-4b7f-8f91-b7fb63bb27c4,merchant_paymind_demo,cust_53,2026-08-15T21:56:00,12459.45,INR,debit_card,route_c,SBI,,Chennai,ios,order_391,success,,1890,0
5a4ee36e-f50d-42a0-9019-1a77878400aa,merchant_paymind_demo,cust_1172,2026-08-19T13:39:00,4788.38,INR,UPI,route_b,Yes Bank,,Pune,ios,order_392,success,,1768,0
1155b487-4ce4-4d6e-a138-47322a768b81,merchant_paymind_demo,cust_349,2026-08-20T03:06:00,16457.49,INR,wallet,route_b,SBI,,Mumbai,ios,order_393,success,,824,0
9d16fba4-1428-4aac-9a6b-b4294f042726,merchant_paymind_demo,cust_1145,2026-08-18T08:39:00,22819.99,INR,debit_card,route_c,Yes Bank,,Mumbai,android,order_394,success,,1755,0
b0f78fb0-91ca-4727-af39-5c35166c465e,merchant_paymind_demo,cust_629,2026-08-10T13:38:00,19712.86,INR,credit_card,route_c,SBI,,Bengaluru,web,order_395,success,,1504,0
8e51f4e4-4bb3-4915-95e3-3861a452eebe,merchant_paymind_demo,cust_964,2026-08-02T05:18:00,21666.51,INR,netbanking,route_a,Axis,,Delhi,web,order_396,success,,790,0
3201d05f-bde1-4eb0-972b-9f32b54a8337,merchant_paymind_demo,cust_847,2026-08-02T05:31:00,21777.69,INR,netbanking,route_b,ICICI,,Delhi,ios,order_397,success,,1976,0
ac40b91a-c19e-4b27-a065-ff2a9f77c7bb,merchant_paymind_demo,cust_938,2026-08-04T06:13:00,7943.77,INR,wallet,route_b,HDFC,,Chennai,ios,order_398,success,,1024,0
47d56c30-0b91-4af9-98dd-b0a846b759b0,merchant_paymind_demo,cust_10,2026-08-11T06:52:00,6874.52,INR,debit_card,route_b,Kotak,,Kolkata,android,order_399,success,,2305,0
878da8b8-43bc-4cc2-97f1-c2312562f6c2,merchant_paymind_demo,cust_889,2026-08-15T09:58:00,10763.77,INR,UPI,route_d,Axis,bhim,Mumbai,android,order_400,success,,2486,0
b7ab9451-06c5-4022-a872-62da5bffc899,merchant_paymind_demo,cust_29,2026-08-08T07:58:00,18933.35,INR,credit_card,route_b,HDFC,,Pune,android,order_401,success,,1319,0
3bb53962-40a3-4aac-b08f-5937c0cbbc21,merchant_paymind_demo,cust_706,2026-08-08T02:26:00,3266.82,INR,credit_card,route_d,Kotak,,Hyderabad,ios,order_402,success,,984,0
9e4b819f-92f7-4894-a99f-99ee9c756bf9,merchant_paymind_demo,cust_611,2026-08-07T14:49:00,11425.36,INR,UPI,route_c,Axis,phonepe,Bengaluru,ios,order_403,success,,1771,0
cebad580-ad98-46a6-bb88-7aff702cdc5f,merchant_paymind_demo,cust_827,2026-08-01T10:26:00,5749.04,INR,credit_card,route_b,ICICI,,Pune,android,order_404,success,,2366,0
dba23ad5-18d5-49b5-956f-b80954303ba7,merchant_paymind_demo,cust_77,2026-08-09T12:54:00,21919.78,INR,credit_card,route_c,Kotak,,Hyderabad,android,order_405,success,,496,0
ec9906a6-51e0-4e9e-8b0a-d9730a3514b6,merchant_paymind_demo,cust_41,2026-08-02T02:20:00,17259.26,INR,UPI,route_d,Axis,bhim,Mumbai,web,order_406,success,,1335,0
7eed11f4-7427-42dc-a473-ec3be77fda40,merchant_paymind_demo,cust_421,2026-08-16T19:40:00,17159.21,INR,netbanking,route_a,SBI,,Chennai,web,order_407,success,,713,0
d93e41b8-210a-451d-b8ca-8d3b3cede37c,merchant_paymind_demo,cust_281,2026-08-10T12:44:00,20774.79,INR,wallet,route_a,Kotak,,Pune,web,order_408,success,,782,0
4967e9d7-3618-46ab-8c5f-a23c40c7fc7d,merchant_paymind_demo,cust_218,2026-08-12T07:49:00,5006.23,INR,debit_card,route_b,SBI,,Kolkata,web,order_409,success,,1126,0
75ad8ece-585b-41dd-a215-f9b1440e015e,merchant_paymind_demo,cust_605,2026-08-04T15:35:00,1033.17,INR,debit_card,route_d,ICICI,,Pune,ios,order_410,success,,1654,0
0b29dabc-65a9-431f-9b99-534907e40eed,merchant_paymind_demo,cust_183,2026-08-03T12:18:00,20889.04,INR,credit_card,route_d,ICICI,,Mumbai,web,order_411,failed,insufficient_funds,7927,0
dea3f598-48d3-464d-b1c0-252f3f4f31cc,merchant_paymind_demo,cust_474,2026-08-11T09:26:00,24717.21,INR,UPI,route_c,SBI,bhim,Mumbai,android,order_412,success,,1015,0
34817f2e-4b0e-487d-957d-0cfd2e4b0c65,merchant_paymind_demo,cust_738,2026-08-19T05:46:00,16935.32,INR,UPI,route_d,Yes Bank,gpay,Mumbai,android,order_413,success,,339,0
9f8ae44c-61f8-4c76-aa07-c48d1b6c4580,merchant_paymind_demo,cust_350,2026-08-08T11:29:00,8970.31,INR,credit_card,route_d,Kotak,,Bengaluru,web,order_414,success,,680,0
cac9f3cb-be6d-4fa1-899b-781418cd00f8,merchant_paymind_demo,cust_375,2026-08-03T14:10:00,10049.4,INR,debit_card,route_d,SBI,,Kolkata,ios,order_415,success,,2258,0
ef7c83e0-9866-4696-8314-d553fcf19584,merchant_paymind_demo,cust_342,2026-08-03T13:44:00,3356.16,INR,netbanking,route_a,ICICI,,Mumbai,ios,order_416,success,,2277,0
986b43da-9a95-4b91-a0a5-3252142b9dc1,merchant_paymind_demo,cust_372,2026-08-14T21:51:00,9524.78,INR,wallet,route_c,Kotak,,Mumbai,web,order_417,success,,835,0
923ff575-badf-4a30-9419-6072ec69c6c2,merchant_paymind_demo,cust_232,2026-08-10T08:36:00,11045.16,INR,netbanking,route_a,SBI,,Pune,ios,order_418,success,,350,0
91a64aa8-3d5a-4318-80d9-e314b462a7b4,merchant_paymind_demo,cust_1181,2026-08-17T11:16:00,14147.06,INR,wallet,route_c,Kotak,,Hyderabad,web,order_419,success,,690,0
aea68acf-510c-42b5-9649-75e0a0de99dc,merchant_paymind_demo,cust_510,2026-08-11T23:11:00,8676.45,INR,netbanking,route_d,ICICI,,Kolkata,web,order_420,success,,523,0
9e7aa425-a819-4656-83ad-3df6ad4a8987,merchant_paymind_demo,cust_322,2026-08-12T12:06:00,21228.7,INR,UPI,route_d,ICICI,gpay,Kolkata,ios,order_421,success,,1613,0
5768edd9-86cb-423b-bc75-bf9504fdf20a,merchant_paymind_demo,cust_570,2026-08-02T03:29:00,12697.89,INR,credit_card,route_d,Axis,,Kolkata,android,order_422,success,,622,0
bb9f4277-6a5e-4a0c-afdf-95b564d84b94,merchant_paymind_demo,cust_1174,2026-08-11T04:43:00,2246.1,INR,netbanking,route_d,Axis,,Bengaluru,android,order_423,success,,2337,0
66ed1b8d-763a-4f98-bcd2-9ffd0e15e261,merchant_paymind_demo,cust_845,2026-08-01T19:34:00,13950.42,INR,UPI,route_a,HDFC,,Hyderabad,web,order_424,success,,1547,0
01e8a5f4-6dba-43ad-a59f-936ea6acc5a2,merchant_paymind_demo,cust_935,2026-08-08T18:09:00,9115.39,INR,wallet,route_a,ICICI,,Kolkata,ios,order_425,success,,1659,0
2783967c-4197-4d65-9e23-635f904966ed,merchant_paymind_demo,cust_969,2026-08-17T07:23:00,16446.32,INR,wallet,route_d,HDFC,,Mumbai,web,order_426,success,,1208,0
0a23fa5d-8fa7-48cb-affb-c701681eecca,merchant_paymind_demo,cust_598,2026-08-13T11:06:00,13073.53,INR,UPI,route_a,HDFC,phonepe,Chennai,android,order_427,success,,1976,0
f6a5d15f-fc4d-4b4a-93f1-89afa1382254,merchant_paymind_demo,cust_402,2026-08-05T06:25:00,3062.61,INR,UPI,route_d,ICICI,bhim,Kolkata,android,order_428,success,,1684,0
0ae1fae9-de97-421f-8368-f13414bfc91d,merchant_paymind_demo,cust_96,2026-08-15T09:50:00,20944.78,INR,UPI,route_a,Axis,bhim,Pune,web,order_429,success,,2365,0
f5ba2810-7883-47fe-b4d5-250373b7037f,merchant_paymind_demo,cust_9,2026-08-13T01:38:00,18418.54,INR,credit_card,route_d,Kotak,,Chennai,web,order_430,success,,1025,0
77e2d2aa-c281-4fbf-a650-4f9bb0807459,merchant_paymind_demo,cust_263,2026-08-03T08:33:00,9715.77,INR,wallet,route_c,Kotak,,Chennai,ios,order_431,success,,1316,0
9f3fa4d4-e93d-4834-a771-3c240879b7f8,merchant_paymind_demo,cust_703,2026-08-07T16:39:00,11348.5,INR,debit_card,route_b,ICICI,,Chennai,web,order_432,success,,2398,0
492f1041-3647-4d32-a467-6485f0e901d8,merchant_paymind_demo,cust_1122,2026-08-20T14:03:00,7882.07,INR,debit_card,route_b,ICICI,,Delhi,web,order_433,success,,1490,0
d7b69afa-707d-431a-b750-c681d295cab9,merchant_paymind_demo,cust_272,2026-08-17T03:58:00,16269.66,INR,debit_card,route_b,Kotak,,Hyderabad,web,order_434,success,,1620,0
bc80dd9d-33f0-4881-931a-7f5d0f17d1e8,merchant_paymind_demo,cust_1152,2026-08-11T22:20:00,14591.02,INR,UPI,route_d,Yes Bank,,Bengaluru,ios,order_435,success,,352,0
a0bfa9d2-06d9-44a9-a138-ed8a0798921e,merchant_paymind_demo,cust_781,2026-08-04T07:22:00,1373.97,INR,wallet,route_a,ICICI,,Bengaluru,android,order_436,success,,1473,0
075cf877-4738-44bf-a383-528353b808e1,merchant_paymind_demo,cust_128,2026-08-16T17:09:00,19619.72,INR,debit_card,route_b,Kotak,,Mumbai,ios,order_437,success,,2153,0
be194cf8-de25-40c9-bc08-e46d7284c860,merchant_paymind_demo,cust_1151,2026-08-20T16:19:00,5646.47,INR,UPI,route_d,ICICI,,Kolkata,web,order_438,success,,1478,0
a6b0b3e7-16ba-4800-beae-5f4d8a4f53eb,merchant_paymind_demo,cust_794,2026-08-10T11:30:00,23919.71,INR,UPI,route_c,Kotak,gpay,Mumbai,web,order_439,success,,1329,0
cffc3c30-9f12-4339-b5dd-d0ee5f3fdc2f,merchant_paymind_demo,cust_908,2026-08-19T21:16:00,5677.44,INR,credit_card,route_c,Kotak,,Hyderabad,web,order_440,success,,1104,0
390ba0e3-306a-475c-94fd-9c42b57446f2,merchant_paymind_demo,cust_364,2026-08-16T12:49:00,1908.0,INR,credit_card,route_b,Yes Bank,,Hyderabad,android,order_441,success,,1845,0
f3e67b34-07a7-4aba-9228-dca307b9a030,merchant_paymind_demo,cust_1140,2026-08-07T00:18:00,3295.16,INR,UPI,route_c,HDFC,paytm,Chennai,web,order_442,success,,934,0
dd3d27f4-04b4-4c23-b8a1-1e365b50837b,merchant_paymind_demo,cust_661,2026-08-14T13:58:00,1318.84,INR,UPI,route_c,Axis,,Hyderabad,ios,order_443,success,,598,0
56cb757b-a463-42bc-b999-b30fea6ac602,merchant_paymind_demo,cust_377,2026-08-12T20:19:00,1751.0,INR,debit_card,route_b,Axis,,Hyderabad,web,order_444,success,,1952,0
df7dde25-aee6-4c4c-ba45-c489c690eb16,merchant_paymind_demo,cust_437,2026-08-16T02:16:00,8330.49,INR,UPI,route_c,SBI,phonepe,Kolkata,web,order_445,success,,2472,0
ed3b5faa-b2c4-4463-a00d-98de9bea1d24,merchant_paymind_demo,cust_19,2026-08-03T14:39:00,16740.01,INR,netbanking,route_d,ICICI,,Pune,web,order_446,success,,1298,0
b9aa069d-9e46-4d59-aa6e-cecd57100a6c,merchant_paymind_demo,cust_658,2026-08-09T16:16:00,22902.51,INR,UPI,route_a,Axis,paytm,Hyderabad,web,order_447,success,,1458,0
752d2470-7f0c-4a27-a104-b2c322b07bcf,merchant_paymind_demo,cust_768,2026-08-12T16:52:00,20080.28,INR,UPI,route_d,Axis,gpay,Bengaluru,web,order_448,success,,1088,0
fbf6ff44-dc40-4d0d-a8bd-a0e368ca45f2,merchant_paymind_demo,cust_197,2026-08-04T19:25:00,24292.14,INR,debit_card,route_a,Yes Bank,,Mumbai,android,order_449,success,,1173,0
a79688a0-eebc-4991-9145-1d4cd48ff0e5,merchant_paymind_demo,cust_422,2026-08-13T05:41:00,20727.28,INR,netbanking,route_d,Yes Bank,,Kolkata,android,order_450,success,,929,0
b6cccd16-4996-46e3-b039-7188853bb770,merchant_paymind_demo,cust_680,2026-08-01T20:41:00,2233.65,INR,UPI,route_a,ICICI,paytm,Hyderabad,android,order_451,success,,1232,0
dec30dc1-b102-457e-b3cc-1fcb1863b522,merchant_paymind_demo,cust_924,2026-08-15T08:10:00,10140.98,INR,debit_card,route_c,HDFC,,Chennai,web,order_452,success,,784,0
64419aa1-12e8-418e-9fb3-fcd75f0d8938,merchant_paymind_demo,cust_130,2026-08-18T04:51:00,18661.48,INR,wallet,route_a,Yes Bank,,Kolkata,android,order_453,failed,invalid_otp,6119,0
857a4ef5-33e9-4095-9431-18664a0ebc24,merchant_paymind_demo,cust_618,2026-08-14T19:15:00,2208.31,INR,UPI,route_d,Axis,bhim,Kolkata,web,order_454,success,,426,0
1ede587f-8a0a-4ad0-ba95-3be5dc8b8ce6,merchant_paymind_demo,cust_451,2026-08-04T02:28:00,18681.51,INR,netbanking,route_c,Yes Bank,,Delhi,ios,order_455,success,,1828,0
dcf19d71-0f68-457d-bc75-44c5329e4228,merchant_paymind_demo,cust_1137,2026-08-04T05:12:00,3124.72,INR,UPI,route_a,Kotak,,Chennai,web,order_456,success,,648,0
cddddd12-262c-4d57-a0f3-e510626ddc4b,merchant_paymind_demo,cust_705,2026-08-05T19:38:00,10345.73,INR,debit_card,route_b,ICICI,,Delhi,android,order_457,success,,1335,0
ec19b481-45a1-438c-85c8-6b8b7dfcfb85,merchant_paymind_demo,cust_1162,2026-08-20T09:26:00,1406.99,INR,credit_card,route_d,Yes Bank,,Hyderabad,android,order_458,success,,1490,0
80316c45-6b83-4ea2-b1dc-69836a11aa6e,merchant_paymind_demo,cust_405,2026-08-17T12:16:00,14535.86,INR,UPI,route_c,SBI,phonepe,Pune,web,order_459,success,,1260,0
ccfea209-3803-41cf-bedc-8c92abc4ea0d,merchant_paymind_demo,cust_143,2026-08-05T09:40:00,7978.76,INR,UPI,route_d,SBI,,Pune,ios,order_460,success,,924,0
f84b0a88-c54c-4691-8237-a229b8164eba,merchant_paymind_demo,cust_648,2026-08-10T17:54:00,4257.56,INR,wallet,route_c,ICICI,,Kolkata,android,order_461,success,,2086,0
09125118-1818-4c36-812c-4252bb7a79b4,merchant_paymind_demo,cust_276,2026-08-16T11:08:00,18337.67,INR,debit_card,route_d,Axis,,Chennai,ios,order_462,success,,1551,0
40c083e6-9dbd-4a3a-9b4a-33c8da76e5dd,merchant_paymind_demo,cust_360,2026-08-15T16:33:00,15185.36,INR,netbanking,route_c,ICICI,,Hyderabad,android,order_463,success,,1378,0
e8649213-7028-4914-a609-30d2be47bb84,merchant_paymind_demo,cust_39,2026-08-20T07:59:00,12704.1,INR,UPI,route_a,Kotak,,Chennai,web,order_464,success,,1171,0
d434c69b-4da5-4ec2-bbbe-6cd75e9ef069,merchant_paymind_demo,cust_1114,2026-08-13T06:44:00,11828.99,INR,UPI,route_b,SBI,bhim,Delhi,web,order_465,success,,1491,0
7305ec2e-54b7-4820-8cb5-98c21c5de67a,merchant_paymind_demo,cust_1046,2026-08-03T01:27:00,9949.79,INR,credit_card,route_a,Yes Bank,,Delhi,web,order_466,success,,979,0
50bcc30d-82ba-40de-9ce7-4420234a7bcd,merchant_paymind_demo,cust_327,2026-08-05T01:50:00,14180.61,INR,wallet,route_b,Yes Bank,,Pune,ios,order_467,success,,1769,0
8b5a2489-010c-4b67-9169-e98a3b4254a9,merchant_paymind_demo,cust_999,2026-08-06T06:33:00,1618.39,INR,UPI,route_c,ICICI,gpay,Pune,android,order_468,success,,2421,0
650e6133-8a97-4fdc-bd57-f0073d977fae,merchant_paymind_demo,cust_932,2026-08-02T01:21:00,1045.62,INR,debit_card,route_c,HDFC,,Pune,web,order_469,success,,1420,0
ca77ec46-d030-47ae-ad02-70d19ca6c443,merchant_paymind_demo,cust_1168,2026-08-04T22:56:00,9447.66,INR,debit_card,route_d,SBI,,Hyderabad,web,order_470,success,,618,0
9c311b99-dc30-4fcd-9021-f0e36ed8859e,merchant_paymind_demo,cust_457,2026-08-12T18:00:00,10175.76,INR,wallet,route_c,Axis,,Kolkata,ios,order_471,success,,327,0
a1d00497-02bd-4d0b-abfb-93b02701df1f,merchant_paymind_demo,cust_901,2026-08-04T18:26:00,5788.27,INR,wallet,route_c,ICICI,,Delhi,android,order_472,success,,944,0
b4c04923-0eb2-4ca6-bb69-f7af4eacb47e,merchant_paymind_demo,cust_243,2026-08-16T01:03:00,5797.14,INR,debit_card,route_c,Yes Bank,,Mumbai,ios,order_473,success,,2261,0
f2b9824c-b2e8-4612-a00d-153f16410d02,merchant_paymind_demo,cust_331,2026-08-15T17:29:00,20842.46,INR,netbanking,route_a,ICICI,,Mumbai,android,order_474,success,,959,0
6adbb6b2-2f42-4b7f-8adf-ab11099bb9ea,merchant_paymind_demo,cust_81,2026-08-14T00:32:00,3714.28,INR,credit_card,route_b,SBI,,Delhi,web,order_475,success,,1960,0
4fec5084-907e-41ca-ad41-9fc10053b85e,merchant_paymind_demo,cust_39,2026-08-20T23:46:00,18002.71,INR,wallet,route_c,HDFC,,Delhi,ios,order_476,success,,2230,0
74a00890-db0a-4fa6-b5f9-aaf9f161e569,merchant_paymind_demo,cust_842,2026-08-14T16:08:00,3610.67,INR,netbanking,route_b,Kotak,,Pune,web,order_477,success,,1383,0
acec99df-87b1-4218-9f2c-5a6adf85cfab,merchant_paymind_demo,cust_702,2026-08-11T07:39:00,14933.51,INR,credit_card,route_a,ICICI,,Chennai,ios,order_478,success,,841,0
097f4e2a-3a16-4371-8c19-2fcace5d86ab,merchant_paymind_demo,cust_1071,2026-08-20T13:27:00,22738.01,INR,UPI,route_d,ICICI,,Mumbai,android,order_479,failed,gateway_error,7036,0
25006fd3-a707-401f-90fa-5c1b50eb6e50,merchant_paymind_demo,cust_1089,2026-08-12T10:53:00,18821.96,INR,wallet,route_a,Axis,,Pune,android,order_480,failed,insufficient_funds,8347,0
b7c4ddd6-d97f-44c4-935c-27cab62fb5ef,merchant_paymind_demo,cust_759,2026-08-20T21:46:00,1133.79,INR,netbanking,route_d,ICICI,,Kolkata,ios,order_481,success,,1861,0
e85183f8-c9f5-4fb3-9480-848f29cfd0c8,merchant_paymind_demo,cust_1180,2026-08-03T05:21:00,10665.96,INR,debit_card,route_c,Axis,,Kolkata,android,order_482,success,,643,0
9155a1c9-72fe-4565-a174-16726532dbc7,merchant_paymind_demo,cust_1114,2026-08-10T07:10:00,6482.23,INR,debit_card,route_a,Yes Bank,,Pune,android,order_483,success,,2440,0
58cbd57b-45ee-4711-b425-9e3c45bbac12,merchant_paymind_demo,cust_769,2026-08-15T21:28:00,5175.2,INR,UPI,route_c,Axis,paytm,Mumbai,android,order_484,success,,2045,0
f7452190-b080-4607-86ab-8187e00bf493,merchant_paymind_demo,cust_1098,2026-08-10T15:19:00,14138.52,INR,wallet,route_c,Yes Bank,,Chennai,android,order_485,success,,1992,0
c3d7fc0a-f506-43ba-ad1d-fb8261249783,merchant_paymind_demo,cust_989,2026-08-05T01:36:00,9286.81,INR,wallet,route_d,SBI,,Bengaluru,web,order_486,success,,1710,0
31bfd0ec-facb-449d-9476-895a60dd9f9a,merchant_paymind_demo,cust_244,2026-08-18T00:24:00,5782.79,INR,netbanking,route_b,HDFC,,Delhi,web,order_487,success,,1940,0
0bf3d293-a813-4303-9784-08c97c84a82c,merchant_paymind_demo,cust_107,2026-08-04T15:47:00,9758.14,INR,debit_card,route_a,HDFC,,Kolkata,android,order_488,success,,2231,0
4e30a084-2316-495f-b814-efdfcb21585c,merchant_paymind_demo,cust_132,2026-08-06T23:40:00,5583.17,INR,wallet,route_a,Kotak,,Mumbai,web,order_489,success,,1874,0
8d118d4a-6ac2-4ace-a5e0-45d79182b108,merchant_paymind_demo,cust_1068,2026-08-07T12:27:00,17804.57,INR,netbanking,route_a,ICICI,,Pune,ios,order_490,success,,2098,0
887b29e7-828c-44c8-be4d-5a0668af6389,merchant_paymind_demo,cust_1062,2026-08-07T12:11:00,4908.93,INR,UPI,route_b,Kotak,phonepe,Pune,android,order_491,success,,1773,0
37c6bbfe-b433-4242-a25c-43f9fc0edddd,merchant_paymind_demo,cust_323,2026-08-02T23:25:00,24920.59,INR,credit_card,route_d,SBI,,Pune,ios,order_492,success,,1960,0
cbab214c-cb46-4521-9c33-2542c660dc5f,merchant_paymind_demo,cust_32,2026-08-17T18:27:00,17605.37,INR,wallet,route_a,Kotak,,Bengaluru,web,order_493,success,,1725,0
7cb0e97d-d378-45d7-ae75-1975f03d7c7f,merchant_paymind_demo,cust_567,2026-08-06T03:35:00,15178.77,INR,debit_card,route_b,Axis,,Chennai,web,order_494,success,,319,0
ff3e1db8-46ed-4eae-a344-f64911d92c80,merchant_paymind_demo,cust_1037,2026-08-03T10:08:00,13987.84,INR,debit_card,route_c,SBI,,Mumbai,web,order_495,success,,1355,0
35102b99-ed40-4942-b015-fe86304444f2,merchant_paymind_demo,cust_1178,2026-08-06T16:36:00,17370.09,INR,wallet,route_d,Kotak,,Chennai,android,order_496,success,,1691,0
828a93ab-16e4-40aa-be3a-fc424b1d359b,merchant_paymind_demo,cust_57,2026-08-11T23:13:00,2950.89,INR,netbanking,route_a,Axis,,Pune,android,order_497,success,,1241,0
ea8674d7-b730-4655-982e-91677ffcc679,merchant_paymind_demo,cust_724,2026-08-12T18:04:00,13414.52,INR,debit_card,route_c,ICICI,,Bengaluru,android,order_498,success,,1934,0
ded58b78-72f4-4201-8e90-ab726a8663d3,merchant_paymind_demo,cust_366,2026-08-11T20:15:00,7881.13,INR,debit_card,route_b,Kotak,,Bengaluru,android,order_499,success,,1078,0
4e38a310-f6fa-4c6e-8a36-81ac41444cbe,merchant_paymind_demo,cust_481,2026-08-17T17:38:00,6089.31,INR,netbanking,route_c,ICICI,,Delhi,android,order_500,success,,1322,0
e058c46b-e409-422d-bd7c-5171778f3d99,merchant_paymind_demo,cust_219,2026-08-03T17:28:00,23008.69,INR,wallet,route_d,Kotak,,Mumbai,web,order_501,success,,473,0
6c2ceb61-2d95-45a2-a0f9-e713d7636215,merchant_paymind_demo,cust_646,2026-08-12T04:53:00,22458.12,INR,netbanking,route_c,Axis,,Delhi,web,order_502,success,,1447,0
a0bac276-f931-4dd2-9d56-b171274739de,merchant_paymind_demo,cust_1182,2026-08-03T22:02:00,1401.0,INR,netbanking,route_d,Axis,,Hyderabad,android,order_503,success,,2358,0
89115d87-6b81-4ead-8df9-c8950c213790,merchant_paymind_demo,cust_358,2026-08-11T09:41:00,24413.85,INR,debit_card,route_d,SBI,,Pune,android,order_504,success,,348,0
df716678-903d-4578-ac0b-891171167b58,merchant_paymind_demo,cust_207,2026-08-08T09:43:00,9071.98,INR,credit_card,route_c,ICICI,,Hyderabad,ios,order_505,success,,1271,0
18afd202-7eb3-415f-ba33-09ae1c68a188,merchant_paymind_demo,cust_703,2026-08-09T07:50:00,4638.65,INR,debit_card,route_d,ICICI,,Chennai,web,order_506,success,,1824,0
348afd22-dd17-47cc-9fa8-9ba3f1915201,merchant_paymind_demo,cust_573,2026-08-11T06:09:00,4538.24,INR,debit_card,route_b,Kotak,,Pune,android,order_507,success,,709,0
e4a6c0af-ee68-4f29-85b9-c1eb2a609273,merchant_paymind_demo,cust_1138,2026-08-10T20:02:00,21414.9,INR,debit_card,route_b,ICICI,,Kolkata,web,order_508,success,,912,0
6f6efc79-1489-453a-9814-0867daf3ab2f,merchant_paymind_demo,cust_362,2026-08-10T14:12:00,12514.97,INR,netbanking,route_c,Axis,,Bengaluru,ios,order_509,success,,495,0
88105f1f-0a45-48e7-8f6f-71c94e309705,merchant_paymind_demo,cust_335,2026-08-02T08:47:00,5425.91,INR,netbanking,route_c,Axis,,Kolkata,web,order_510,success,,694,0
99a7364b-15a0-45a3-81ac-08ec32212ec3,merchant_paymind_demo,cust_533,2026-08-09T05:08:00,9039.65,INR,netbanking,route_c,SBI,,Mumbai,ios,order_511,success,,796,0
82be6ac4-f61c-4275-ad87-7b7a74949fbf,merchant_paymind_demo,cust_408,2026-08-14T03:02:00,14418.57,INR,debit_card,route_b,SBI,,Bengaluru,ios,order_512,success,,2390,0
40fbbd75-f671-48b3-ba9a-08a281ffd704,merchant_paymind_demo,cust_916,2026-08-02T18:49:00,9557.72,INR,netbanking,route_c,Axis,,Pune,android,order_513,success,,986,0
68c95a6a-06af-4f5c-99ec-03c6b414475a,merchant_paymind_demo,cust_1171,2026-08-10T05:03:00,21230.07,INR,debit_card,route_a,HDFC,,Delhi,ios,order_514,success,,1234,0
54064b9f-8c9c-446b-9b82-58ef43248ea3,merchant_paymind_demo,cust_597,2026-08-17T03:59:00,6723.44,INR,debit_card,route_d,SBI,,Chennai,ios,order_515,success,,2433,0
4035e26c-8d28-410e-9a74-aca247c55828,merchant_paymind_demo,cust_377,2026-08-20T10:30:00,626.37,INR,netbanking,route_b,Yes Bank,,Bengaluru,web,order_516,success,,627,0
ad354e8e-d549-418f-a321-b340859e7e5a,merchant_paymind_demo,cust_211,2026-08-03T04:11:00,1641.62,INR,credit_card,route_d,Kotak,,Mumbai,android,order_517,success,,1926,0
7542e8cf-dcc0-4ac1-8f54-f5a5aa2c918a,merchant_paymind_demo,cust_171,2026-08-03T08:45:00,6598.18,INR,wallet,route_b,HDFC,,Pune,ios,order_518,success,,1567,0
6c32edfc-5446-4d58-88a6-0126273890e8,merchant_paymind_demo,cust_582,2026-08-11T02:01:00,15680.69,INR,credit_card,route_b,Kotak,,Kolkata,android,order_519,success,,417,0
18dd4399-94c1-4e8d-8a71-928649307a16,merchant_paymind_demo,cust_667,2026-08-20T15:59:00,11930.06,INR,UPI,route_c,Kotak,bhim,Delhi,web,order_520,success,,1025,0
4e553889-f821-46ce-bbfc-86bbdf804bff,merchant_paymind_demo,cust_1156,2026-08-10T21:33:00,13110.32,INR,wallet,route_c,SBI,,Chennai,web,order_521,success,,1230,0
e016ff2b-9a32-45d7-8fda-2cb5ff49aea8,merchant_paymind_demo,cust_750,2026-08-10T09:07:00,6532.19,INR,UPI,route_c,HDFC,gpay,Hyderabad,android,order_522,success,,1708,0
d9b93e93-2205-4bbe-9bb1-69674e4bb894,merchant_paymind_demo,cust_18,2026-08-16T15:36:00,23056.11,INR,debit_card,route_d,SBI,,Mumbai,ios,order_523,success,,1499,0
c12e23a7-c811-47bf-8d66-d69d2c60a333,merchant_paymind_demo,cust_15,2026-08-13T11:23:00,9372.41,INR,wallet,route_d,Kotak,,Chennai,ios,order_524,success,,1323,0
96a8af5b-abe2-4313-83fd-550e1649f2c9,merchant_paymind_demo,cust_799,2026-08-19T20:25:00,9490.03,INR,credit_card,route_c,HDFC,,Chennai,web,order_525,success,,1281,0
ceca73c8-538f-4d10-a659-bb2a0606d115,merchant_paymind_demo,cust_557,2026-08-07T11:28:00,16229.0,INR,wallet,route_c,Axis,,Delhi,android,order_526,success,,1047,0
210866f5-dbc0-4664-95db-b286d6038b21,merchant_paymind_demo,cust_933,2026-08-15T01:21:00,11346.54,INR,credit_card,route_d,ICICI,,Bengaluru,android,order_527,success,,923,0
b449b2a5-f5dd-4865-a9be-c7892ae55af7,merchant_paymind_demo,cust_46,2026-08-05T05:32:00,24309.7,INR,UPI,route_c,SBI,phonepe,Pune,ios,order_528,success,,333,0
0dd100db-99d7-4a4b-8810-034c2187244f,merchant_paymind_demo,cust_31,2026-08-12T05:33:00,5468.84,INR,credit_card,route_d,SBI,,Kolkata,ios,order_529,success,,1821,0
94fc7f50-0d59-4c32-8ff6-f2018f3dcf59,merchant_paymind_demo,cust_65,2026-08-08T12:21:00,2051.57,INR,netbanking,route_b,HDFC,,Bengaluru,ios,order_530,success,,592,0
29828af2-557f-4947-a06e-9ba525be680a,merchant_paymind_demo,cust_394,2026-08-20T03:35:00,6289.48,INR,wallet,route_d,HDFC,,Mumbai,web,order_531,success,,1319,0
d8066d4f-3013-41b6-b3ee-a9df5618a00c,merchant_paymind_demo,cust_908,2026-08-06T14:59:00,18453.59,INR,netbanking,route_a,ICICI,,Chennai,web,order_532,success,,684,0
e1bf801b-6749-4bad-bf02-f0bbfbe3711e,merchant_paymind_demo,cust_427,2026-08-11T18:13:00,9758.62,INR,wallet,route_c,SBI,,Delhi,web,order_533,success,,472,0
2cdfc5f8-56e6-4e96-8796-1c267f1e041e,merchant_paymind_demo,cust_519,2026-08-11T22:48:00,15981.07,INR,wallet,route_b,SBI,,Mumbai,web,order_534,success,,1192,0
2014e8c8-26e4-43da-86a5-0829f51e2f48,merchant_paymind_demo,cust_890,2026-08-08T09:13:00,425.94,INR,UPI,route_c,Kotak,gpay,Chennai,android,order_535,success,,336,0
d098e700-c8f0-419c-a678-5ea9420c4e8b,merchant_paymind_demo,cust_974,2026-08-16T15:57:00,14925.5,INR,UPI,route_c,HDFC,phonepe,Delhi,ios,order_536,success,,674,0
343eeac1-fb4d-4ce3-842c-328bc1392e5f,merchant_paymind_demo,cust_123,2026-08-02T08:38:00,8920.17,INR,wallet,route_b,Yes Bank,,Hyderabad,android,order_537,success,,815,0
7841b3ca-9984-4a2d-a5e3-49232836fa4c,merchant_paymind_demo,cust_1144,2026-08-18T22:39:00,16133.92,INR,netbanking,route_c,Axis,,Pune,android,order_538,success,,387,0
4ad1802f-ed30-42e0-bc09-16ed97ca046f,merchant_paymind_demo,cust_276,2026-08-06T16:54:00,22471.64,INR,netbanking,route_d,Yes Bank,,Chennai,web,order_539,success,,1507,0
d7922a52-2ae7-4d70-8fd4-300a617dd6f7,merchant_paymind_demo,cust_389,2026-08-13T21:29:00,4706.34,INR,wallet,route_c,SBI,,Pune,ios,order_540,success,,1427,0
5452c56b-f949-4c9b-95ff-af56e877fc9d,merchant_paymind_demo,cust_1136,2026-08-04T15:34:00,1768.47,INR,wallet,route_b,Axis,,Bengaluru,ios,order_541,success,,1803,0
dc7bf868-df63-45ae-8e2e-4ea45e15c498,merchant_paymind_demo,cust_1037,2026-08-09T15:00:00,18354.76,INR,netbanking,route_a,Kotak,,Kolkata,ios,order_542,failed,bank_timeout,4627,0
e796a8bf-95e3-4c7a-91e3-cefffe7cbff9,merchant_paymind_demo,cust_1104,2026-08-19T15:18:00,9717.9,INR,UPI,route_d,Kotak,phonepe,Hyderabad,ios,order_543,success,,1621,0
b1c0973b-4c39-42a3-8f27-dd61ea490d72,merchant_paymind_demo,cust_227,2026-08-03T04:34:00,13103.85,INR,netbanking,route_a,HDFC,,Kolkata,android,order_544,success,,1031,0
c4872ee3-df47-498c-99cd-76173af2b7a2,merchant_paymind_demo,cust_995,2026-08-05T08:38:00,2513.9,INR,UPI,route_d,Yes Bank,bhim,Hyderabad,web,order_545,success,,1348,0
62438df3-5539-4d9c-8cbd-bb46b93dcdad,merchant_paymind_demo,cust_146,2026-08-01T07:08:00,23258.77,INR,UPI,route_b,Yes Bank,bhim,Kolkata,android,order_546,success,,2217,0
da3b72f1-78f1-4391-a63b-1b75d7485d4d,merchant_paymind_demo,cust_852,2026-08-19T16:56:00,9258.26,INR,UPI,route_a,Kotak,paytm,Hyderabad,android,order_547,success,,588,0
a522049a-844e-498f-bb26-d58af509dd90,merchant_paymind_demo,cust_443,2026-08-12T19:42:00,2473.13,INR,debit_card,route_b,Kotak,,Chennai,android,order_548,success,,1091,0
f46b19db-53f4-4b35-ae64-27c9453234f3,merchant_paymind_demo,cust_1168,2026-08-15T05:30:00,23690.21,INR,wallet,route_d,Yes Bank,,Mumbai,web,order_549,success,,1766,0
3577edf8-8078-4789-a7ae-d09953271766,merchant_paymind_demo,cust_875,2026-08-03T08:51:00,4211.89,INR,netbanking,route_b,Kotak,,Chennai,web,order_550,success,,1682,0
bf2984e7-5097-414c-b5e5-6d6758bcab6a,merchant_paymind_demo,cust_908,2026-08-09T00:24:00,22567.0,INR,credit_card,route_c,SBI,,Chennai,web,order_551,success,,2063,0
c7e38f00-287e-4ed6-96b2-bf16bad8a100,merchant_paymind_demo,cust_1154,2026-08-13T09:59:00,5387.51,INR,debit_card,route_c,SBI,,Chennai,ios,order_552,success,,1926,0
5f67f5fb-a69e-42bc-84af-80e0ff2003ce,merchant_paymind_demo,cust_583,2026-08-14T13:21:00,456.75,INR,UPI,route_b,SBI,gpay,Bengaluru,android,order_553,success,,1179,0
3d096bd0-ff70-4052-bcf5-5b8d43a4e2d6,merchant_paymind_demo,cust_566,2026-08-13T14:22:00,12806.22,INR,debit_card,route_b,HDFC,,Mumbai,ios,order_554,failed,invalid_otp,3278,0
619ff7dc-05ea-4aa0-b053-b9d735f77ee2,merchant_paymind_demo,cust_1193,2026-08-06T16:27:00,5863.2,INR,credit_card,route_c,HDFC,,Hyderabad,ios,order_555,success,,1190,0
e8653d33-9982-4bdd-97ca-0edae443a7c8,merchant_paymind_demo,cust_989,2026-08-04T22:25:00,12232.5,INR,UPI,route_a,Kotak,paytm,Mumbai,web,order_556,success,,1862,0
17ca0fbf-6a85-4a36-9b08-8025b443a3cc,merchant_paymind_demo,cust_685,2026-08-08T22:00:00,22000.82,INR,UPI,route_d,Axis,gpay,Kolkata,android,order_557,success,,346,0
5d691e41-2a8c-4760-a10e-9fa6287709bb,merchant_paymind_demo,cust_1074,2026-08-01T22:29:00,8016.95,INR,netbanking,route_b,SBI,,Hyderabad,web,order_558,success,,1204,0
73f3ce83-07bc-40a2-a894-e81f0c03c830,merchant_paymind_demo,cust_805,2026-08-11T03:21:00,18833.36,INR,credit_card,route_a,ICICI,,Chennai,ios,order_559,success,,1915,0
c3802f71-1b13-442d-98e2-9b61d1cb5573,merchant_paymind_demo,cust_170,2026-08-11T19:52:00,14307.44,INR,credit_card,route_a,Kotak,,Chennai,ios,order_560,success,,648,0
af8699c1-7de9-4b70-8ef6-40ab6bacfc3e,merchant_paymind_demo,cust_268,2026-08-18T08:10:00,3415.03,INR,netbanking,route_b,Axis,,Chennai,web,order_561,success,,1103,0
453f3d00-7a30-4185-910c-4b0652ad3ed6,merchant_paymind_demo,cust_1074,2026-08-06T14:28:00,6095.76,INR,wallet,route_c,Axis,,Bengaluru,web,order_562,success,,666,0
3ce70b7b-7f2d-4fc6-9e5e-6ea1466a0fc5,merchant_paymind_demo,cust_868,2026-08-09T07:29:00,8740.28,INR,UPI,route_c,SBI,,Pune,android,order_563,success,,1548,0
203ed594-6ccf-4333-a750-0f37964d0a26,merchant_paymind_demo,cust_906,2026-08-15T04:20:00,3688.17,INR,credit_card,route_a,ICICI,,Delhi,web,order_564,success,,1831,0
9621b0c9-6053-4c0a-8024-f0b20fe3c794,merchant_paymind_demo,cust_176,2026-08-03T13:22:00,18502.56,INR,credit_card,route_b,Kotak,,Delhi,ios,order_565,success,,356,0
a6083c8c-ab9d-4e0f-a17c-6a931a744004,merchant_paymind_demo,cust_228,2026-08-07T22:38:00,11279.04,INR,debit_card,route_a,SBI,,Delhi,web,order_566,success,,1167,0
3f2c50a8-4113-42b7-9b7d-71d26d0ea3f5,merchant_paymind_demo,cust_530,2026-08-13T11:43:00,12101.51,INR,credit_card,route_b,Yes Bank,,Pune,web,order_567,success,,375,0
52928d8e-0c57-41a3-a330-dc2fccab0a9a,merchant_paymind_demo,cust_1079,2026-08-01T23:44:00,6423.64,INR,netbanking,route_a,SBI,,Delhi,web,order_568,success,,1411,0
f09942bc-150b-4ad6-9cae-1891e65a0b46,merchant_paymind_demo,cust_18,2026-08-02T12:22:00,9746.7,INR,UPI,route_c,Yes Bank,paytm,Kolkata,android,order_569,success,,378,0
be0469d3-0989-460a-a0f5-e5153fe1e599,merchant_paymind_demo,cust_792,2026-08-06T06:14:00,24495.83,INR,debit_card,route_a,SBI,,Chennai,web,order_570,success,,2477,0
1f68711f-30df-4f26-a684-5a04bd076214,merchant_paymind_demo,cust_1026,2026-08-11T10:07:00,14039.15,INR,UPI,route_a,HDFC,phonepe,Hyderabad,ios,order_571,success,,1666,0
f49b02f8-b46f-4df5-87a5-ee22518247f8,merchant_paymind_demo,cust_322,2026-08-01T10:02:00,8702.16,INR,netbanking,route_c,SBI,,Pune,ios,order_572,success,,1267,0
36ad2838-1957-4f50-887a-5afd0cf35efe,merchant_paymind_demo,cust_127,2026-08-15T05:45:00,6479.1,INR,wallet,route_d,HDFC,,Hyderabad,ios,order_573,success,,1223,0
53ebfc78-9e1f-463c-9fc6-1a3eb17b7067,merchant_paymind_demo,cust_805,2026-08-15T22:46:00,3474.65,INR,credit_card,route_d,Kotak,,Pune,web,order_574,success,,1231,0
a3ece3fb-cb07-4a95-aad4-6d99416d3c57,merchant_paymind_demo,cust_313,2026-08-10T16:54:00,24264.9,INR,netbanking,route_c,Axis,,Hyderabad,android,order_575,success,,1146,0
da15b1cd-cbc1-48ae-a70a-d2c2e4c491d7,merchant_paymind_demo,cust_415,2026-08-20T15:05:00,3495.84,INR,credit_card,route_b,Axis,,Kolkata,android,order_576,success,,947,0
57cb3161-9987-4723-80a0-faf9e6b16fec,merchant_paymind_demo,cust_1092,2026-08-17T08:54:00,3003.76,INR,debit_card,route_c,ICICI,,Pune,android,order_577,success,,1605,0
b4796cd9-cf7c-43b1-a2df-b8df5a1e5eef,merchant_paymind_demo,cust_622,2026-08-11T01:56:00,18652.96,INR,netbanking,route_c,ICICI,,Kolkata,android,order_578,success,,737,0
10d42ff1-5ac1-48f7-bf62-51b2629ddc32,merchant_paymind_demo,cust_547,2026-08-14T18:44:00,14197.73,INR,credit_card,route_b,Kotak,,Delhi,android,order_579,success,,406,0
67a8154d-e527-4786-af62-e4cf220bd390,merchant_paymind_demo,cust_977,2026-08-04T01:13:00,12583.0,INR,debit_card,route_d,Yes Bank,,Pune,ios,order_580,success,,1053,0
06696183-59e3-4bd9-8ad4-afe62a0ad491,merchant_paymind_demo,cust_282,2026-08-04T17:26:00,4871.83,INR,netbanking,route_a,Axis,,Kolkata,android,order_581,success,,1405,0
2a87d007-7ff1-4fc4-9ec2-a02f5899b322,merchant_paymind_demo,cust_416,2026-08-18T05:50:00,5153.82,INR,netbanking,route_b,Axis,,Kolkata,web,order_582,success,,2306,0
00f934b2-245e-4326-b365-256aa29c1bec,merchant_paymind_demo,cust_506,2026-08-10T17:30:00,10151.43,INR,debit_card,route_a,Kotak,,Pune,ios,order_583,success,,1581,0
f1e6fcad-57f2-4a78-b36d-d129111d3ad0,merchant_paymind_demo,cust_1172,2026-08-14T12:17:00,13427.18,INR,netbanking,route_a,Kotak,,Mumbai,ios,order_584,success,,2171,0
e3ac9fac-b84e-45eb-91b1-ec1dab0282f7,merchant_paymind_demo,cust_504,2026-08-12T19:16:00,13469.84,INR,UPI,route_a,Kotak,bhim,Hyderabad,web,order_585,success,,501,0
d01e11c0-6fc8-437b-b3fa-a624da13c4e1,merchant_paymind_demo,cust_816,2026-08-07T22:19:00,19353.24,INR,credit_card,route_c,Axis,,Delhi,ios,order_586,success,,1505,0
1ee7b439-be65-452f-a3f9-75e9b03c9f4b,merchant_paymind_demo,cust_1059,2026-08-04T05:40:00,11616.29,INR,wallet,route_d,HDFC,,Pune,web,order_587,success,,763,0
50d3ca9c-5682-4cf6-b814-1eb925124522,merchant_paymind_demo,cust_1120,2026-08-04T01:53:00,9857.01,INR,credit_card,route_c,Axis,,Mumbai,android,order_588,success,,2158,0
0385bb34-9fb1-4743-b016-9364babdc8c6,merchant_paymind_demo,cust_414,2026-08-11T08:19:00,2299.98,INR,wallet,route_c,Yes Bank,,Pune,web,order_589,success,,971,0
ef6d740f-d56a-45a6-80de-b85ce0d627c4,merchant_paymind_demo,cust_921,2026-08-15T10:17:00,9105.44,INR,UPI,route_d,Yes Bank,,Hyderabad,android,order_590,success,,1851,0
2c63942e-e091-45a6-bf50-00bcbcfc0621,merchant_paymind_demo,cust_350,2026-08-08T15:03:00,14159.01,INR,wallet,route_b,ICICI,,Kolkata,android,order_591,success,,1032,0
061253d8-14df-407d-a6d2-6a9857caa573,merchant_paymind_demo,cust_634,2026-08-17T14:45:00,19227.33,INR,UPI,route_d,SBI,phonepe,Mumbai,android,order_592,success,,1130,0
ef6c45f5-3b4d-4b88-8714-94a3ce2069eb,merchant_paymind_demo,cust_519,2026-08-01T06:40:00,11493.13,INR,UPI,route_d,Kotak,gpay,Hyderabad,ios,order_593,success,,1274,0
8c554b05-4da0-479e-9026-879a3a26507a,merchant_paymind_demo,cust_975,2026-08-11T07:48:00,10283.28,INR,credit_card,route_a,Kotak,,Hyderabad,android,order_594,success,,1302,0
6ace24d6-6659-4ca6-ada9-73c0ec9727b3,merchant_paymind_demo,cust_1142,2026-08-19T15:53:00,20640.05,INR,wallet,route_a,ICICI,,Delhi,android,order_595,success,,1729,0
2848fb5c-a356-4c55-ac36-2b5685ee8558,merchant_paymind_demo,cust_67,2026-08-16T04:16:00,14473.41,INR,UPI,route_c,SBI,gpay,Mumbai,android,order_596,success,,2007,0
c978629c-e18c-47d9-969a-c24bf20d9c7c,merchant_paymind_demo,cust_583,2026-08-14T21:44:00,16540.07,INR,credit_card,route_b,Axis,,Pune,web,order_597,success,,1775,0
a6141317-cc20-49c9-8f45-6696e9ef4a41,merchant_paymind_demo,cust_613,2026-08-08T08:18:00,9245.81,INR,UPI,route_d,HDFC,bhim,Kolkata,web,order_598,success,,565,0
90fcabf2-dea7-4745-a1e5-5eb90f2a55b1,merchant_paymind_demo,cust_250,2026-08-16T19:21:00,21492.23,INR,debit_card,route_c,Kotak,,Chennai,web,order_599,success,,1159,0
4af54f83-f4a0-4bc0-b403-1664a95ae326,merchant_paymind_demo,cust_224,2026-08-14T00:02:00,18256.73,INR,credit_card,route_a,Axis,,Pune,web,order_600,success,,1476,0
9aedd8ba-5f5a-4bf2-9177-b49c3144f8d5,merchant_paymind_demo,cust_649,2026-08-06T21:48:00,13158.51,INR,netbanking,route_c,ICICI,,Hyderabad,web,order_601,success,,2333,0
6eca3b5d-8409-49b4-ade7-305a8b0fd88a,merchant_paymind_demo,cust_1020,2026-08-12T04:58:00,20209.11,INR,wallet,route_b,Yes Bank,,Bengaluru,android,order_602,success,,306,0
2bb7f48e-50f0-4073-8fbf-785b6a08d84a,merchant_paymind_demo,cust_242,2026-08-17T18:45:00,21209.34,INR,UPI,route_d,Axis,gpay,Bengaluru,ios,order_603,failed,bank_timeout,2092,0
76961eb8-63a4-4d4c-902c-f659102c91bf,merchant_paymind_demo,cust_522,2026-08-18T23:33:00,1742.51,INR,credit_card,route_c,Kotak,,Hyderabad,ios,order_604,success,,325,0
f102c314-f8e0-4d80-86a5-21b74e51776b,merchant_paymind_demo,cust_700,2026-08-10T00:17:00,18123.7,INR,UPI,route_a,ICICI,phonepe,Bengaluru,ios,order_605,success,,2262,0
fad6d692-2c74-4b82-8445-1e1aea9ea64a,merchant_paymind_demo,cust_279,2026-08-11T22:57:00,3926.89,INR,netbanking,route_d,Kotak,,Bengaluru,ios,order_606,success,,1995,0
011e0ab2-f37a-42df-947d-243bfbacc327,merchant_paymind_demo,cust_614,2026-08-13T20:32:00,18137.86,INR,UPI,route_c,Kotak,,Mumbai,android,order_607,success,,1658,0
b3061221-699a-49d0-980a-7cfe44940c5a,merchant_paymind_demo,cust_306,2026-08-07T09:10:00,21026.44,INR,debit_card,route_c,Axis,,Pune,web,order_608,success,,979,0
7c9d4282-37ca-487e-bdd1-f2652713c81e,merchant_paymind_demo,cust_384,2026-08-14T13:03:00,2965.27,INR,wallet,route_c,Yes Bank,,Kolkata,ios,order_609,success,,429,0
a31538c5-448c-4d4f-8de6-c2d3b1c4d0d0,merchant_paymind_demo,cust_1018,2026-08-20T22:59:00,5979.17,INR,debit_card,route_d,SBI,,Delhi,web,order_610,success,,1538,0
cfd0f1ba-f5e7-498f-9116-cf4c4d63a73b,merchant_paymind_demo,cust_77,2026-08-18T16:46:00,5092.36,INR,credit_card,route_a,Axis,,Hyderabad,android,order_611,success,,2276,0
fe0e2a4d-349f-4177-8b0e-4cc9cef278a9,merchant_paymind_demo,cust_697,2026-08-12T00:02:00,18324.4,INR,wallet,route_c,SBI,,Delhi,android,order_612,success,,2414,0
f65742b2-e2de-4413-b90d-686a3ef34810,merchant_paymind_demo,cust_75,2026-08-11T10:52:00,9720.33,INR,credit_card,route_a,HDFC,,Bengaluru,android,order_613,success,,656,0
66cb6bdb-7c04-4dff-a4a1-271cce53142e,merchant_paymind_demo,cust_95,2026-08-03T08:18:00,13038.41,INR,debit_card,route_c,HDFC,,Hyderabad,ios,order_614,success,,1159,0
5412b6db-995b-4f66-8da5-3441f64812c5,merchant_paymind_demo,cust_587,2026-08-07T07:05:00,13330.28,INR,debit_card,route_d,Yes Bank,,Mumbai,ios,order_615,success,,911,0
51ab7df8-6e38-4676-977b-73c43bae4c09,merchant_paymind_demo,cust_32,2026-08-15T04:12:00,14012.66,INR,credit_card,route_a,ICICI,,Hyderabad,ios,order_616,success,,1604,0
f470531e-eae9-4146-b939-3d6d6d96de1f,merchant_paymind_demo,cust_581,2026-08-14T01:31:00,6158.39,INR,debit_card,route_a,SBI,,Hyderabad,ios,order_617,success,,2117,0
6b6d70e6-25a6-4560-94c7-3d034350c613,merchant_paymind_demo,cust_965,2026-08-16T08:54:00,1308.88,INR,UPI,route_d,HDFC,gpay,Chennai,ios,order_618,success,,1033,0
f8b4bdd5-5735-486c-a1c9-93527b81d2f0,merchant_paymind_demo,cust_914,2026-08-15T00:35:00,8922.83,INR,wallet,route_c,ICICI,,Pune,web,order_619,success,,2485,0
13bd24d5-e1bd-427d-813e-3cf1a53a1c71,merchant_paymind_demo,cust_954,2026-08-13T22:05:00,3338.29,INR,UPI,route_d,HDFC,bhim,Bengaluru,web,order_620,success,,2206,0
6047a9be-026a-4aaa-946d-c99f2b00e67d,merchant_paymind_demo,cust_459,2026-08-04T06:29:00,21534.35,INR,netbanking,route_c,SBI,,Chennai,android,order_621,success,,1653,0
f7e90ad9-371e-4a5f-b5f7-83a94f7f7c85,merchant_paymind_demo,cust_62,2026-08-02T11:41:00,11909.59,INR,debit_card,route_c,Axis,,Chennai,android,order_622,success,,1456,0
f44d66af-a1f1-456e-871b-4fd58199272a,merchant_paymind_demo,cust_261,2026-08-12T13:24:00,2618.16,INR,debit_card,route_a,SBI,,Hyderabad,web,order_623,success,,590,0
48ec9e7f-2dfa-4023-aa3d-6b2e72f409ac,merchant_paymind_demo,cust_821,2026-08-14T10:30:00,10365.38,INR,debit_card,route_b,Kotak,,Delhi,ios,order_624,success,,1872,0
56c3d59c-7c39-4312-a8e9-348e168a773e,merchant_paymind_demo,cust_883,2026-08-18T20:20:00,24506.12,INR,UPI,route_c,Kotak,phonepe,Delhi,web,order_625,success,,619,0
00d5cef9-3ef4-46cc-9693-710031d6352f,merchant_paymind_demo,cust_235,2026-08-14T11:24:00,14922.08,INR,wallet,route_c,Kotak,,Mumbai,ios,order_626,success,,1021,0
f84ef919-1d79-4132-b3ca-9bc6f0fa2e7f,merchant_paymind_demo,cust_143,2026-08-14T14:43:00,2763.18,INR,debit_card,route_d,SBI,,Chennai,web,order_627,success,,551,0
78b82c82-27d9-4c7a-9f36-7b85a459ac47,merchant_paymind_demo,cust_285,2026-08-14T05:10:00,22586.24,INR,UPI,route_a,ICICI,phonepe,Chennai,web,order_628,success,,1493,0
c55891ea-0e9b-40af-b3d8-0ce1fc6eedf7,merchant_paymind_demo,cust_916,2026-08-05T10:51:00,5181.26,INR,netbanking,route_c,SBI,,Hyderabad,web,order_629,success,,1547,0
5594653d-bdd0-4d8e-8d93-0c274c9da536,merchant_paymind_demo,cust_706,2026-08-03T00:45:00,14589.04,INR,netbanking,route_d,ICICI,,Kolkata,ios,order_630,success,,555,0
a487a8d4-0099-4f01-ad10-1b7f4e47aede,merchant_paymind_demo,cust_109,2026-08-01T00:27:00,17598.69,INR,debit_card,route_c,HDFC,,Kolkata,ios,order_631,success,,427,0
a8d4b6dd-63c0-4863-8bb8-ce9d587b94ee,merchant_paymind_demo,cust_808,2026-08-15T05:27:00,7987.28,INR,credit_card,route_d,Axis,,Chennai,ios,order_632,success,,1165,0
c97552e1-30c1-4ce4-b3f8-195e62e1eeb5,merchant_paymind_demo,cust_386,2026-08-13T15:20:00,9645.65,INR,credit_card,route_c,Axis,,Delhi,ios,order_633,success,,814,0
988d0e3c-fc23-4532-a98d-8306687a57a3,merchant_paymind_demo,cust_33,2026-08-04T06:38:00,18047.41,INR,credit_card,route_d,Yes Bank,,Chennai,android,order_634,failed,insufficient_funds,3124,0
a4e8c47a-1592-4d27-b873-26c03af9c23d,merchant_paymind_demo,cust_872,2026-08-15T04:22:00,4535.94,INR,netbanking,route_d,Kotak,,Kolkata,ios,order_635,success,,1875,0
f4ed194b-af07-466d-85ce-0d4bef3426f6,merchant_paymind_demo,cust_870,2026-08-14T18:10:00,235.38,INR,debit_card,route_d,Yes Bank,,Delhi,web,order_636,success,,2355,0
9515241b-1c35-4329-8886-2884c895897b,merchant_paymind_demo,cust_1119,2026-08-14T02:45:00,9205.9,INR,debit_card,route_a,Kotak,,Chennai,web,order_637,success,,1809,0
9ae31c48-24ae-45bc-bb3a-c14a7665833f,merchant_paymind_demo,cust_164,2026-08-04T05:35:00,18268.13,INR,UPI,route_c,Axis,,Mumbai,web,order_638,success,,662,0
9b0bbc2c-393f-4515-897e-1a21dee5b6cc,merchant_paymind_demo,cust_160,2026-08-16T13:35:00,15860.51,INR,credit_card,route_c,Kotak,,Mumbai,ios,order_639,success,,2491,0
4e53f147-af40-42a8-8366-3497c5dd1208,merchant_paymind_demo,cust_1050,2026-08-11T16:15:00,14370.43,INR,UPI,route_c,Axis,paytm,Kolkata,ios,order_640,success,,1484,0
9b474e20-507c-464e-b917-f4e2e3d40f96,merchant_paymind_demo,cust_623,2026-08-17T13:01:00,19636.29,INR,credit_card,route_c,HDFC,,Pune,ios,order_641,failed,bank_timeout,6692,0
03972ab9-a9e9-437c-8be5-267b04eb49bb,merchant_paymind_demo,cust_598,2026-08-19T09:45:00,18447.63,INR,UPI,route_a,SBI,bhim,Mumbai,android,order_642,success,,2370,0
eaf6b065-80a1-410c-a105-11220eee9825,merchant_paymind_demo,cust_570,2026-08-06T17:39:00,3356.84,INR,UPI,route_c,SBI,paytm,Mumbai,web,order_643,success,,756,0
dc0ead72-7380-4aec-b8e6-a5b8a0e526fb,merchant_paymind_demo,cust_310,2026-08-15T23:59:00,11194.0,INR,wallet,route_b,SBI,,Kolkata,web,order_644,success,,1267,0
0f72a429-5c1d-4860-89af-7cdfdae31516,merchant_paymind_demo,cust_1081,2026-08-20T14:46:00,875.61,INR,netbanking,route_a,ICICI,,Hyderabad,android,order_645,success,,2331,0
9c01d48d-1f8a-420e-8d18-16a721df9672,merchant_paymind_demo,cust_488,2026-08-16T00:48:00,11032.62,INR,netbanking,route_b,ICICI,,Hyderabad,web,order_646,success,,1713,0
cbbf5ebf-8098-4276-9553-78e5489a3ece,merchant_paymind_demo,cust_238,2026-08-02T04:41:00,4231.63,INR,UPI,route_d,Axis,paytm,Chennai,web,order_647,success,,2481,0
2ccefcec-3ea3-4ae0-9751-454cc05b1552,merchant_paymind_demo,cust_799,2026-08-11T19:11:00,6602.5,INR,credit_card,route_d,HDFC,,Bengaluru,ios,order_648,success,,1864,0
efb08d0d-7458-4c94-8cff-e39720a154c9,merchant_paymind_demo,cust_85,2026-08-03T05:10:00,22946.92,INR,debit_card,route_c,Axis,,Hyderabad,web,order_649,success,,1416,0
8fec32bb-2905-4e81-9116-43591ba69f53,merchant_paymind_demo,cust_202,2026-08-06T19:27:00,16375.86,INR,debit_card,route_d,Axis,,Kolkata,web,order_650,success,,1290,0
24a095ed-3808-4ad1-8cf7-5750e7fec651,merchant_paymind_demo,cust_1065,2026-08-08T16:16:00,16959.07,INR,wallet,route_b,SBI,,Hyderabad,android,order_651,success,,334,0
d0ef8c32-b58a-406f-a775-f2ca7823c6be,merchant_paymind_demo,cust_201,2026-08-12T22:51:00,2642.49,INR,UPI,route_d,SBI,phonepe,Pune,ios,order_652,failed,invalid_otp,3581,0
23e81dc8-9acc-4809-aadb-8bd767ca1703,merchant_paymind_demo,cust_189,2026-08-02T07:03:00,23465.71,INR,UPI,route_b,Kotak,gpay,Pune,android,order_653,failed,insufficient_funds,6953,0
039b1938-71bc-4fcc-94c2-353c02c8e8e6,merchant_paymind_demo,cust_1160,2026-08-19T06:39:00,24180.78,INR,credit_card,route_a,Yes Bank,,Delhi,ios,order_654,success,,1506,0
6e3de874-e02a-4c56-92e7-153495f1af36,merchant_paymind_demo,cust_156,2026-08-15T12:51:00,11363.42,INR,netbanking,route_c,Axis,,Pune,web,order_655,success,,1624,0
a245a8c3-36bc-4818-a3ee-7baa85403810,merchant_paymind_demo,cust_152,2026-08-07T07:26:00,19438.79,INR,debit_card,route_d,Axis,,Bengaluru,android,order_656,success,,1357,0
944a4713-cbd8-464e-ac45-20d678a90e41,merchant_paymind_demo,cust_143,2026-08-12T04:32:00,24486.58,INR,debit_card,route_b,Kotak,,Chennai,android,order_657,success,,2315,0
b88f8be0-15c8-4390-a6c7-ed18932c988b,merchant_paymind_demo,cust_884,2026-08-05T23:16:00,15368.46,INR,UPI,route_a,Axis,paytm,Mumbai,android,order_658,success,,598,0
fb401724-6b5c-4f42-a81a-bc6e6c9c8b7f,merchant_paymind_demo,cust_514,2026-08-18T16:28:00,11174.76,INR,UPI,route_d,ICICI,gpay,Mumbai,web,order_659,success,,1899,0
2ccc2cb3-90ef-448d-997b-ba5ebcd79ca6,merchant_paymind_demo,cust_676,2026-08-09T21:43:00,14387.27,INR,debit_card,route_d,Axis,,Chennai,ios,order_660,success,,587,0
e775852c-6696-4d8b-a03f-2eb2e8c35463,merchant_paymind_demo,cust_788,2026-08-16T16:25:00,20458.52,INR,wallet,route_d,HDFC,,Hyderabad,web,order_661,success,,1770,0
9ead9208-ab64-4dea-849d-8cc2e3996961,merchant_paymind_demo,cust_821,2026-08-02T06:08:00,15825.2,INR,debit_card,route_a,SBI,,Hyderabad,ios,order_662,success,,629,0
af70904b-9cfe-4c14-812b-fe59ae8afa11,merchant_paymind_demo,cust_594,2026-08-15T17:46:00,5117.86,INR,netbanking,route_a,Axis,,Pune,android,order_663,success,,1524,0
4a8813f2-01f4-44fb-8fca-0052c6d1e3ae,merchant_paymind_demo,cust_736,2026-08-12T01:41:00,2167.32,INR,netbanking,route_d,Yes Bank,,Delhi,android,order_664,success,,446,0
c3e29313-2108-488c-82ff-a0bc2aa73598,merchant_paymind_demo,cust_489,2026-08-12T03:11:00,9749.75,INR,credit_card,route_c,Axis,,Hyderabad,ios,order_665,failed,insufficient_funds,2303,0
2ab609e3-7b5e-4e49-876b-21c7ba3f1190,merchant_paymind_demo,cust_88,2026-08-10T05:27:00,2998.77,INR,debit_card,route_d,Yes Bank,,Kolkata,web,order_666,success,,910,0
434d2c5a-6fb6-4ee4-85a1-c95df0b1fe8a,merchant_paymind_demo,cust_148,2026-08-01T20:08:00,18399.72,INR,wallet,route_d,Yes Bank,,Mumbai,ios,order_667,success,,487,0
6189d813-c881-4eea-83d2-93b4d591a045,merchant_paymind_demo,cust_268,2026-08-01T07:50:00,4347.61,INR,credit_card,route_a,SBI,,Kolkata,android,order_668,success,,2168,0
0891022d-7aac-44b0-a30f-8d0d70562fe3,merchant_paymind_demo,cust_131,2026-08-19T14:37:00,20445.89,INR,wallet,route_a,Axis,,Hyderabad,web,order_669,success,,1203,0
1a73145b-d0be-4a4d-b83e-be7e9904e5f1,merchant_paymind_demo,cust_873,2026-08-08T16:14:00,20297.45,INR,UPI,route_d,SBI,gpay,Pune,web,order_670,success,,862,0
0af19584-1cbf-4a69-a4a0-897649f66392,merchant_paymind_demo,cust_437,2026-08-18T09:22:00,1187.38,INR,debit_card,route_b,SBI,,Mumbai,android,order_671,success,,1421,0
db12cc8c-f372-4937-8533-5624437ee6ac,merchant_paymind_demo,cust_345,2026-08-16T20:16:00,9279.69,INR,credit_card,route_b,Axis,,Delhi,web,order_672,success,,466,0
f35d36f6-5a53-4c17-b428-d9731055acdb,merchant_paymind_demo,cust_771,2026-08-18T16:42:00,3985.95,INR,credit_card,route_d,HDFC,,Mumbai,android,order_673,success,,1034,0
1bdad0e8-2305-4916-b69a-43746eedd4cc,merchant_paymind_demo,cust_582,2026-08-10T11:18:00,17352.91,INR,UPI,route_d,Yes Bank,phonepe,Delhi,android,order_674,success,,1409,0
55cb6e72-0083-4e3c-9589-f4691fa7b019,merchant_paymind_demo,cust_490,2026-08-04T23:19:00,15282.92,INR,wallet,route_a,Kotak,,Delhi,web,order_675,success,,2347,0
66198176-42c9-49b7-8adf-865b272811fc,merchant_paymind_demo,cust_617,2026-08-08T21:58:00,10498.71,INR,wallet,route_b,ICICI,,Mumbai,web,order_676,success,,691,0
5a95b4fa-8db4-4b63-941c-c29837acfce7,merchant_paymind_demo,cust_1106,2026-08-12T13:11:00,5520.94,INR,wallet,route_b,SBI,,Mumbai,android,order_677,success,,761,0
f85310ee-d97c-4813-b733-c1b6557cc4e7,merchant_paymind_demo,cust_972,2026-08-12T07:42:00,4449.28,INR,credit_card,route_a,HDFC,,Pune,ios,order_678,success,,1467,0
85652289-a6a6-47dc-81bc-80963f02622a,merchant_paymind_demo,cust_685,2026-08-15T00:51:00,20138.58,INR,credit_card,route_d,HDFC,,Mumbai,web,order_679,success,,514,0
e758c164-fe6b-40c1-8509-70fb324526bf,merchant_paymind_demo,cust_60,2026-08-12T00:54:00,12896.85,INR,wallet,route_a,ICICI,,Pune,ios,order_680,success,,1635,0
393aedf1-88a7-427a-af27-3f84d6a18aa5,merchant_paymind_demo,cust_668,2026-08-06T05:38:00,19485.43,INR,netbanking,route_c,ICICI,,Mumbai,android,order_681,success,,1989,0
ef66a64e-f2ce-4674-8d46-00667e8f5b0a,merchant_paymind_demo,cust_452,2026-08-02T16:09:00,11801.21,INR,credit_card,route_d,HDFC,,Chennai,android,order_682,success,,1185,0
57210740-69b2-4616-8922-a09e69f3d0f2,merchant_paymind_demo,cust_794,2026-08-09T11:58:00,3453.3,INR,wallet,route_b,Yes Bank,,Bengaluru,ios,order_683,success,,1128,0
6300e4e7-6208-4994-bdba-56a5d257655d,merchant_paymind_demo,cust_1165,2026-08-02T08:34:00,7051.07,INR,debit_card,route_a,Axis,,Chennai,ios,order_684,success,,1001,0
32d1a78e-78ec-406d-beae-361ff50354e6,merchant_paymind_demo,cust_605,2026-08-14T17:39:00,3961.86,INR,debit_card,route_b,Kotak,,Hyderabad,android,order_685,success,,654,0
cdce97e6-f60a-42d5-965b-437295eb873e,merchant_paymind_demo,cust_1002,2026-08-20T14:52:00,24891.83,INR,netbanking,route_d,Axis,,Bengaluru,android,order_686,success,,2053,0
8babe8c5-f212-47fc-951a-2dd6ea72b1ce,merchant_paymind_demo,cust_890,2026-08-14T04:27:00,5599.04,INR,credit_card,route_b,Kotak,,Mumbai,ios,order_687,success,,481,0
c5ba9433-349c-4434-840a-6fe045acd8b6,merchant_paymind_demo,cust_1033,2026-08-01T18:21:00,10671.16,INR,UPI,route_d,Axis,gpay,Chennai,ios,order_688,success,,1285,0
90380fe5-4ce1-4482-bc44-5a98c8f1d3e8,merchant_paymind_demo,cust_26,2026-08-16T18:33:00,18308.07,INR,UPI,route_b,ICICI,paytm,Bengaluru,android,order_689,success,,671,0
14427128-e0f6-4e95-8db8-b2457d0c32b3,merchant_paymind_demo,cust_625,2026-08-04T16:21:00,17597.45,INR,UPI,route_a,Axis,bhim,Kolkata,android,order_690,success,,1960,0
1bc2e89d-eed2-4ab1-a349-fe301f9d2249,merchant_paymind_demo,cust_759,2026-08-15T06:19:00,11634.18,INR,credit_card,route_a,Yes Bank,,Mumbai,ios,order_691,success,,1663,0
61bbb00c-c8b1-4d15-8192-fab33a6d9481,merchant_paymind_demo,cust_873,2026-08-18T03:10:00,6781.25,INR,wallet,route_b,Yes Bank,,Mumbai,web,order_692,failed,invalid_otp,8027,0
bbeeb5ab-a501-4d88-9f4e-ec0db20529d4,merchant_paymind_demo,cust_746,2026-08-02T04:09:00,2818.62,INR,UPI,route_c,Axis,,Mumbai,ios,order_693,success,,1800,0
185e1f70-45a8-45e0-a828-d099f9a99666,merchant_paymind_demo,cust_138,2026-08-13T18:14:00,17747.96,INR,credit_card,route_b,ICICI,,Bengaluru,android,order_694,success,,765,0
93efecf2-5c94-4de3-9055-ca0ebef4bb73,merchant_paymind_demo,cust_1189,2026-08-20T19:45:00,23979.64,INR,netbanking,route_b,Yes Bank,,Kolkata,android,order_695,success,,1612,0
826fe72e-d8da-42fb-b421-6f955202d7a6,merchant_paymind_demo,cust_1032,2026-08-16T11:29:00,10602.08,INR,debit_card,route_a,HDFC,,Bengaluru,ios,order_696,success,,2153,0
f3df5a7b-8218-442c-924c-09fd914409df,merchant_paymind_demo,cust_252,2026-08-11T16:46:00,17760.14,INR,netbanking,route_c,Axis,,Hyderabad,ios,order_697,success,,568,0
f5462c29-e786-4cdb-b093-9cad9ccfbf9f,merchant_paymind_demo,cust_938,2026-08-02T23:40:00,2050.25,INR,credit_card,route_b,SBI,,Mumbai,android,order_698,success,,974,0
7d154b67-b576-4dde-b06f-b0a7b82e2e89,merchant_paymind_demo,cust_304,2026-08-12T07:03:00,3804.93,INR,debit_card,route_b,Kotak,,Pune,android,order_699,success,,1500,0
415ddbbd-d71f-4523-a52f-db81cac212f9,merchant_paymind_demo,cust_1109,2026-08-04T00:06:00,11873.93,INR,netbanking,route_d,Axis,,Pune,web,order_700,success,,387,0
157083f6-61f8-4b8b-b501-e2407f3da200,merchant_paymind_demo,cust_46,2026-08-20T20:06:00,20059.63,INR,debit_card,route_c,Axis,,Hyderabad,ios,order_701,success,,1636,0
b1816a29-f586-474e-a9fe-7745d4e950df,merchant_paymind_demo,cust_1086,2026-08-20T03:47:00,13734.29,INR,netbanking,route_d,SBI,,Hyderabad,android,order_702,success,,1555,0
fbf53069-c206-4f36-8d20-60ff7e5f7c88,merchant_paymind_demo,cust_465,2026-08-12T00:27:00,9328.96,INR,credit_card,route_c,HDFC,,Delhi,ios,order_703,success,,1464,0
1e68b209-ba66-4de4-8f96-3376a84509b3,merchant_paymind_demo,cust_330,2026-08-17T04:44:00,13406.15,INR,netbanking,route_b,ICICI,,Kolkata,web,order_704,success,,928,0
b347f5d0-ff5e-4bfc-b98b-805e77db6d3c,merchant_paymind_demo,cust_85,2026-08-08T04:55:00,14384.4,INR,credit_card,route_d,SBI,,Bengaluru,android,order_705,success,,1140,0
151995d2-783f-4f1e-a303-748088fe4aa8,merchant_paymind_demo,cust_650,2026-08-08T19:47:00,3741.21,INR,wallet,route_d,Kotak,,Delhi,web,order_706,success,,1535,0
2fd21ffa-6e2f-468e-99a1-93a79d5c2b19,merchant_paymind_demo,cust_829,2026-08-12T08:44:00,19224.53,INR,UPI,route_d,SBI,phonepe,Mumbai,web,order_707,success,,2378,0
25db541c-fb3a-4a43-a12c-7bdf283ee320,merchant_paymind_demo,cust_606,2026-08-11T18:49:00,22404.64,INR,debit_card,route_b,Kotak,,Pune,ios,order_708,success,,1687,0
c03c5be2-cd02-4111-992a-1fef432b7630,merchant_paymind_demo,cust_83,2026-08-04T04:08:00,16966.31,INR,UPI,route_a,SBI,gpay,Chennai,web,order_709,success,,1202,0
66ad1225-6b31-4838-b861-3aa537be7abb,merchant_paymind_demo,cust_669,2026-08-02T06:03:00,15223.37,INR,netbanking,route_b,Kotak,,Hyderabad,android,order_710,success,,1438,0
91288a1f-16b4-4d29-b9b3-218a1913b910,merchant_paymind_demo,cust_1103,2026-08-20T07:54:00,11164.18,INR,credit_card,route_a,Kotak,,Chennai,android,order_711,failed,gateway_error,4603,0
41bd43fa-d6c2-4016-82b6-99310563e87d,merchant_paymind_demo,cust_115,2026-08-16T04:08:00,9058.57,INR,wallet,route_b,Yes Bank,,Kolkata,ios,order_712,success,,1814,0
e0aa216c-7764-4600-830e-f816474a8d72,merchant_paymind_demo,cust_583,2026-08-08T20:22:00,8816.31,INR,netbanking,route_d,Kotak,,Mumbai,android,order_713,success,,2119,0
6bc44bd3-bc43-4821-91b4-17143c80c0a7,merchant_paymind_demo,cust_592,2026-08-04T17:27:00,20151.54,INR,netbanking,route_d,Yes Bank,,Chennai,android,order_714,success,,652,0
90b5b47e-07f3-4bfb-a024-32e4a5b0ba2f,merchant_paymind_demo,cust_973,2026-08-20T17:47:00,13156.26,INR,credit_card,route_c,HDFC,,Hyderabad,ios,order_715,success,,662,0
2256d93a-f814-45c1-bcf1-d93b0a134d15,merchant_paymind_demo,cust_560,2026-08-10T10:22:00,4413.58,INR,UPI,route_d,Yes Bank,,Kolkata,android,order_716,success,,1116,0
ab2dfc69-ff44-4ac5-9591-53e229c440ac,merchant_paymind_demo,cust_593,2026-08-13T14:29:00,12290.11,INR,credit_card,route_c,Kotak,,Bengaluru,ios,order_717,success,,2198,0
4c643f56-f6af-48c6-aee1-90dc14b4b0b6,merchant_paymind_demo,cust_6,2026-08-04T12:07:00,6603.79,INR,credit_card,route_d,HDFC,,Pune,web,order_718,failed,invalid_otp,5417,0
fde491d6-58e2-4729-a652-dfb92091ce3a,merchant_paymind_demo,cust_502,2026-08-01T15:32:00,3027.9,INR,credit_card,route_c,Axis,,Mumbai,web,order_719,success,,1781,0
6226edeb-d7e7-454f-b01d-dcfa07532777,merchant_paymind_demo,cust_894,2026-08-20T18:13:00,6484.89,INR,wallet,route_d,Yes Bank,,Kolkata,android,order_720,success,,1828,0
52379f1b-a9fd-4333-bf61-20ad1e233bfe,merchant_paymind_demo,cust_36,2026-08-20T05:38:00,6525.45,INR,wallet,route_a,ICICI,,Bengaluru,ios,order_721,success,,854,0
c80e77e3-12ab-409c-95fb-11f9951ffadf,merchant_paymind_demo,cust_559,2026-08-09T05:14:00,10516.87,INR,debit_card,route_c,HDFC,,Bengaluru,ios,order_722,success,,2469,0
60170ef0-6db5-4974-a189-6df637ce1fab,merchant_paymind_demo,cust_376,2026-08-18T09:37:00,2407.99,INR,UPI,route_b,Kotak,paytm,Kolkata,ios,order_723,success,,1533,0
58f26454-8393-4799-aa27-13b54685467d,merchant_paymind_demo,cust_743,2026-08-03T04:20:00,13383.79,INR,debit_card,route_c,ICICI,,Mumbai,android,order_724,success,,2422,0
87d73081-3eb4-46f1-b97b-3400a79642ca,merchant_paymind_demo,cust_994,2026-08-10T09:00:00,8540.81,INR,debit_card,route_b,HDFC,,Delhi,android,order_725,success,,2361,0
c0bd87e9-2791-486b-bede-50ef75e90717,merchant_paymind_demo,cust_1145,2026-08-14T23:00:00,17256.84,INR,credit_card,route_a,Axis,,Chennai,android,order_726,success,,777,0
9a8338e7-1e17-4687-b4b8-dd0d0d8471ab,merchant_paymind_demo,cust_983,2026-08-08T22:10:00,7823.76,INR,credit_card,route_c,ICICI,,Kolkata,ios,order_727,success,,2442,0
168ae978-d38b-4199-a1c1-6f1d590f3c00,merchant_paymind_demo,cust_624,2026-08-01T15:42:00,18624.28,INR,debit_card,route_a,ICICI,,Delhi,web,order_728,success,,883,0
e0729995-dfc0-44ed-8e04-6bd332fbb8ad,merchant_paymind_demo,cust_430,2026-08-03T23:06:00,24528.68,INR,credit_card,route_d,Yes Bank,,Kolkata,android,order_729,success,,618,0
75855e1e-283d-4c15-a60a-be99b9894203,merchant_paymind_demo,cust_884,2026-08-01T23:13:00,4948.96,INR,UPI,route_a,Yes Bank,,Hyderabad,android,order_730,success,,2221,0
f07255ef-cd9a-4989-bdea-09e8d1c579c8,merchant_paymind_demo,cust_89,2026-08-02T12:10:00,7576.06,INR,UPI,route_a,HDFC,gpay,Hyderabad,android,order_731,success,,1119,0
7b3d226b-15c6-481d-a1f2-cd80c3edea3a,merchant_paymind_demo,cust_60,2026-08-03T01:34:00,3681.65,INR,credit_card,route_c,Kotak,,Bengaluru,ios,order_732,success,,957,0
365564ee-5376-4e8c-ab32-79fe909ed05e,merchant_paymind_demo,cust_496,2026-08-12T11:44:00,14277.37,INR,wallet,route_a,Kotak,,Kolkata,android,order_733,success,,2466,0
76f6fd3a-e3b2-4a9e-8154-688d278d4d70,merchant_paymind_demo,cust_578,2026-08-04T21:48:00,22546.42,INR,credit_card,route_a,Yes Bank,,Mumbai,android,order_734,success,,2365,0
b2e71526-abce-46f8-903c-ca9624af5f2b,merchant_paymind_demo,cust_380,2026-08-11T00:06:00,16854.47,INR,netbanking,route_a,ICICI,,Kolkata,ios,order_735,success,,1854,0
533b70a0-3bd6-46c6-a71b-f61afeca9d13,merchant_paymind_demo,cust_467,2026-08-10T06:35:00,2865.49,INR,netbanking,route_c,HDFC,,Chennai,android,order_736,success,,2428,0
d01b284a-5b82-4354-8150-289dd4283321,merchant_paymind_demo,cust_740,2026-08-17T00:52:00,7242.37,INR,credit_card,route_a,HDFC,,Bengaluru,ios,order_737,success,,773,0
c79b34ae-ab65-489e-b10c-436fd8b5fff1,merchant_paymind_demo,cust_639,2026-08-16T15:13:00,24405.67,INR,netbanking,route_d,ICICI,,Hyderabad,ios,order_738,success,,1490,0
623cd0f8-ede0-41f4-91e1-c8a46aac94c8,merchant_paymind_demo,cust_143,2026-08-20T03:19:00,20070.79,INR,netbanking,route_c,ICICI,,Mumbai,web,order_739,success,,2313,0
f4e3d736-b1ca-4e45-87e8-5552235cc3ff,merchant_paymind_demo,cust_1071,2026-08-15T23:39:00,16929.14,INR,UPI,route_a,ICICI,bhim,Chennai,web,order_740,success,,716,0
a51a559e-ef1e-420e-b8e0-764f501e8c34,merchant_paymind_demo,cust_408,2026-08-08T16:56:00,5046.57,INR,credit_card,route_d,HDFC,,Delhi,ios,order_741,success,,2344,0
d35cdc6c-ea39-4b20-aa8b-3fdc86d1824f,merchant_paymind_demo,cust_1192,2026-08-14T12:12:00,6860.67,INR,debit_card,route_d,SBI,,Chennai,web,order_742,success,,1956,0
4e30726f-0537-499c-bd3d-f51ece495ff0,merchant_paymind_demo,cust_302,2026-08-18T11:25:00,11393.14,INR,netbanking,route_a,SBI,,Chennai,ios,order_743,success,,1245,0
10d0d49f-7625-466b-99fa-8ca447f0af0d,merchant_paymind_demo,cust_109,2026-08-19T21:27:00,1752.31,INR,credit_card,route_a,ICICI,,Chennai,web,order_744,failed,invalid_otp,3251,0
ab0cf0b5-ee3e-4c85-97b7-5f0996208f17,merchant_paymind_demo,cust_198,2026-08-18T07:09:00,1959.11,INR,debit_card,route_d,Axis,,Delhi,ios,order_745,success,,2339,0
01f95dcd-135e-4489-b797-0d5389c0cad5,merchant_paymind_demo,cust_1111,2026-08-08T19:39:00,20246.57,INR,netbanking,route_a,HDFC,,Chennai,android,order_746,success,,1871,0
e384f758-438f-47d8-bac2-67d5ceb3a1b3,merchant_paymind_demo,cust_771,2026-08-11T01:41:00,11518.42,INR,netbanking,route_a,ICICI,,Hyderabad,web,order_747,success,,1541,0
5ed36d75-598f-4d83-9816-96c8998aeb0b,merchant_paymind_demo,cust_276,2026-08-08T02:38:00,17907.29,INR,credit_card,route_d,HDFC,,Hyderabad,web,order_748,success,,2309,0
36323906-7b3a-4779-85a1-763ae790a351,merchant_paymind_demo,cust_1172,2026-08-11T16:35:00,11923.98,INR,wallet,route_b,Kotak,,Mumbai,ios,order_749,success,,1378,0
cb20a4c7-c94c-494b-b506-99a23c0b8970,merchant_paymind_demo,cust_774,2026-08-15T00:55:00,16928.37,INR,netbanking,route_c,SBI,,Mumbai,android,order_750,success,,484,0
c6b7ed5d-5d22-457c-bc4b-b93312e38351,merchant_paymind_demo,cust_715,2026-08-19T10:07:00,18564.33,INR,credit_card,route_a,Yes Bank,,Bengaluru,ios,order_751,success,,698,0
efdc1563-3bf6-4542-8eab-bed7121df3a0,merchant_paymind_demo,cust_732,2026-08-10T08:58:00,8814.17,INR,netbanking,route_b,ICICI,,Delhi,web,order_752,success,,1578,0
68038ed1-771e-4b77-9e3e-cbac40cd90c1,merchant_paymind_demo,cust_135,2026-08-20T18:33:00,7657.57,INR,wallet,route_c,ICICI,,Mumbai,web,order_753,success,,1635,0
9bb0f3da-b887-4e62-b9b6-8b61fce42df5,merchant_paymind_demo,cust_866,2026-08-13T22:13:00,12893.26,INR,UPI,route_d,SBI,gpay,Pune,ios,order_754,success,,391,0
cbbfb3b7-1130-4daa-87fc-c7aed5b4b4c9,merchant_paymind_demo,cust_800,2026-08-08T08:05:00,14334.84,INR,debit_card,route_d,HDFC,,Pune,web,order_755,success,,1143,0
ee62e062-a4c4-4ab0-9a11-75f8514c6199,merchant_paymind_demo,cust_696,2026-08-04T19:00:00,15389.96,INR,debit_card,route_c,Axis,,Delhi,ios,order_756,success,,608,0
8875da5d-cd3f-4adb-97f3-461e9736e09d,merchant_paymind_demo,cust_544,2026-08-02T01:57:00,7468.14,INR,wallet,route_d,ICICI,,Hyderabad,web,order_757,success,,676,0
fdcf6760-0d6d-4077-a576-f35ab30d25be,merchant_paymind_demo,cust_690,2026-08-07T05:17:00,1728.38,INR,wallet,route_d,Axis,,Delhi,ios,order_758,success,,614,0
21138aaf-64fd-40a3-9c4b-616296307d79,merchant_paymind_demo,cust_615,2026-08-10T20:25:00,16603.24,INR,debit_card,route_c,ICICI,,Chennai,ios,order_759,success,,1329,0
0822c4ae-2edd-4bd0-aa40-cc387a0a9e50,merchant_paymind_demo,cust_1122,2026-08-05T02:37:00,22028.37,INR,wallet,route_b,Kotak,,Chennai,android,order_760,success,,2214,0
2109179d-3983-4403-bf75-ba9d39aeeebc,merchant_paymind_demo,cust_1092,2026-08-19T09:47:00,15379.84,INR,debit_card,route_d,Kotak,,Pune,web,order_761,success,,545,0
224e9ce6-ca16-4f05-b432-2dc93bc62f62,merchant_paymind_demo,cust_948,2026-08-04T08:41:00,6047.33,INR,wallet,route_c,Axis,,Chennai,ios,order_762,success,,563,0
8a8a44f2-ac8b-4129-a2a4-7c139b76b963,merchant_paymind_demo,cust_547,2026-08-19T17:51:00,7211.76,INR,credit_card,route_b,SBI,,Pune,web,order_763,success,,1267,0
c5c66303-0f3b-4095-aef1-ff576913eb40,merchant_paymind_demo,cust_308,2026-08-05T08:48:00,741.22,INR,netbanking,route_c,Axis,,Chennai,web,order_764,success,,2086,0
334ae84b-245d-4e37-900b-e97ff4243177,merchant_paymind_demo,cust_76,2026-08-05T14:18:00,4025.99,INR,netbanking,route_b,HDFC,,Bengaluru,ios,order_765,success,,1020,0
4ac448bb-2638-4641-b38f-9d8b0b5531f5,merchant_paymind_demo,cust_996,2026-08-18T19:12:00,546.72,INR,UPI,route_a,SBI,,Bengaluru,android,order_766,success,,1967,0
ce694546-673f-426d-bcc7-9f53fbc1db32,merchant_paymind_demo,cust_185,2026-08-10T00:45:00,23581.9,INR,debit_card,route_b,ICICI,,Mumbai,web,order_767,success,,2349,0
df72d852-5773-4f6f-bd7a-6dff2c4f21ed,merchant_paymind_demo,cust_1189,2026-08-18T15:18:00,23292.31,INR,UPI,route_c,Axis,gpay,Delhi,web,order_768,success,,800,0
c5d98d10-590a-41ee-ada4-9f49321b5063,merchant_paymind_demo,cust_1197,2026-08-17T18:37:00,9779.27,INR,debit_card,route_b,Axis,,Delhi,android,order_769,success,,737,0
8d4afb90-d70b-4a99-a664-7974f0502aa3,merchant_paymind_demo,cust_563,2026-08-11T00:00:00,10238.97,INR,credit_card,route_a,Axis,,Hyderabad,ios,order_770,success,,762,0
910f9f23-1088-4611-b81e-bcf31f4e961e,merchant_paymind_demo,cust_973,2026-08-16T12:51:00,6196.35,INR,debit_card,route_c,ICICI,,Bengaluru,ios,order_771,success,,1806,0
057834ea-8c56-47ce-92dd-16cd529a7e7a,merchant_paymind_demo,cust_72,2026-08-20T03:33:00,18499.27,INR,debit_card,route_a,Yes Bank,,Kolkata,web,order_772,failed,bank_timeout,4072,0
b8656518-42fc-4c25-b166-66544ee4564a,merchant_paymind_demo,cust_744,2026-08-19T11:35:00,17146.95,INR,wallet,route_b,Axis,,Chennai,android,order_773,success,,1909,0
feb52bf1-aa2c-45eb-8c2b-8e8b0f403876,merchant_paymind_demo,cust_483,2026-08-07T18:25:00,5299.14,INR,debit_card,route_b,Axis,,Pune,ios,order_774,success,,1964,0
19d2a34f-f974-4412-8855-2cfaf914bb7f,merchant_paymind_demo,cust_165,2026-08-19T17:34:00,19497.44,INR,UPI,route_d,Axis,bhim,Kolkata,ios,order_775,success,,2030,0
cd401678-db7b-4a0d-9c79-42b160c236da,merchant_paymind_demo,cust_535,2026-08-12T12:31:00,1705.86,INR,UPI,route_d,Kotak,,Pune,ios,order_776,success,,2156,0
0ea7821c-b50e-494a-840b-2c28769a2951,merchant_paymind_demo,cust_377,2026-08-15T08:08:00,11112.95,INR,UPI,route_b,HDFC,bhim,Delhi,web,order_777,success,,1551,0
13c2693a-011e-463c-9a36-96e8f65b2036,merchant_paymind_demo,cust_227,2026-08-04T14:11:00,6277.61,INR,debit_card,route_b,Kotak,,Pune,ios,order_778,success,,1608,0
8acc3a0f-8a6c-4736-8b09-203f429be3a8,merchant_paymind_demo,cust_274,2026-08-06T22:21:00,4378.3,INR,netbanking,route_c,SBI,,Delhi,android,order_779,success,,1997,0
c017d864-6426-43bf-b722-8c3b3768da2b,merchant_paymind_demo,cust_773,2026-08-19T23:50:00,22114.32,INR,debit_card,route_b,HDFC,,Mumbai,web,order_780,success,,1236,0
2cc22c73-f18f-42c1-b4c8-3b5aa64f0115,merchant_paymind_demo,cust_407,2026-08-06T22:58:00,17546.47,INR,UPI,route_b,HDFC,bhim,Hyderabad,ios,order_781,success,,1365,0
95c31e57-6440-4227-a041-0ed87af992e5,merchant_paymind_demo,cust_754,2026-08-04T20:54:00,23683.73,INR,credit_card,route_a,HDFC,,Pune,web,order_782,success,,2082,0
3b3028a0-ebd1-4042-9f8e-fb97b74bf32b,merchant_paymind_demo,cust_1013,2026-08-03T16:43:00,5650.87,INR,netbanking,route_b,ICICI,,Kolkata,ios,order_783,success,,1479,0
4240e92a-61f5-4ade-8691-29a9ee76f687,merchant_paymind_demo,cust_884,2026-08-20T11:40:00,5204.82,INR,netbanking,route_b,SBI,,Pune,web,order_784,success,,1075,0
7656ab8a-c237-4d22-aa29-e78a14c645dc,merchant_paymind_demo,cust_299,2026-08-01T15:42:00,7290.31,INR,netbanking,route_c,ICICI,,Hyderabad,ios,order_785,success,,1317,0
e53cad67-0aab-496c-aaa1-bd603f8a62bd,merchant_paymind_demo,cust_939,2026-08-02T22:49:00,307.49,INR,debit_card,route_b,SBI,,Pune,ios,order_786,success,,1169,0
c182cedd-2651-495d-a9e1-9ad06e79ffbd,merchant_paymind_demo,cust_525,2026-08-02T15:53:00,2427.22,INR,netbanking,route_a,HDFC,,Bengaluru,android,order_787,success,,2228,0
cd0013ee-5297-47e5-b4a4-913131cb7b1d,merchant_paymind_demo,cust_94,2026-08-01T02:55:00,6378.74,INR,debit_card,route_d,SBI,,Chennai,web,order_788,success,,1819,0
0041bdff-ce5f-4291-bc32-e8f597c7e1df,merchant_paymind_demo,cust_1146,2026-08-01T22:27:00,14533.15,INR,credit_card,route_c,ICICI,,Hyderabad,ios,order_789,success,,1689,0
2176c23a-cdd2-4ff1-befd-8878fadde780,merchant_paymind_demo,cust_650,2026-08-17T03:53:00,13284.07,INR,netbanking,route_b,SBI,,Mumbai,ios,order_790,success,,480,0
7440ee24-b2d9-4d1c-806a-6b399e3426d7,merchant_paymind_demo,cust_576,2026-08-18T00:24:00,9046.78,INR,credit_card,route_d,SBI,,Bengaluru,web,order_791,success,,1380,0
504d6b61-52d2-4340-b150-3536ebee69c1,merchant_paymind_demo,cust_338,2026-08-08T04:19:00,18434.89,INR,wallet,route_d,ICICI,,Hyderabad,web,order_792,success,,2102,0
fb177aac-c51c-4dd5-a33f-f0a51e25e69b,merchant_paymind_demo,cust_112,2026-08-06T05:32:00,4619.38,INR,UPI,route_d,SBI,phonepe,Pune,ios,order_793,success,,2087,0
98a47208-2f9b-41e5-af97-641eebbb7259,merchant_paymind_demo,cust_1014,2026-08-01T22:16:00,11065.92,INR,UPI,route_d,Axis,bhim,Mumbai,web,order_794,success,,906,0
351fd4a4-89a9-4f05-8732-814396758cd5,merchant_paymind_demo,cust_418,2026-08-20T18:08:00,7138.71,INR,UPI,route_b,Yes Bank,,Kolkata,ios,order_795,success,,1169,0
fe4ac8c9-16d8-49cd-958f-607e18b041ea,merchant_paymind_demo,cust_9,2026-08-12T23:16:00,19182.85,INR,wallet,route_b,Axis,,Mumbai,android,order_796,success,,2340,0
4f7b9eec-6781-425e-93cd-027c41b9a2ac,merchant_paymind_demo,cust_54,2026-08-07T11:15:00,17048.74,INR,UPI,route_a,Axis,paytm,Hyderabad,android,order_797,success,,1625,0
7720586b-5bbe-40a0-862d-bf4faf6d5713,merchant_paymind_demo,cust_943,2026-08-19T21:40:00,17707.28,INR,credit_card,route_d,Axis,,Pune,ios,order_798,failed,insufficient_funds,4698,0
c17704ce-6de2-4b21-8523-77c8c6ae036c,merchant_paymind_demo,cust_928,2026-08-08T09:26:00,23688.09,INR,UPI,route_b,ICICI,gpay,Kolkata,web,order_799,success,,1458,0
b9571353-e2b5-4a41-a00f-c4079aa07aa7,merchant_paymind_demo,cust_145,2026-08-13T10:49:00,23799.91,INR,debit_card,route_d,HDFC,,Chennai,ios,order_800,success,,1029,0
fafd8752-5885-4174-bea4-9eb72e5d7373,merchant_paymind_demo,cust_817,2026-08-03T00:42:00,561.78,INR,credit_card,route_b,ICICI,,Chennai,ios,order_801,success,,1467,0
d4242bcb-a28f-422d-9f1a-1bf4bc96031c,merchant_paymind_demo,cust_1006,2026-08-19T05:30:00,10837.34,INR,credit_card,route_c,Yes Bank,,Hyderabad,android,order_802,success,,1770,0
758a0513-9db6-4c6a-a49e-bc34ad549abe,merchant_paymind_demo,cust_1050,2026-08-05T13:09:00,12266.09,INR,UPI,route_d,Axis,paytm,Hyderabad,web,order_803,success,,2032,0
104c4936-aa40-4d1e-81e2-8d2c40d8d189,merchant_paymind_demo,cust_755,2026-08-14T23:15:00,4699.58,INR,UPI,route_d,HDFC,gpay,Hyderabad,ios,order_804,success,,2198,0
a0ab58a9-1a3e-413e-946a-ce7ce6307adc,merchant_paymind_demo,cust_318,2026-08-12T06:30:00,13205.6,INR,credit_card,route_a,SBI,,Chennai,ios,order_805,success,,624,0
1468fabd-934a-4df8-8426-d42cb930b925,merchant_paymind_demo,cust_262,2026-08-16T13:43:00,22577.45,INR,netbanking,route_b,Kotak,,Chennai,ios,order_806,success,,495,0
6a3f970a-da71-4069-bb69-1cfb25ffe0ed,merchant_paymind_demo,cust_93,2026-08-12T16:23:00,2735.42,INR,wallet,route_d,Axis,,Mumbai,ios,order_807,success,,1337,0
acf43ed4-08ec-428e-b5af-d1e163d152a1,merchant_paymind_demo,cust_168,2026-08-18T11:47:00,12610.94,INR,debit_card,route_a,Yes Bank,,Pune,ios,order_808,success,,1035,0
435e4d5c-193d-47ff-821f-3c3cef60062f,merchant_paymind_demo,cust_93,2026-08-02T21:29:00,10435.48,INR,credit_card,route_c,SBI,,Hyderabad,web,order_809,success,,2163,0
3adb76b3-720e-4e3a-9962-eadea306a063,merchant_paymind_demo,cust_543,2026-08-08T18:24:00,24169.65,INR,netbanking,route_b,ICICI,,Delhi,android,order_810,success,,1362,0
77daf3b2-d648-4ca7-a318-352b5aa5ef3a,merchant_paymind_demo,cust_37,2026-08-01T03:11:00,9903.6,INR,UPI,route_a,ICICI,bhim,Chennai,web,order_811,success,,1959,0
b06ec89a-d719-45fe-a54c-10c73810b3c6,merchant_paymind_demo,cust_621,2026-08-15T01:46:00,20337.66,INR,wallet,route_c,Yes Bank,,Pune,web,order_812,success,,1917,0
c27b0079-8df6-4cdf-aeea-1a41cd22a36a,merchant_paymind_demo,cust_277,2026-08-01T07:34:00,4810.51,INR,debit_card,route_a,Yes Bank,,Delhi,android,order_813,success,,1157,0
98470439-bace-414e-969a-643a8194e724,merchant_paymind_demo,cust_496,2026-08-10T21:59:00,21060.14,INR,netbanking,route_b,HDFC,,Bengaluru,ios,order_814,success,,906,0
e81e93f9-3545-48f3-bb87-6f9a8024786d,merchant_paymind_demo,cust_239,2026-08-04T18:42:00,22565.26,INR,netbanking,route_d,Axis,,Chennai,android,order_815,success,,2141,0
d64d7951-7089-43cf-a5e6-be40860d374b,merchant_paymind_demo,cust_604,2026-08-13T22:59:00,20744.8,INR,wallet,route_d,HDFC,,Bengaluru,android,order_816,success,,720,0
79cbe7f5-e474-4958-97a2-39c745425c15,merchant_paymind_demo,cust_1016,2026-08-17T18:32:00,14487.6,INR,netbanking,route_c,HDFC,,Chennai,ios,order_817,success,,2291,0
29b9843b-596b-4bee-99f9-c2ed84a6e8cb,merchant_paymind_demo,cust_1000,2026-08-06T06:39:00,17871.54,INR,wallet,route_a,Axis,,Hyderabad,ios,order_818,success,,560,0
67f86eb6-d1ab-45d6-a88d-baf534d091de,merchant_paymind_demo,cust_855,2026-08-11T18:30:00,2967.67,INR,debit_card,route_c,Axis,,Pune,ios,order_819,success,,385,0
1f771c5e-da77-4ad9-9638-45198bf3c9b1,merchant_paymind_demo,cust_394,2026-08-11T16:16:00,8628.99,INR,credit_card,route_b,Kotak,,Delhi,web,order_820,success,,1689,0
439bc6d5-1241-44c2-8d32-b2db9ff2f207,merchant_paymind_demo,cust_960,2026-08-03T23:37:00,22085.18,INR,wallet,route_d,Axis,,Kolkata,web,order_821,success,,1775,0
15a1fcb5-ae8f-4369-bff0-b9f4098c3ce8,merchant_paymind_demo,cust_332,2026-08-15T03:36:00,5219.85,INR,netbanking,route_a,Yes Bank,,Chennai,android,order_822,success,,1009,0
f38d0902-18ca-48da-8810-f57039a86565,merchant_paymind_demo,cust_1008,2026-08-03T07:06:00,19847.39,INR,credit_card,route_d,SBI,,Delhi,android,order_823,success,,492,0
ccd9c914-1ac9-490a-a164-1359443c1070,merchant_paymind_demo,cust_535,2026-08-09T02:59:00,16939.35,INR,UPI,route_b,Kotak,gpay,Kolkata,android,order_824,success,,1683,0
4d0296fb-8250-46a3-af90-76802dd4e93a,merchant_paymind_demo,cust_465,2026-08-03T17:54:00,14071.44,INR,netbanking,route_d,SBI,,Bengaluru,ios,order_825,success,,491,0
5e75cacd-c51d-47f0-a72d-71eb47a1f40d,merchant_paymind_demo,cust_310,2026-08-20T10:04:00,17268.88,INR,wallet,route_a,Yes Bank,,Mumbai,ios,order_826,success,,2172,0
6187cab9-da14-4b27-a528-e1f6f0534d80,merchant_paymind_demo,cust_209,2026-08-19T17:48:00,14083.7,INR,UPI,route_a,ICICI,gpay,Kolkata,android,order_827,success,,1781,0
c4af0bb1-4184-4ba6-95ae-db859d75b5e7,merchant_paymind_demo,cust_905,2026-08-18T08:08:00,12672.12,INR,credit_card,route_a,ICICI,,Pune,ios,order_828,success,,1670,0
5bf92054-7c7e-43cc-9757-a25fd2c54403,merchant_paymind_demo,cust_414,2026-08-10T23:48:00,24242.43,INR,credit_card,route_a,ICICI,,Kolkata,ios,order_829,success,,1698,0
52baba87-0fdc-469f-b24a-5d2f7603c483,merchant_paymind_demo,cust_175,2026-08-07T01:16:00,9342.29,INR,debit_card,route_d,SBI,,Pune,web,order_830,success,,1305,0
83b1d1bd-ff87-45e4-906f-cb6a2defc75a,merchant_paymind_demo,cust_1085,2026-08-10T14:18:00,19691.03,INR,credit_card,route_b,Axis,,Chennai,ios,order_831,success,,2179,0
4b8675fe-ef09-4510-9943-9a4fca78a45b,merchant_paymind_demo,cust_741,2026-08-01T16:15:00,11092.34,INR,wallet,route_a,Yes Bank,,Kolkata,web,order_832,success,,585,0
8129df40-eddd-4775-85e8-b71614d84ad0,merchant_paymind_demo,cust_823,2026-08-18T13:49:00,4149.9,INR,UPI,route_a,Axis,gpay,Pune,web,order_833,success,,918,0
93df53b4-f66a-408a-b90f-a596c8d7acb3,merchant_paymind_demo,cust_1065,2026-08-07T17:30:00,10511.67,INR,wallet,route_c,Yes Bank,,Pune,ios,order_834,success,,1709,0
b5ca8626-97a4-4b11-b93e-4c83cb0b1f7e,merchant_paymind_demo,cust_1081,2026-08-14T21:21:00,23015.24,INR,UPI,route_d,Axis,phonepe,Hyderabad,web,order_835,success,,2111,0
9459d9a3-ec3d-4b84-b894-3a5c800b915d,merchant_paymind_demo,cust_829,2026-08-18T15:28:00,4972.53,INR,debit_card,route_c,HDFC,,Mumbai,web,order_836,success,,1670,0
2f415778-7ad5-48ed-a309-a7ba8aaedaae,merchant_paymind_demo,cust_259,2026-08-12T20:14:00,24798.5,INR,netbanking,route_c,ICICI,,Mumbai,web,order_837,success,,1578,0
b76fd4ae-3b7e-43f2-ac2f-787fee1b9617,merchant_paymind_demo,cust_328,2026-08-01T12:47:00,745.89,INR,wallet,route_c,ICICI,,Kolkata,ios,order_838,success,,2031,0
18a1988d-c75c-4648-8376-dfa1fa6b7c7d,merchant_paymind_demo,cust_123,2026-08-20T03:37:00,9355.82,INR,wallet,route_c,HDFC,,Mumbai,web,order_839,success,,810,0
4fdd0386-ab68-4ee5-9ec9-66e8686c8587,merchant_paymind_demo,cust_11,2026-08-11T07:28:00,8507.56,INR,netbanking,route_b,Yes Bank,,Hyderabad,web,order_840,success,,2484,0
a50d4991-1471-4d88-8a78-566d82c23dc3,merchant_paymind_demo,cust_613,2026-08-07T11:23:00,16689.71,INR,wallet,route_b,Yes Bank,,Chennai,web,order_841,success,,1314,0
cdff198c-c59c-40ce-92ad-c2c31724f5a6,merchant_paymind_demo,cust_1193,2026-08-05T09:09:00,20579.93,INR,UPI,route_c,Axis,gpay,Delhi,web,order_842,success,,2043,0
696b802b-e1cf-4565-ab23-4f096c568644,merchant_paymind_demo,cust_128,2026-08-10T16:02:00,22218.31,INR,netbanking,route_d,ICICI,,Chennai,android,order_843,success,,1812,0
b870e068-8f1e-425b-951f-a87ea98ffcaa,merchant_paymind_demo,cust_1145,2026-08-12T19:24:00,19481.68,INR,wallet,route_c,Kotak,,Chennai,web,order_844,success,,2034,0
79b9ec4c-055d-42f7-8638-5266ca72e529,merchant_paymind_demo,cust_1003,2026-08-17T15:36:00,24333.15,INR,netbanking,route_b,ICICI,,Hyderabad,android,order_845,success,,2285,0
eee76ff2-d1bb-4d8e-bf4b-a8a08d175514,merchant_paymind_demo,cust_1052,2026-08-20T15:27:00,13252.07,INR,netbanking,route_b,Axis,,Chennai,android,order_846,success,,942,0
8acf37ca-a334-47ac-abb2-67c204e9537a,merchant_paymind_demo,cust_244,2026-08-14T16:33:00,21315.33,INR,wallet,route_a,HDFC,,Bengaluru,web,order_847,success,,1486,0
c2ce02cb-cb20-40ae-a06d-a39d14a61587,merchant_paymind_demo,cust_242,2026-08-09T10:52:00,7657.87,INR,UPI,route_c,SBI,paytm,Chennai,android,order_848,success,,885,0
84ff32e0-2627-4730-bfac-1f7936b95991,merchant_paymind_demo,cust_864,2026-08-02T02:34:00,23423.68,INR,credit_card,route_c,SBI,,Delhi,android,order_849,success,,2302,0
f7cf7ce1-5cf0-4e29-bfdf-65368fa83765,merchant_paymind_demo,cust_715,2026-08-02T12:53:00,21767.14,INR,UPI,route_d,Axis,,Bengaluru,web,order_850,success,,2152,0
ed23b304-6a89-4bdc-98fb-98bd06fa1902,merchant_paymind_demo,cust_974,2026-08-19T23:43:00,18014.84,INR,debit_card,route_b,ICICI,,Hyderabad,web,order_851,success,,2187,0
11e54af2-01ce-4e87-9206-c217dcd30906,merchant_paymind_demo,cust_306,2026-08-20T17:08:00,18210.21,INR,netbanking,route_a,Kotak,,Pune,web,order_852,success,,1977,0
c6cdd8f0-113f-4f45-8f5c-a3ba0c733a2c,merchant_paymind_demo,cust_810,2026-08-08T17:08:00,13547.81,INR,netbanking,route_d,Yes Bank,,Bengaluru,web,order_853,success,,662,0
ba0a5c91-493d-4e36-be70-892cc28c911a,merchant_paymind_demo,cust_1172,2026-08-15T08:07:00,19914.16,INR,credit_card,route_c,Kotak,,Pune,android,order_854,success,,648,0
899df6fb-962e-4922-ac3c-4d3b0931ae67,merchant_paymind_demo,cust_1110,2026-08-14T03:02:00,18952.5,INR,credit_card,route_b,Axis,,Hyderabad,android,order_855,success,,792,0
7e30a9d0-5263-4f4e-88ca-d7d5c819943b,merchant_paymind_demo,cust_39,2026-08-07T06:09:00,19679.59,INR,wallet,route_b,Yes Bank,,Kolkata,web,order_856,success,,2119,0
e8b7981a-912a-4bfa-a96d-1c9c228751d9,merchant_paymind_demo,cust_657,2026-08-10T03:26:00,14742.88,INR,UPI,route_d,HDFC,paytm,Chennai,android,order_857,success,,1999,0
7c16195e-f7cc-46c3-b18b-f4fb672a9922,merchant_paymind_demo,cust_650,2026-08-09T16:37:00,6466.59,INR,UPI,route_a,HDFC,,Delhi,ios,order_858,success,,889,0
e695cff7-052a-40d5-b25c-99236e5aefd9,merchant_paymind_demo,cust_184,2026-08-04T12:13:00,7704.52,INR,credit_card,route_d,Yes Bank,,Delhi,android,order_859,success,,1632,0
5b9cdbc7-0172-43d7-8093-37dee4ad7f5b,merchant_paymind_demo,cust_120,2026-08-07T18:45:00,9779.0,INR,credit_card,route_c,ICICI,,Chennai,ios,order_860,failed,invalid_otp,5076,0
b2339970-dc49-4b2b-9706-fe5581aca34c,merchant_paymind_demo,cust_491,2026-08-18T02:45:00,14945.27,INR,UPI,route_b,Axis,,Kolkata,web,order_861,success,,1877,0
16b06e8b-bc08-4c34-8c59-e1ffd76c7f98,merchant_paymind_demo,cust_652,2026-08-11T13:51:00,13850.37,INR,UPI,route_a,Axis,gpay,Chennai,web,order_862,success,,1257,0
a6f593e1-e650-4ba0-b770-f0163d19ee5f,merchant_paymind_demo,cust_208,2026-08-06T14:31:00,19086.31,INR,UPI,route_b,SBI,,Chennai,ios,order_863,success,,643,0
6e19b55f-1fc8-4bdd-8a60-2006e2119f50,merchant_paymind_demo,cust_292,2026-08-09T11:52:00,13533.97,INR,wallet,route_b,ICICI,,Hyderabad,ios,order_864,success,,2150,0
45d6b78f-d3c5-4c40-b238-1343f98b3dbc,merchant_paymind_demo,cust_952,2026-08-19T20:56:00,15537.21,INR,UPI,route_b,HDFC,gpay,Chennai,ios,order_865,failed,invalid_otp,8877,0
9c7b176e-15e8-4b58-bbb9-66ce023368a9,merchant_paymind_demo,cust_436,2026-08-14T07:34:00,21025.07,INR,netbanking,route_c,HDFC,,Delhi,web,order_866,success,,2487,0
5a3d4f62-5182-4019-ab94-400887dca2d5,merchant_paymind_demo,cust_184,2026-08-09T23:53:00,17475.81,INR,wallet,route_b,Yes Bank,,Hyderabad,ios,order_867,success,,2069,0
0e416e21-dcf2-412c-8120-1c0fbad3b629,merchant_paymind_demo,cust_652,2026-08-16T12:31:00,23637.94,INR,credit_card,route_c,Yes Bank,,Chennai,ios,order_868,success,,1307,0
981152fc-cb18-477d-8466-7b6011321458,merchant_paymind_demo,cust_942,2026-08-14T15:24:00,8245.01,INR,debit_card,route_b,Yes Bank,,Mumbai,web,order_869,success,,2251,0
ff9f8e0c-065a-4ba9-b113-8ec2b078977b,merchant_paymind_demo,cust_356,2026-08-10T09:38:00,13916.98,INR,UPI,route_d,Axis,,Mumbai,web,order_870,success,,617,0
070f607e-5c90-446f-a1c0-d97dc71b22cc,merchant_paymind_demo,cust_912,2026-08-16T07:08:00,3129.22,INR,wallet,route_d,Kotak,,Bengaluru,ios,order_871,failed,bank_timeout,8874,0
f82a6e22-fd35-4d08-a71a-a50269e0d018,merchant_paymind_demo,cust_759,2026-08-05T09:23:00,11142.21,INR,UPI,route_b,Yes Bank,gpay,Kolkata,ios,order_872,success,,1765,0
25ca9ee0-20f4-4d2a-8035-acecd9a2cb8b,merchant_paymind_demo,cust_621,2026-08-19T09:30:00,17959.35,INR,credit_card,route_b,Axis,,Bengaluru,android,order_873,success,,1449,0
fca8748e-2ff8-474b-93ba-5f2f138df744,merchant_paymind_demo,cust_429,2026-08-01T03:53:00,4942.37,INR,netbanking,route_d,HDFC,,Kolkata,ios,order_874,success,,2349,0
958ecef1-3620-4a52-b7d2-661186ffee6c,merchant_paymind_demo,cust_397,2026-08-16T00:21:00,18483.43,INR,netbanking,route_b,HDFC,,Hyderabad,android,order_875,success,,566,0
cb904e73-e360-455e-a5e3-204183d30f5e,merchant_paymind_demo,cust_1168,2026-08-20T11:12:00,5737.73,INR,credit_card,route_c,ICICI,,Kolkata,web,order_876,success,,394,0
25f15718-767e-43a4-879a-915135957c94,merchant_paymind_demo,cust_1148,2026-08-11T07:54:00,98.78,INR,wallet,route_d,Yes Bank,,Pune,web,order_877,success,,512,0
72e2a2d3-0f04-44e0-9787-b8756f8554f0,merchant_paymind_demo,cust_834,2026-08-07T05:39:00,3086.86,INR,debit_card,route_d,Axis,,Bengaluru,web,order_878,success,,478,0
da7ac9d3-8296-46b0-b8ac-7e40ac767799,merchant_paymind_demo,cust_861,2026-08-13T02:46:00,11249.09,INR,credit_card,route_a,Axis,,Delhi,ios,order_879,failed,insufficient_funds,6684,0
883a46dd-1511-4d78-87af-747d4de7ade2,merchant_paymind_demo,cust_463,2026-08-16T16:35:00,10624.32,INR,UPI,route_a,ICICI,phonepe,Delhi,ios,order_880,success,,1573,0
896df467-d515-48c3-919e-97966e4153ae,merchant_paymind_demo,cust_199,2026-08-01T15:13:00,12025.16,INR,UPI,route_a,Kotak,paytm,Kolkata,ios,order_881,success,,1312,0
05a9c09b-f6ba-4a60-97c3-bbf6a4fdb256,merchant_paymind_demo,cust_698,2026-08-19T22:39:00,1408.1,INR,UPI,route_c,Kotak,phonepe,Mumbai,web,order_882,success,,2096,0
6117cac0-e19d-4ceb-9214-da7138af9602,merchant_paymind_demo,cust_1186,2026-08-03T20:10:00,2184.09,INR,UPI,route_a,HDFC,bhim,Bengaluru,web,order_883,success,,566,0
4f50624b-d053-4bd0-b11f-b6e8c2cb89a6,merchant_paymind_demo,cust_906,2026-08-02T05:55:00,7571.7,INR,credit_card,route_d,HDFC,,Mumbai,web,order_884,success,,528,0
19cad173-041e-4a75-a979-c236861cde21,merchant_paymind_demo,cust_782,2026-08-10T03:22:00,2440.96,INR,wallet,route_d,ICICI,,Kolkata,web,order_885,success,,343,0
d082c26c-0678-4d52-adc2-368dc7a61758,merchant_paymind_demo,cust_877,2026-08-15T02:43:00,15499.8,INR,netbanking,route_c,Yes Bank,,Pune,android,order_886,success,,2159,0
88d67e39-ee6e-4306-bb2c-02389447e66c,merchant_paymind_demo,cust_395,2026-08-03T10:59:00,2612.11,INR,wallet,route_a,Kotak,,Kolkata,android,order_887,success,,816,0
0c9be619-d1b4-4083-a67a-e56c9a4727fe,merchant_paymind_demo,cust_863,2026-08-11T22:54:00,18129.34,INR,wallet,route_d,ICICI,,Delhi,android,order_888,success,,480,0
329a926f-dccf-4787-b407-50baacfa8c83,merchant_paymind_demo,cust_1198,2026-08-10T22:01:00,12852.49,INR,UPI,route_c,SBI,,Hyderabad,android,order_889,success,,903,0
e1551592-3a93-4833-a5a5-a9528a08c82f,merchant_paymind_demo,cust_703,2026-08-07T14:57:00,9252.31,INR,netbanking,route_a,Kotak,,Hyderabad,web,order_890,success,,892,0
3e75363b-0920-4a76-b529-8bb8153f05ed,merchant_paymind_demo,cust_1146,2026-08-20T12:57:00,1412.45,INR,UPI,route_c,ICICI,phonepe,Pune,android,order_891,success,,580,0
6eb19b3c-f8be-411d-ada0-657b4ef24501,merchant_paymind_demo,cust_975,2026-08-16T19:26:00,17311.43,INR,debit_card,route_d,Kotak,,Pune,ios,order_892,success,,1674,0
c7cbf06a-0106-4f53-ab1c-57a9d3b37fd4,merchant_paymind_demo,cust_674,2026-08-04T16:37:00,2665.96,INR,wallet,route_a,Axis,,Delhi,android,order_893,success,,1213,0
9fbe62df-8c13-45d1-b359-a782a643edae,merchant_paymind_demo,cust_437,2026-08-06T10:32:00,12044.62,INR,credit_card,route_c,Yes Bank,,Chennai,android,order_894,success,,1939,0
a4edc964-ebb1-4fea-aa6a-fb18cf30a1a8,merchant_paymind_demo,cust_14,2026-08-09T06:08:00,296.81,INR,credit_card,route_c,HDFC,,Hyderabad,android,order_895,success,,883,0
d6de923c-f92c-4682-badf-10c91ad3eb7d,merchant_paymind_demo,cust_1200,2026-08-18T10:04:00,9029.74,INR,debit_card,route_a,ICICI,,Delhi,ios,order_896,success,,1013,0
3595aed3-565f-415b-93fb-c25154b536bb,merchant_paymind_demo,cust_357,2026-08-08T17:35:00,21195.98,INR,credit_card,route_b,ICICI,,Delhi,android,order_897,success,,1021,0
a4f3861f-ea10-476b-adc5-9367f1c28d37,merchant_paymind_demo,cust_43,2026-08-19T22:04:00,16952.44,INR,debit_card,route_d,Yes Bank,,Kolkata,android,order_898,success,,1686,0
e6877f48-58e0-4437-ac20-7806b2cf0b1f,merchant_paymind_demo,cust_492,2026-08-09T09:52:00,20246.72,INR,credit_card,route_b,Kotak,,Kolkata,web,order_899,success,,2076,0
ea5c33ca-5812-4640-b434-d1e3c1a4952d,merchant_paymind_demo,cust_268,2026-08-19T02:07:00,4781.55,INR,UPI,route_d,Yes Bank,paytm,Bengaluru,web,order_900,success,,2059,0
16b4fb4f-05d0-4273-8ca5-2a811ea6911b,merchant_paymind_demo,cust_388,2026-08-20T10:38:00,13409.94,INR,credit_card,route_b,SBI,,Delhi,android,order_901,success,,1447,0
fa095377-8359-4d16-969a-cefc56f19ffa,merchant_paymind_demo,cust_1197,2026-08-12T03:03:00,5270.48,INR,credit_card,route_a,Axis,,Kolkata,web,order_902,success,,565,0
a89543ed-90e4-4f79-ad4d-f3dbacf6964d,merchant_paymind_demo,cust_1043,2026-08-09T12:23:00,12489.77,INR,credit_card,route_d,ICICI,,Bengaluru,web,order_903,success,,1831,0
3a77eb0d-6c86-461c-b2a3-a9aba061b6e3,merchant_paymind_demo,cust_1014,2026-08-11T18:44:00,6744.97,INR,wallet,route_d,Yes Bank,,Kolkata,web,order_904,success,,449,0
a8cd74fa-bcb1-41b7-bf9c-35567a3ce5bb,merchant_paymind_demo,cust_416,2026-08-11T06:53:00,21586.05,INR,credit_card,route_d,ICICI,,Bengaluru,ios,order_905,success,,1844,0
32af6e66-249e-44e6-b03a-7fd034c7df40,merchant_paymind_demo,cust_767,2026-08-06T19:00:00,13786.27,INR,wallet,route_b,HDFC,,Bengaluru,ios,order_906,success,,2425,0
37e790b6-d994-420d-b0af-b5e1f645211d,merchant_paymind_demo,cust_85,2026-08-11T14:05:00,12830.94,INR,debit_card,route_c,Axis,,Chennai,ios,order_907,success,,2071,0
50fec08d-f46f-4aa3-9385-7e5ea53d4292,merchant_paymind_demo,cust_1019,2026-08-08T05:08:00,6861.84,INR,netbanking,route_a,ICICI,,Chennai,android,order_908,success,,1387,0
28b27eb5-88e2-46b5-b8f2-a6c1df7b6bab,merchant_paymind_demo,cust_169,2026-08-07T16:50:00,21072.95,INR,UPI,route_a,SBI,phonepe,Mumbai,android,order_909,success,,592,0
b3f8d5c9-689a-4030-857b-8450638379de,merchant_paymind_demo,cust_411,2026-08-08T14:16:00,4956.33,INR,debit_card,route_c,SBI,,Bengaluru,web,order_910,failed,invalid_otp,3561,0
67c36269-ec86-4380-92bb-c36ba7a3b8db,merchant_paymind_demo,cust_1113,2026-08-06T22:36:00,262.92,INR,wallet,route_c,SBI,,Kolkata,ios,order_911,success,,1954,0
ffe7cd97-afd1-41c0-8f04-6285ee6875e0,merchant_paymind_demo,cust_25,2026-08-11T17:46:00,16369.57,INR,netbanking,route_b,Axis,,Delhi,android,order_912,success,,1159,0
19d00074-30c4-463d-bf52-fc234915d75a,merchant_paymind_demo,cust_1132,2026-08-18T05:45:00,11745.02,INR,netbanking,route_d,SBI,,Kolkata,android,order_913,success,,1582,0
8886edb8-0195-4b94-a858-a562f61591fc,merchant_paymind_demo,cust_856,2026-08-05T18:27:00,10995.09,INR,credit_card,route_a,SBI,,Delhi,web,order_914,success,,825,0
ef317846-4b05-4fab-991b-147b8f62ffc0,merchant_paymind_demo,cust_20,2026-08-12T08:57:00,20269.51,INR,debit_card,route_c,SBI,,Delhi,ios,order_915,success,,2043,0
b86fc19e-38e6-4149-add2-ade683c16a3e,merchant_paymind_demo,cust_1102,2026-08-07T19:38:00,8185.68,INR,netbanking,route_a,Kotak,,Kolkata,android,order_916,success,,869,0
36e26d0e-719f-42cb-994e-5a0ac31a7efd,merchant_paymind_demo,cust_677,2026-08-13T22:18:00,15764.49,INR,credit_card,route_d,Axis,,Delhi,ios,order_917,success,,560,0
4fada38d-af92-476c-abe0-248e1fe20de4,merchant_paymind_demo,cust_973,2026-08-03T11:19:00,8254.59,INR,wallet,route_d,Yes Bank,,Bengaluru,android,order_918,success,,1002,0
87e94d94-0519-4a18-a846-ea9a8b9266a5,merchant_paymind_demo,cust_364,2026-08-01T17:30:00,20670.55,INR,UPI,route_d,HDFC,phonepe,Delhi,android,order_919,success,,1880,0
dcc6899e-b15c-406f-8aab-68ef6f193016,merchant_paymind_demo,cust_597,2026-08-16T00:12:00,13133.67,INR,debit_card,route_d,HDFC,,Bengaluru,web,order_920,success,,345,0
cb014ab0-4120-43c9-b69e-c160fad7f372,merchant_paymind_demo,cust_842,2026-08-09T21:35:00,3968.03,INR,credit_card,route_a,ICICI,,Hyderabad,ios,order_921,success,,2258,0
a797e8fc-4d06-4c76-90ea-aef6b45acf90,merchant_paymind_demo,cust_423,2026-08-03T22:57:00,21767.7,INR,UPI,route_c,Axis,bhim,Delhi,web,order_922,success,,1571,0
b88fe5f6-918b-4c21-8759-84de4d4ae358,merchant_paymind_demo,cust_940,2026-08-07T06:25:00,5082.48,INR,wallet,route_b,Axis,,Mumbai,ios,order_923,success,,1311,0
64944187-294d-4dad-9a82-a7368db8cca2,merchant_paymind_demo,cust_1166,2026-08-12T04:07:00,11532.1,INR,wallet,route_a,Yes Bank,,Mumbai,ios,order_924,success,,2169,0
53c27971-c7f0-41da-9f8b-3544e522d7d6,merchant_paymind_demo,cust_610,2026-08-09T21:35:00,15345.04,INR,debit_card,route_b,Axis,,Delhi,android,order_925,success,,2069,0
7a9be347-f9e8-408a-9509-5b7f482c65d7,merchant_paymind_demo,cust_376,2026-08-16T21:29:00,14236.95,INR,netbanking,route_d,Yes Bank,,Mumbai,android,order_926,success,,946,0
52a628db-8c2f-4db1-a9b8-37f036e20b9a,merchant_paymind_demo,cust_1102,2026-08-07T15:24:00,16683.09,INR,debit_card,route_a,Yes Bank,,Pune,web,order_927,success,,1189,0
783c5e53-5da5-4243-ad82-5ea88ab35946,merchant_paymind_demo,cust_1133,2026-08-03T18:12:00,24883.14,INR,netbanking,route_a,HDFC,,Hyderabad,ios,order_928,success,,1979,0
8f54fb1f-563b-4dfb-aed8-c4623ea7fb21,merchant_paymind_demo,cust_425,2026-08-12T12:22:00,1163.65,INR,netbanking,route_a,HDFC,,Pune,web,order_929,success,,2191,0
2b4041d8-e44d-4137-b6be-73246542fce4,merchant_paymind_demo,cust_818,2026-08-20T11:21:00,4900.37,INR,netbanking,route_a,HDFC,,Bengaluru,android,order_930,success,,859,0
ac620070-a81b-47b7-8a13-2a59fe5bfb25,merchant_paymind_demo,cust_951,2026-08-12T00:44:00,11560.86,INR,debit_card,route_a,Kotak,,Pune,android,order_931,success,,2092,0
d89ed114-4f63-4384-9107-b72d02b7b782,merchant_paymind_demo,cust_572,2026-08-20T03:36:00,4076.09,INR,credit_card,route_a,Kotak,,Mumbai,android,order_932,success,,1504,0
d7472e65-dd72-4bcd-b72d-3d017cb310fe,merchant_paymind_demo,cust_801,2026-08-04T19:59:00,1985.75,INR,UPI,route_a,Yes Bank,paytm,Delhi,ios,order_933,success,,1766,0
3d5178ea-7bed-421a-8681-65b75d1ed7a0,merchant_paymind_demo,cust_71,2026-08-16T08:39:00,13330.86,INR,credit_card,route_d,Yes Bank,,Mumbai,web,order_934,success,,2441,0
23c7981d-5690-4faf-ad8c-92aa1dce98b3,merchant_paymind_demo,cust_632,2026-08-11T02:28:00,1357.76,INR,UPI,route_a,HDFC,bhim,Kolkata,android,order_935,success,,1322,0
80145da7-27cd-4d27-8967-b4f905ebf111,merchant_paymind_demo,cust_410,2026-08-03T01:54:00,450.16,INR,debit_card,route_a,HDFC,,Bengaluru,android,order_936,success,,558,0
a13679c4-9441-4de6-a672-03c66e337abb,merchant_paymind_demo,cust_198,2026-08-19T03:13:00,20892.86,INR,credit_card,route_b,Yes Bank,,Delhi,android,order_937,success,,2002,0
1ddc1a0e-6308-46f6-b047-9ea2757c5d8d,merchant_paymind_demo,cust_670,2026-08-08T08:13:00,14073.25,INR,wallet,route_b,Kotak,,Delhi,web,order_938,success,,1918,0
4f696d39-43ae-4050-8a8f-2032324a58ad,merchant_paymind_demo,cust_438,2026-08-03T09:49:00,8946.58,INR,netbanking,route_b,HDFC,,Chennai,web,order_939,success,,1595,0
c77293a6-96c2-4f61-b79e-0a38bfde109c,merchant_paymind_demo,cust_940,2026-08-06T00:12:00,1697.11,INR,UPI,route_c,Yes Bank,,Bengaluru,android,order_940,success,,575,0
ee13848a-1ec4-4cb8-a7cb-4d8f74edab84,merchant_paymind_demo,cust_1024,2026-08-03T07:36:00,17827.65,INR,credit_card,route_b,SBI,,Mumbai,web,order_941,success,,1628,0
d3fa253d-ac03-4aa4-b12a-2d1989d5ffd6,merchant_paymind_demo,cust_273,2026-08-08T13:20:00,4424.51,INR,netbanking,route_c,Yes Bank,,Chennai,android,order_942,success,,1672,0
da101dbc-86e3-4820-acf5-57bc011c842e,merchant_paymind_demo,cust_1199,2026-08-11T05:09:00,9590.17,INR,UPI,route_b,Kotak,,Pune,android,order_943,success,,1252,0
b6a5858f-4336-442c-a1fa-d8514de75184,merchant_paymind_demo,cust_255,2026-08-08T00:40:00,5948.09,INR,UPI,route_d,ICICI,,Mumbai,android,order_944,success,,863,0
3c700778-9368-4da7-910f-c06e218ed3a4,merchant_paymind_demo,cust_414,2026-08-04T10:49:00,9424.91,INR,debit_card,route_a,ICICI,,Pune,web,order_945,success,,2117,0
02dd1fcb-0e33-4c67-b1d9-ddbe52a98568,merchant_paymind_demo,cust_651,2026-08-15T15:29:00,19684.92,INR,debit_card,route_a,Kotak,,Kolkata,ios,order_946,success,,1481,0
88da994d-3594-460e-8784-588d47a9bb5a,merchant_paymind_demo,cust_679,2026-08-08T19:10:00,6094.11,INR,UPI,route_a,Yes Bank,phonepe,Kolkata,web,order_947,success,,1211,0
de386bb0-a15b-4e17-b065-900d5da6c1a8,merchant_paymind_demo,cust_1068,2026-08-08T07:39:00,4629.46,INR,wallet,route_a,HDFC,,Kolkata,ios,order_948,success,,586,0
1da3f933-4dad-48e4-b1c7-aef6097eccb4,merchant_paymind_demo,cust_290,2026-08-05T15:31:00,3182.75,INR,credit_card,route_b,Kotak,,Hyderabad,android,order_949,success,,1267,0
404ec95d-8a19-4c5c-8eea-3499f5c8cb6a,merchant_paymind_demo,cust_957,2026-08-08T02:06:00,4145.76,INR,wallet,route_b,ICICI,,Chennai,android,order_950,success,,1319,0
ba9dbd92-b203-4537-bf19-b0edbf85b2af,merchant_paymind_demo,cust_919,2026-08-15T11:07:00,5074.96,INR,debit_card,route_d,HDFC,,Bengaluru,ios,order_951,success,,1847,0
da62761e-292c-46d9-8f3b-72d1ce520dfe,merchant_paymind_demo,cust_866,2026-08-12T11:57:00,15254.39,INR,credit_card,route_d,ICICI,,Kolkata,ios,order_952,success,,381,0
7acfa695-eea6-4b99-82f2-268bccc670c8,merchant_paymind_demo,cust_171,2026-08-18T06:26:00,22666.1,INR,netbanking,route_c,Kotak,,Hyderabad,android,order_953,success,,1019,0
7ddc1444-c0d3-4aa6-ae3c-bac54a4441a1,merchant_paymind_demo,cust_627,2026-08-11T07:43:00,7116.48,INR,debit_card,route_d,HDFC,,Bengaluru,android,order_954,success,,2222,0
47f7f058-0048-461d-af10-7b8eee65b175,merchant_paymind_demo,cust_389,2026-08-01T02:16:00,370.22,INR,credit_card,route_c,Axis,,Chennai,ios,order_955,success,,1916,0
5e41fa02-708a-47b9-8e74-20e383f1b47f,merchant_paymind_demo,cust_631,2026-08-15T14:05:00,24688.68,INR,debit_card,route_a,Axis,,Mumbai,android,order_956,success,,1876,0
d6a20b0c-c023-4dbd-b8c4-dbd5e0cf8404,merchant_paymind_demo,cust_894,2026-08-06T19:24:00,19293.2,INR,wallet,route_c,Kotak,,Pune,ios,order_957,success,,1808,0
1a0f0335-829f-48f2-99ce-8b43f998c4ad,merchant_paymind_demo,cust_869,2026-08-17T17:46:00,6207.46,INR,UPI,route_d,HDFC,paytm,Pune,web,order_958,success,,415,0
e8de3d6a-f86d-4135-aab8-722eaa8469f8,merchant_paymind_demo,cust_933,2026-08-16T11:57:00,3726.82,INR,credit_card,route_b,Kotak,,Hyderabad,web,order_959,success,,961,0
5b540ce6-e4d0-467a-89f8-caa7eb316cb5,merchant_paymind_demo,cust_190,2026-08-15T15:55:00,17804.66,INR,UPI,route_d,Axis,,Mumbai,web,order_960,success,,1073,0
58e1dc17-f6bc-4f8d-8b86-49ee56b6837e,merchant_paymind_demo,cust_875,2026-08-06T18:06:00,17311.33,INR,netbanking,route_d,Kotak,,Bengaluru,web,order_961,success,,1985,0
8ddde971-a0af-4d0a-96bf-f155109424ac,merchant_paymind_demo,cust_1173,2026-08-18T16:10:00,19948.47,INR,UPI,route_b,SBI,phonepe,Pune,ios,order_962,success,,1561,0
00517a69-2bf3-4961-a645-9a079033a340,merchant_paymind_demo,cust_1008,2026-08-01T00:51:00,2466.92,INR,UPI,route_d,Kotak,bhim,Pune,ios,order_963,success,,2065,0
53ea118e-fae4-439a-b1a6-93087fe5d18f,merchant_paymind_demo,cust_382,2026-08-17T00:30:00,3401.58,INR,credit_card,route_d,ICICI,,Hyderabad,android,order_964,success,,2145,0
ed8bb146-299d-4077-bdca-c4c1a1d59ac8,merchant_paymind_demo,cust_381,2026-08-05T13:44:00,1521.6,INR,wallet,route_b,ICICI,,Bengaluru,ios,order_965,success,,2105,0
103678b7-c9a3-4401-9ae4-c977e5b144f0,merchant_paymind_demo,cust_341,2026-08-02T19:35:00,7363.48,INR,wallet,route_d,HDFC,,Bengaluru,android,order_966,success,,1701,0
c612e8e6-2e95-446a-bb5e-768db89698c9,merchant_paymind_demo,cust_979,2026-08-12T00:58:00,16836.47,INR,UPI,route_a,HDFC,gpay,Bengaluru,android,order_967,success,,471,0
cf391a36-129f-41c8-89bc-2c64cbfb6a25,merchant_paymind_demo,cust_15,2026-08-09T13:09:00,15094.47,INR,UPI,route_c,Axis,bhim,Kolkata,ios,order_968,success,,2059,0
78fc75e7-464e-4b7f-8945-c264f99c504a,merchant_paymind_demo,cust_703,2026-08-08T04:09:00,20430.34,INR,debit_card,route_c,Yes Bank,,Chennai,ios,order_969,success,,534,0
71d05bfb-c8a1-4b34-afee-484c0deee0d2,merchant_paymind_demo,cust_206,2026-08-01T01:41:00,11450.14,INR,debit_card,route_d,Yes Bank,,Kolkata,android,order_970,success,,405,0
069f45db-99bc-493f-ad96-8d6b77ac0f5c,merchant_paymind_demo,cust_1087,2026-08-07T08:37:00,23779.0,INR,wallet,route_b,SBI,,Chennai,web,order_971,success,,2246,0
31cc2662-5e1b-408e-8839-513b19324724,merchant_paymind_demo,cust_385,2026-08-01T01:42:00,24655.23,INR,wallet,route_c,HDFC,,Pune,ios,order_972,success,,487,0
ff893160-fd5b-49e7-b3a8-95cc9a368b9a,merchant_paymind_demo,cust_479,2026-08-14T19:22:00,12139.18,INR,debit_card,route_a,SBI,,Chennai,ios,order_973,success,,711,0
f352bb62-fd33-42a9-94c9-f184f66e7af3,merchant_paymind_demo,cust_400,2026-08-17T04:48:00,3621.88,INR,netbanking,route_a,ICICI,,Chennai,android,order_974,success,,1534,0
f8e0f242-51ee-4ec5-bffc-3f07dbe7ccf3,merchant_paymind_demo,cust_957,2026-08-04T19:46:00,22415.39,INR,wallet,route_a,Axis,,Pune,web,order_975,success,,1286,0
57c290b0-f67f-4859-8f71-9d5e9eb09a46,merchant_paymind_demo,cust_184,2026-08-03T09:36:00,10900.59,INR,credit_card,route_a,ICICI,,Bengaluru,ios,order_976,success,,1448,0
f16ae9d5-cfdf-4a07-91ac-ea707726556d,merchant_paymind_demo,cust_976,2026-08-16T06:14:00,3121.3,INR,credit_card,route_b,Kotak,,Pune,web,order_977,success,,2315,0
fa2f45d8-c5eb-4f5d-94aa-a9c64df1f9c8,merchant_paymind_demo,cust_682,2026-08-20T20:11:00,5633.97,INR,UPI,route_a,Yes Bank,paytm,Chennai,web,order_978,success,,1863,0
76771ae3-8178-49f5-a23b-9878c2f7e874,merchant_paymind_demo,cust_895,2026-08-19T09:31:00,5872.52,INR,wallet,route_c,HDFC,,Bengaluru,android,order_979,success,,756,0
3d00a4b7-931c-4bbb-9d6f-996fc5068688,merchant_paymind_demo,cust_386,2026-08-17T22:39:00,23553.09,INR,UPI,route_c,ICICI,paytm,Chennai,web,order_980,success,,306,0
f727825c-0820-4014-a288-de83aff92f6a,merchant_paymind_demo,cust_1097,2026-08-05T07:41:00,21185.61,INR,debit_card,route_d,SBI,,Kolkata,ios,order_981,success,,817,0
e57c4ae9-d49b-47ac-9688-f8834652e358,merchant_paymind_demo,cust_455,2026-08-03T10:12:00,9913.04,INR,wallet,route_d,SBI,,Delhi,ios,order_982,success,,1196,0
bcc4b08b-b995-4509-a0c9-29279462677d,merchant_paymind_demo,cust_302,2026-08-14T16:28:00,7120.65,INR,netbanking,route_a,Kotak,,Bengaluru,ios,order_983,success,,2357,0
20188b98-ebe5-4d55-8098-623003e176a3,merchant_paymind_demo,cust_1176,2026-08-11T21:12:00,15795.37,INR,UPI,route_b,Axis,paytm,Pune,ios,order_984,success,,540,0
ee6ce9aa-52fa-4b90-91b8-5490ecf4b72c,merchant_paymind_demo,cust_432,2026-08-20T07:09:00,18329.82,INR,debit_card,route_b,Yes Bank,,Pune,android,order_985,success,,1033,0
185187bf-4a17-4b0c-a54a-7a93724ae3a3,merchant_paymind_demo,cust_613,2026-08-19T13:06:00,16498.3,INR,netbanking,route_b,HDFC,,Hyderabad,ios,order_986,success,,1682,0
f35e77e5-fb65-4f61-9b4d-92265d9f4097,merchant_paymind_demo,cust_714,2026-08-18T05:48:00,9814.5,INR,netbanking,route_a,Kotak,,Pune,ios,order_987,success,,1456,0
cd3739c6-dadc-4b53-ba61-8b46ee32d897,merchant_paymind_demo,cust_1123,2026-08-09T23:03:00,2478.12,INR,credit_card,route_c,Kotak,,Kolkata,android,order_988,success,,1545,0
fff931fe-2d22-4da5-abca-779c496c7f08,merchant_paymind_demo,cust_1183,2026-08-04T03:07:00,11075.0,INR,netbanking,route_d,SBI,,Delhi,android,order_989,success,,1193,0
7c7b9b10-7169-4c58-bf8d-da826b257295,merchant_paymind_demo,cust_19,2026-08-09T05:49:00,18162.64,INR,credit_card,route_a,Yes Bank,,Kolkata,android,order_990,success,,1842,0
75e8fac7-6721-4e9f-89a2-b873097e515d,merchant_paymind_demo,cust_345,2026-08-02T06:45:00,2446.39,INR,netbanking,route_d,ICICI,,Mumbai,android,order_991,success,,2411,0
738542ef-6d6c-4021-b1f5-0663bbfe3f24,merchant_paymind_demo,cust_305,2026-08-15T06:24:00,18077.63,INR,debit_card,route_b,HDFC,,Mumbai,android,order_992,success,,1924,0
f5d1c6f3-e0c2-4807-beea-6999bfdc2379,merchant_paymind_demo,cust_354,2026-08-15T20:30:00,18642.75,INR,netbanking,route_a,Axis,,Kolkata,web,order_993,success,,1865,0
e1c4551c-0664-47c6-8f9f-5ab842cd0713,merchant_paymind_demo,cust_912,2026-08-09T08:36:00,339.48,INR,debit_card,route_a,HDFC,,Mumbai,ios,order_994,success,,2387,0
720d33a4-2e72-48d7-8207-7a41ce49af61,merchant_paymind_demo,cust_1174,2026-08-14T00:43:00,12013.48,INR,credit_card,route_a,Kotak,,Delhi,ios,order_995,failed,gateway_error,7280,0
de254cdb-2c1a-48a5-a4d1-8966a88ac8c7,merchant_paymind_demo,cust_257,2026-08-03T06:18:00,8164.46,INR,netbanking,route_b,Axis,,Kolkata,web,order_996,success,,380,0
6ce3c7e3-968c-49ea-8096-654c9c451aa1,merchant_paymind_demo,cust_1099,2026-08-18T19:52:00,20314.3,INR,netbanking,route_d,HDFC,,Hyderabad,web,order_997,success,,808,0
a239b2c5-d1ab-4d6d-9c92-ea75150fc11d,merchant_paymind_demo,cust_241,2026-08-05T02:40:00,21556.99,INR,credit_card,route_b,HDFC,,Hyderabad,ios,order_998,success,,1587,0
6c858abe-a785-4547-a38a-dde796c65a91,merchant_paymind_demo,cust_1178,2026-08-05T16:37:00,16333.38,INR,UPI,route_a,Kotak,paytm,Kolkata,android,order_999,failed,insufficient_funds,3021,0
5f19f78d-4d56-4365-a001-06376fc6869b,merchant_paymind_demo,cust_1115,2026-08-04T21:43:00,10605.13,INR,wallet,route_a,ICICI,,Bengaluru,android,order_1000,success,,2427,0
848699cc-7e22-44ba-830d-8942ab63439d,merchant_paymind_demo,cust_912,2026-08-04T04:22:00,14447.93,INR,debit_card,route_c,Kotak,,Bengaluru,web,order_1001,success,,2391,0
4994e3ca-1fdb-4d3a-a489-00f99f63b1fb,merchant_paymind_demo,cust_92,2026-08-06T09:29:00,966.51,INR,credit_card,route_b,SBI,,Kolkata,android,order_1002,success,,849,0
1750abb9-cc12-4822-8939-fb3ad4798027,merchant_paymind_demo,cust_736,2026-08-07T07:29:00,3255.88,INR,wallet,route_d,HDFC,,Hyderabad,ios,order_1003,success,,1367,0
af50004d-37bd-43be-a91c-3d233c35f648,merchant_paymind_demo,cust_335,2026-08-10T02:29:00,11428.89,INR,netbanking,route_c,Yes Bank,,Chennai,web,order_1004,success,,886,0
f92aee8a-fab6-4751-9929-cecc26e47592,merchant_paymind_demo,cust_552,2026-08-15T09:46:00,17435.23,INR,wallet,route_b,Yes Bank,,Bengaluru,web,order_1005,success,,2394,0
4b1763a1-14ea-4834-a228-5eb86a7ea575,merchant_paymind_demo,cust_315,2026-08-08T04:46:00,24811.6,INR,wallet,route_d,Axis,,Mumbai,web,order_1006,success,,1313,0
e35613bb-d608-4fa9-b740-f5437c16613f,merchant_paymind_demo,cust_1089,2026-08-03T12:04:00,17115.28,INR,UPI,route_d,HDFC,paytm,Pune,android,order_1007,success,,1786,0
f2c8a02d-44ab-4fd0-a1d0-b272de18de36,merchant_paymind_demo,cust_300,2026-08-20T18:30:00,19962.53,INR,debit_card,route_c,HDFC,,Mumbai,ios,order_1008,success,,1210,0
075411c8-eced-483e-b3d2-f2c3f813ffa4,merchant_paymind_demo,cust_253,2026-08-04T23:58:00,13185.57,INR,netbanking,route_c,Kotak,,Kolkata,ios,order_1009,success,,691,0
3b9d1c51-5c67-43fa-bd9f-dd3fa1ec34a5,merchant_paymind_demo,cust_1172,2026-08-20T16:37:00,7085.82,INR,wallet,route_c,Kotak,,Mumbai,android,order_1010,success,,999,0
baf1cbec-526b-4f42-8ef5-b6500b39f386,merchant_paymind_demo,cust_798,2026-08-05T02:40:00,8662.06,INR,debit_card,route_d,Axis,,Hyderabad,android,order_1011,success,,1361,0
00eaab8c-c15d-4460-ac0b-6e5d8cf7f9d0,merchant_paymind_demo,cust_319,2026-08-15T23:07:00,3202.89,INR,UPI,route_d,Kotak,paytm,Mumbai,web,order_1012,success,,1816,0
21d7085a-aeb2-4a59-ad40-2ff387c261f0,merchant_paymind_demo,cust_857,2026-08-17T01:59:00,11471.78,INR,credit_card,route_d,SBI,,Kolkata,ios,order_1013,success,,2357,0
c6993d84-0781-4323-8b01-baab2e3a2b07,merchant_paymind_demo,cust_877,2026-08-12T20:18:00,23544.84,INR,debit_card,route_b,SBI,,Pune,android,order_1014,success,,1551,0
f896d39d-3039-4525-bf77-3980f0056838,merchant_paymind_demo,cust_185,2026-08-15T10:37:00,2032.9,INR,netbanking,route_b,HDFC,,Delhi,web,order_1015,success,,535,0
bc53b0f5-a18a-4157-b40b-4df56f676ca0,merchant_paymind_demo,cust_1135,2026-08-12T05:09:00,20218.26,INR,UPI,route_a,Axis,,Pune,android,order_1016,success,,2264,0
1b035ad1-118a-4ebe-a5b3-9ecb62dfb9cc,merchant_paymind_demo,cust_1091,2026-08-16T21:08:00,3161.06,INR,netbanking,route_a,Kotak,,Delhi,web,order_1017,success,,329,0
cefe3d79-4541-46d5-a56a-e597f2bcf505,merchant_paymind_demo,cust_707,2026-08-06T13:22:00,24855.84,INR,netbanking,route_a,Kotak,,Chennai,android,order_1018,success,,2444,0
9cf3adf7-b765-4626-886a-048218f0bc30,merchant_paymind_demo,cust_752,2026-08-20T02:25:00,3376.3,INR,credit_card,route_c,HDFC,,Chennai,ios,order_1019,success,,1852,0
b3a01bc0-8642-4cdd-81a6-b2e801b60d86,merchant_paymind_demo,cust_232,2026-08-08T16:34:00,22855.43,INR,credit_card,route_b,Kotak,,Kolkata,android,order_1020,success,,1488,0
fe65c037-9f92-4819-9c5d-45ba7adca17a,merchant_paymind_demo,cust_543,2026-08-05T20:21:00,105.75,INR,debit_card,route_d,ICICI,,Bengaluru,web,order_1021,success,,2411,0
c3d7da59-f22b-4bb2-b29f-5af1babfbca0,merchant_paymind_demo,cust_1000,2026-08-02T07:24:00,8925.81,INR,UPI,route_d,SBI,paytm,Bengaluru,android,order_1022,success,,321,0
54841026-08c1-4b61-8eeb-f48848944e4f,merchant_paymind_demo,cust_382,2026-08-10T03:34:00,8895.58,INR,debit_card,route_a,Axis,,Chennai,android,order_1023,success,,647,0
98981857-7bce-49cc-8661-95881d88367a,merchant_paymind_demo,cust_315,2026-08-10T08:18:00,3139.87,INR,wallet,route_d,HDFC,,Delhi,web,order_1024,success,,1324,0
6be97a5d-f316-4f2d-86ac-0a773069c0fb,merchant_paymind_demo,cust_767,2026-08-07T19:26:00,9144.17,INR,credit_card,route_b,Kotak,,Kolkata,ios,order_1025,success,,745,0
e27331dc-1999-4afc-81ed-b96000dee2c1,merchant_paymind_demo,cust_900,2026-08-04T16:22:00,3539.87,INR,netbanking,route_d,HDFC,,Bengaluru,web,order_1026,success,,1112,0
635fa4d5-2cd7-4c37-9454-ed39c3727d52,merchant_paymind_demo,cust_83,2026-08-04T01:00:00,9893.92,INR,UPI,route_c,HDFC,phonepe,Pune,android,order_1027,success,,2263,0
7d37f0e2-288b-4a02-9cef-429f01116716,merchant_paymind_demo,cust_1002,2026-08-13T12:26:00,12414.41,INR,debit_card,route_b,SBI,,Kolkata,ios,order_1028,success,,2355,0
16e4124e-6004-4f1a-bba9-b5f1877155d2,merchant_paymind_demo,cust_221,2026-08-19T00:55:00,577.75,INR,netbanking,route_b,SBI,,Hyderabad,android,order_1029,success,,1268,0
9c87c4aa-a38d-4c00-93a7-1f02b4e4d3cc,merchant_paymind_demo,cust_701,2026-08-10T18:39:00,24412.14,INR,UPI,route_a,Axis,bhim,Bengaluru,ios,order_1030,success,,2290,0
1677c6bb-eb70-487b-9ea7-71c7e69a6988,merchant_paymind_demo,cust_508,2026-08-15T01:17:00,3854.77,INR,UPI,route_b,ICICI,paytm,Kolkata,android,order_1031,success,,1379,0
bea4cdd0-ed05-47b7-a198-7c812d656d26,merchant_paymind_demo,cust_879,2026-08-05T12:21:00,11873.63,INR,credit_card,route_a,Yes Bank,,Pune,web,order_1032,success,,1042,0
9a52fcc2-e52d-46d4-96b0-002461913cb5,merchant_paymind_demo,cust_305,2026-08-06T05:16:00,3055.51,INR,credit_card,route_d,HDFC,,Bengaluru,android,order_1033,success,,898,0
31a044ff-0ce7-4728-b990-4650938387c2,merchant_paymind_demo,cust_409,2026-08-03T01:39:00,21615.54,INR,netbanking,route_d,Axis,,Hyderabad,ios,order_1034,failed,bank_timeout,3816,0
ed238595-6d46-4d55-b53b-e9eb47406cb7,merchant_paymind_demo,cust_126,2026-08-12T14:27:00,10705.47,INR,debit_card,route_a,SBI,,Mumbai,ios,order_1035,success,,1789,0
9683bddf-0649-43b9-9ab4-0bda0c19917b,merchant_paymind_demo,cust_857,2026-08-06T14:52:00,8030.03,INR,debit_card,route_a,ICICI,,Mumbai,android,order_1036,success,,513,0
e0ee7405-9995-4971-936d-18e650a38ce1,merchant_paymind_demo,cust_967,2026-08-07T09:00:00,22716.63,INR,debit_card,route_a,Axis,,Delhi,ios,order_1037,success,,2312,0
5be51a05-46ed-4282-99df-64c5deb0927e,merchant_paymind_demo,cust_229,2026-08-03T04:54:00,16740.24,INR,debit_card,route_b,SBI,,Bengaluru,web,order_1038,success,,1780,0
bb937647-c091-4dc2-95d1-11d5a8c47b51,merchant_paymind_demo,cust_762,2026-08-06T10:07:00,16273.7,INR,wallet,route_b,Kotak,,Chennai,android,order_1039,success,,735,0
f0c69b04-b191-4210-89a6-9c5079ad8532,merchant_paymind_demo,cust_247,2026-08-01T22:24:00,14684.71,INR,credit_card,route_b,ICICI,,Pune,ios,order_1040,success,,704,0
56ef5e64-3e6e-4e4b-b3cb-f91370c95894,merchant_paymind_demo,cust_703,2026-08-07T20:38:00,18147.5,INR,UPI,route_b,Kotak,phonepe,Mumbai,android,order_1041,success,,1085,0
5d2246fd-e85e-43d6-89a6-ab248d81c4e5,merchant_paymind_demo,cust_518,2026-08-20T23:00:00,18995.91,INR,netbanking,route_c,SBI,,Chennai,web,order_1042,success,,780,0
2ea7efbc-6be2-4705-a8c0-fe8aa8a2f79d,merchant_paymind_demo,cust_859,2026-08-12T22:02:00,23286.74,INR,netbanking,route_a,ICICI,,Hyderabad,ios,order_1043,success,,828,0
f5104715-bef4-48e2-8aeb-679f4270956f,merchant_paymind_demo,cust_1160,2026-08-02T09:12:00,19870.04,INR,debit_card,route_b,Yes Bank,,Kolkata,ios,order_1044,failed,gateway_error,7609,0
180cebea-a371-4c47-9384-12935201318e,merchant_paymind_demo,cust_154,2026-08-04T18:23:00,10971.74,INR,wallet,route_d,Kotak,,Kolkata,ios,order_1045,success,,1941,0
70d725d8-18b6-4a63-a983-5e880e4123ce,merchant_paymind_demo,cust_377,2026-08-01T01:57:00,4042.08,INR,wallet,route_b,Kotak,,Pune,android,order_1046,success,,2400,0
077911cd-bcba-47bd-8c01-81a78d8a02cf,merchant_paymind_demo,cust_1076,2026-08-06T21:21:00,7620.08,INR,netbanking,route_b,SBI,,Pune,ios,order_1047,success,,787,0
6e7b1450-2961-43ac-abb3-8e3434bda72e,merchant_paymind_demo,cust_1093,2026-08-06T10:05:00,7331.49,INR,credit_card,route_b,SBI,,Delhi,ios,order_1048,success,,511,0
4e68a1df-674f-46d0-a4cf-8d6e73a77fa8,merchant_paymind_demo,cust_431,2026-08-13T03:57:00,2948.81,INR,credit_card,route_c,Yes Bank,,Hyderabad,ios,order_1049,success,,1629,0
6f0b40dc-60b1-40a3-ba6a-1cb25f28e404,merchant_paymind_demo,cust_1125,2026-08-07T00:12:00,18065.89,INR,UPI,route_d,Kotak,paytm,Bengaluru,android,order_1050,success,,342,0
738e88da-646a-41dd-818c-e31439e2f804,merchant_paymind_demo,cust_573,2026-08-05T00:31:00,6436.88,INR,debit_card,route_a,Kotak,,Pune,web,order_1051,success,,735,0
232e2f22-c8d3-47df-8278-69e58af1e144,merchant_paymind_demo,cust_528,2026-08-20T19:09:00,15674.43,INR,netbanking,route_b,Axis,,Delhi,ios,order_1052,success,,1400,0
5362fd7e-895e-40f6-b84e-9d4d586d55ea,merchant_paymind_demo,cust_810,2026-08-04T13:00:00,11179.09,INR,credit_card,route_d,SBI,,Delhi,ios,order_1053,success,,683,0
399e2ea0-ffd3-4434-a49e-02bede880ba2,merchant_paymind_demo,cust_379,2026-08-19T13:25:00,21565.69,INR,netbanking,route_b,Kotak,,Chennai,web,order_1054,success,,1038,0
fbc43349-1a3d-430b-b6b7-00d865a119af,merchant_paymind_demo,cust_334,2026-08-05T01:03:00,20446.61,INR,debit_card,route_b,HDFC,,Delhi,android,order_1055,failed,gateway_error,4009,0
8589db7f-0b20-4dda-902f-8a0736f826f0,merchant_paymind_demo,cust_825,2026-08-03T06:44:00,18121.46,INR,netbanking,route_b,Yes Bank,,Kolkata,android,order_1056,success,,708,0
54790797-285c-45ff-bff6-0f6ee2ed46b7,merchant_paymind_demo,cust_226,2026-08-19T19:24:00,388.12,INR,netbanking,route_a,ICICI,,Delhi,android,order_1057,success,,1396,0
4970a78b-6c1d-4141-952d-926b8afa4054,merchant_paymind_demo,cust_28,2026-08-19T00:45:00,24160.7,INR,credit_card,route_a,Kotak,,Pune,ios,order_1058,success,,648,0
60e8dd7f-cf6c-4fea-bfa5-67350f244008,merchant_paymind_demo,cust_1153,2026-08-11T02:39:00,20395.85,INR,credit_card,route_c,SBI,,Chennai,android,order_1059,success,,1298,0
628c164f-801b-4606-92e7-4b0e9efa35d5,merchant_paymind_demo,cust_548,2026-08-15T06:41:00,13613.14,INR,UPI,route_a,HDFC,gpay,Hyderabad,ios,order_1060,success,,720,0
1478a84e-f227-4233-96a8-311928481c23,merchant_paymind_demo,cust_851,2026-08-04T05:27:00,80.2,INR,wallet,route_b,HDFC,,Delhi,ios,order_1061,success,,1878,0
ca8c241c-fb6d-4439-a5f4-76a0fc4921c5,merchant_paymind_demo,cust_588,2026-08-06T03:21:00,23046.19,INR,credit_card,route_d,Yes Bank,,Pune,android,order_1062,success,,2314,0
993495c2-0324-44c8-876a-58319a155b7d,merchant_paymind_demo,cust_460,2026-08-03T07:33:00,23913.84,INR,credit_card,route_c,SBI,,Mumbai,web,order_1063,success,,1666,0
7fcc49b4-d482-4d34-b738-0e0b1eadecfb,merchant_paymind_demo,cust_174,2026-08-01T23:40:00,15132.43,INR,UPI,route_b,Axis,,Bengaluru,web,order_1064,success,,1042,0
eaa23d11-5392-4383-b228-a1cd604bd58a,merchant_paymind_demo,cust_618,2026-08-15T05:12:00,20448.19,INR,netbanking,route_c,HDFC,,Bengaluru,ios,order_1065,success,,1811,0
4a7a0747-343d-4596-8963-093f29667d0d,merchant_paymind_demo,cust_157,2026-08-18T22:49:00,104.36,INR,debit_card,route_b,Yes Bank,,Delhi,ios,order_1066,success,,905,0
e7bc5b12-fa2e-4d8a-8f26-8327d963bd80,merchant_paymind_demo,cust_980,2026-08-19T12:54:00,1729.48,INR,netbanking,route_d,Yes Bank,,Bengaluru,android,order_1067,success,,670,0
a61f4c6b-ef87-4d57-b9b2-3392a988f5d6,merchant_paymind_demo,cust_373,2026-08-18T11:10:00,9656.18,INR,debit_card,route_c,Axis,,Chennai,ios,order_1068,success,,1995,0
7a440b9f-1d15-4d55-b651-cc4638423e0a,merchant_paymind_demo,cust_683,2026-08-04T03:29:00,20063.42,INR,wallet,route_b,Axis,,Chennai,web,order_1069,success,,2336,0
d815def1-48ee-4c1d-86ec-87eb459810fd,merchant_paymind_demo,cust_1091,2026-08-13T04:50:00,20544.03,INR,wallet,route_d,HDFC,,Hyderabad,web,order_1070,success,,2027,0
9f631d61-78c7-4da5-bb80-c621d6734278,merchant_paymind_demo,cust_450,2026-08-16T23:58:00,2226.89,INR,wallet,route_c,HDFC,,Delhi,android,order_1071,success,,1784,0
d172bf08-0e99-4bbe-8cef-0d9b6011ba29,merchant_paymind_demo,cust_274,2026-08-03T12:09:00,1536.46,INR,wallet,route_c,SBI,,Kolkata,android,order_1072,success,,1507,0
67696d4f-9329-452e-91d9-b674e2ce39f8,merchant_paymind_demo,cust_1130,2026-08-10T13:57:00,6100.31,INR,netbanking,route_b,HDFC,,Pune,android,order_1073,success,,780,0
702992ef-2826-4442-9e96-78bc9ec79a92,merchant_paymind_demo,cust_54,2026-08-16T20:10:00,24124.58,INR,credit_card,route_c,HDFC,,Pune,android,order_1074,success,,602,0
98ea67b3-b7c7-4b40-a31a-b7c4f6029f3c,merchant_paymind_demo,cust_324,2026-08-01T16:29:00,3714.82,INR,netbanking,route_b,HDFC,,Delhi,android,order_1075,success,,351,0
6e6af9f3-0c09-429d-a227-389f20931460,merchant_paymind_demo,cust_853,2026-08-04T09:45:00,19147.17,INR,wallet,route_d,Yes Bank,,Delhi,web,order_1076,success,,2460,0
ac9dc2bb-699b-4490-8ba9-005f57f9a9ec,merchant_paymind_demo,cust_691,2026-08-11T02:28:00,19545.85,INR,debit_card,route_a,SBI,,Mumbai,android,order_1077,success,,545,0
07c005af-5dc8-45b1-b20e-6db032968a2c,merchant_paymind_demo,cust_356,2026-08-12T10:51:00,4050.7,INR,UPI,route_d,Axis,bhim,Hyderabad,web,order_1078,success,,1356,0
c167fc7d-5e94-49ab-a7d5-797e5d35e62e,merchant_paymind_demo,cust_466,2026-08-10T15:22:00,23289.68,INR,wallet,route_c,HDFC,,Hyderabad,ios,order_1079,success,,812,0
a2c7c599-6295-4c04-8076-891f9ba6759d,merchant_paymind_demo,cust_115,2026-08-05T23:33:00,9837.66,INR,credit_card,route_a,Yes Bank,,Chennai,ios,order_1080,success,,1582,0
20750682-2f3c-45ad-ba24-bb1f49463d00,merchant_paymind_demo,cust_338,2026-08-02T05:51:00,20093.31,INR,netbanking,route_d,ICICI,,Bengaluru,android,order_1081,success,,727,0
8cb2f1f5-c3c3-4896-adfb-1c6b95f73f36,merchant_paymind_demo,cust_688,2026-08-01T15:19:00,6026.27,INR,UPI,route_b,Kotak,gpay,Mumbai,android,order_1082,success,,344,0
8e8c7eae-67b8-4309-82ba-a2a6078800b4,merchant_paymind_demo,cust_414,2026-08-15T12:38:00,23233.59,INR,debit_card,route_b,SBI,,Mumbai,web,order_1083,success,,483,0
92b12c82-18f7-4593-9dd1-1532e54f40a8,merchant_paymind_demo,cust_991,2026-08-02T00:56:00,1248.82,INR,wallet,route_a,SBI,,Mumbai,ios,order_1084,success,,1456,0
7b624ca8-ef33-4e71-b6a7-8f1eeda62085,merchant_paymind_demo,cust_645,2026-08-18T02:36:00,9796.5,INR,netbanking,route_c,ICICI,,Pune,web,order_1085,success,,698,0
baa1d475-c192-42c0-aba4-0450ce9acfd4,merchant_paymind_demo,cust_1032,2026-08-03T07:09:00,12579.32,INR,debit_card,route_b,HDFC,,Hyderabad,ios,order_1086,success,,2253,0
7f3974dd-414e-46a8-b715-15dc1aefc136,merchant_paymind_demo,cust_77,2026-08-07T14:26:00,4072.51,INR,wallet,route_d,HDFC,,Pune,android,order_1087,success,,1248,0
e2095503-7e4e-492d-b761-d478c3859a9d,merchant_paymind_demo,cust_289,2026-08-18T11:52:00,17977.94,INR,credit_card,route_c,Axis,,Kolkata,android,order_1088,success,,1688,0
c358e8ea-1010-4d87-a7de-fc80b43afe92,merchant_paymind_demo,cust_883,2026-08-01T21:51:00,22272.46,INR,debit_card,route_d,ICICI,,Delhi,web,order_1089,success,,607,0
93023a87-5e92-40da-8cc3-5feb2f438f77,merchant_paymind_demo,cust_1019,2026-08-03T05:11:00,20127.92,INR,credit_card,route_b,SBI,,Hyderabad,android,order_1090,success,,2343,0
8e0a32e4-a7b9-44cd-8918-485c81f1958b,merchant_paymind_demo,cust_348,2026-08-07T17:26:00,4078.74,INR,UPI,route_c,Kotak,paytm,Bengaluru,android,order_1091,success,,591,0
b14ffd82-82e4-4e7c-8a1b-10403e5712c9,merchant_paymind_demo,cust_944,2026-08-06T20:52:00,24654.28,INR,credit_card,route_c,Axis,,Pune,android,order_1092,success,,807,0
47926e57-d2e1-466c-8bb1-a0367b5b36af,merchant_paymind_demo,cust_745,2026-08-20T13:07:00,7201.3,INR,wallet,route_d,Kotak,,Pune,android,order_1093,success,,2105,0
5dceaefc-e069-45f6-8baa-89269c7eb899,merchant_paymind_demo,cust_643,2026-08-09T12:04:00,2133.09,INR,debit_card,route_d,Kotak,,Chennai,ios,order_1094,success,,474,0
da3d55e5-3b98-48bc-869d-f30a80749ffb,merchant_paymind_demo,cust_117,2026-08-17T20:42:00,19775.24,INR,wallet,route_a,ICICI,,Kolkata,android,order_1095,success,,1490,0
2fc764fc-93bd-47a5-acd3-4eb7716e52e2,merchant_paymind_demo,cust_818,2026-08-20T10:18:00,1870.82,INR,netbanking,route_d,Axis,,Pune,android,order_1096,success,,1729,0
ca67f284-c8fe-45df-abcf-24ab7c8a6eae,merchant_paymind_demo,cust_1096,2026-08-19T14:53:00,11648.08,INR,netbanking,route_a,ICICI,,Pune,android,order_1097,success,,1925,0
83c59dc0-6c28-4071-bfe6-0bc4e640cf14,merchant_paymind_demo,cust_674,2026-08-02T11:12:00,7966.26,INR,netbanking,route_d,ICICI,,Pune,web,order_1098,success,,2250,0
6adee974-0910-486c-833f-d070ce72ea77,merchant_paymind_demo,cust_79,2026-08-13T09:41:00,3935.74,INR,UPI,route_d,ICICI,phonepe,Bengaluru,web,order_1099,success,,428,0
0980b556-329b-4af3-bbff-97ae39013bc9,merchant_paymind_demo,cust_128,2026-08-19T09:34:00,9069.24,INR,wallet,route_d,Axis,,Delhi,android,order_1100,success,,1166,0
fb32706b-4f4b-4a51-b514-bdf8430438f1,merchant_paymind_demo,cust_867,2026-08-07T03:22:00,6339.18,INR,UPI,route_b,HDFC,phonepe,Mumbai,ios,order_1101,success,,1959,0
1918af39-f8c5-4c99-910c-940c0d2b286e,merchant_paymind_demo,cust_925,2026-08-20T19:50:00,10522.06,INR,UPI,route_b,Yes Bank,paytm,Delhi,android,order_1102,success,,678,0
251e9ab5-1ee6-49f6-b4cd-d59c9a93803e,merchant_paymind_demo,cust_609,2026-08-04T17:51:00,5005.2,INR,netbanking,route_d,Axis,,Chennai,web,order_1103,success,,958,0
21c35615-b955-4a54-9bb0-6ff5a719d469,merchant_paymind_demo,cust_1169,2026-08-09T20:31:00,20584.24,INR,netbanking,route_b,HDFC,,Pune,web,order_1104,success,,892,0
46c86227-243e-4eb8-996a-dc46eea90bf7,merchant_paymind_demo,cust_649,2026-08-01T07:44:00,3805.13,INR,debit_card,route_d,ICICI,,Chennai,ios,order_1105,success,,765,0
92b520d1-ef3b-42e1-b159-f5cb70b29196,merchant_paymind_demo,cust_8,2026-08-11T06:03:00,23585.93,INR,netbanking,route_b,Yes Bank,,Chennai,web,order_1106,success,,699,0
3fcd62fd-b7a0-4950-9f83-999a6eb91134,merchant_paymind_demo,cust_385,2026-08-10T13:28:00,17426.33,INR,UPI,route_b,Kotak,bhim,Delhi,ios,order_1107,success,,1159,0
2e8bae36-9c30-4dbc-b6dd-d2a5b6e9fbe1,merchant_paymind_demo,cust_1182,2026-08-01T07:50:00,9287.9,INR,credit_card,route_c,HDFC,,Bengaluru,ios,order_1108,success,,2356,0
ada614aa-727b-4ea6-965b-31fcb560029b,merchant_paymind_demo,cust_934,2026-08-10T10:07:00,10289.15,INR,UPI,route_c,Kotak,bhim,Hyderabad,ios,order_1109,success,,764,0
4d7a76f4-1955-47be-a55f-b01a5b27ea3c,merchant_paymind_demo,cust_765,2026-08-05T00:36:00,13841.2,INR,credit_card,route_b,Kotak,,Chennai,ios,order_1110,success,,1467,0
0ee61155-fb51-4b95-ac54-3d4e0af9cfa2,merchant_paymind_demo,cust_204,2026-08-02T23:51:00,20158.2,INR,netbanking,route_a,HDFC,,Pune,android,order_1111,success,,1984,0
0238b38f-7416-4fc2-b2aa-c37fe130347d,merchant_paymind_demo,cust_1116,2026-08-03T06:27:00,15856.45,INR,UPI,route_a,Yes Bank,paytm,Kolkata,ios,order_1112,success,,1167,0
5477103d-5e1f-46b1-aef8-28a8d54ae474,merchant_paymind_demo,cust_1130,2026-08-09T16:07:00,2906.8,INR,credit_card,route_d,HDFC,,Bengaluru,ios,order_1113,success,,1991,0
ffa29447-06df-4b59-8773-b96154687cb3,merchant_paymind_demo,cust_768,2026-08-18T19:11:00,5637.22,INR,netbanking,route_c,SBI,,Pune,ios,order_1114,failed,invalid_otp,8868,0
0ed9c091-8968-423f-afe1-a06b0ce872d9,merchant_paymind_demo,cust_9,2026-08-10T10:24:00,865.23,INR,netbanking,route_a,ICICI,,Kolkata,ios,order_1115,success,,2425,0
277cee79-8bc1-41a9-ab44-85618e83d584,merchant_paymind_demo,cust_350,2026-08-14T00:29:00,24821.09,INR,wallet,route_b,Kotak,,Chennai,android,order_1116,success,,1911,0
7d74a04e-585d-4b89-822d-6df9c83b2901,merchant_paymind_demo,cust_1184,2026-08-10T18:20:00,3265.32,INR,UPI,route_d,Yes Bank,phonepe,Chennai,ios,order_1117,success,,2418,0
43c5338a-928c-46cc-b216-dff74f931d49,merchant_paymind_demo,cust_204,2026-08-17T03:46:00,20039.24,INR,credit_card,route_a,Yes Bank,,Hyderabad,ios,order_1118,success,,1365,0
a5121e21-1542-4ab3-b564-44e6aaa830c3,merchant_paymind_demo,cust_661,2026-08-05T15:16:00,2376.7,INR,wallet,route_a,Axis,,Mumbai,web,order_1119,success,,926,0
fb2c051c-462c-4eb8-8f95-ef71ed955521,merchant_paymind_demo,cust_1114,2026-08-02T19:01:00,14316.26,INR,UPI,route_a,Yes Bank,phonepe,Chennai,web,order_1120,success,,1766,0
b0247a95-2e51-4ea6-872b-d599c729e976,merchant_paymind_demo,cust_455,2026-08-07T18:09:00,4886.03,INR,credit_card,route_b,Yes Bank,,Kolkata,ios,order_1121,success,,1366,0
6e22ac73-0a5a-403a-8dbb-5b9ec0c7cf22,merchant_paymind_demo,cust_295,2026-08-15T06:39:00,627.36,INR,UPI,route_a,HDFC,bhim,Hyderabad,android,order_1122,success,,738,0
8ccca6b9-2716-40e8-8cd8-f14e2a898468,merchant_paymind_demo,cust_370,2026-08-03T02:40:00,1980.67,INR,credit_card,route_c,ICICI,,Chennai,android,order_1123,success,,2311,0
1cde01e0-d0e2-4dcb-aa5f-ccbc5de673e5,merchant_paymind_demo,cust_997,2026-08-15T05:42:00,1954.0,INR,UPI,route_d,Axis,paytm,Pune,ios,order_1124,success,,959,0
60f455da-2cfc-4110-b9e7-feb740ec1470,merchant_paymind_demo,cust_366,2026-08-16T00:15:00,14203.98,INR,credit_card,route_a,HDFC,,Bengaluru,ios,order_1125,success,,2282,0
62a259c6-9604-40b8-987c-8a06d97a1bba,merchant_paymind_demo,cust_11,2026-08-04T14:30:00,13067.63,INR,wallet,route_c,HDFC,,Delhi,web,order_1126,success,,421,0
386bf4dc-2a60-4a3d-833b-f4b064e738d6,merchant_paymind_demo,cust_1049,2026-08-18T07:35:00,3851.03,INR,wallet,route_c,HDFC,,Delhi,android,order_1127,failed,invalid_otp,3135,0
5ff76c15-0a81-4ff8-b1d2-ca7dd5480a70,merchant_paymind_demo,cust_260,2026-08-07T02:08:00,6877.98,INR,credit_card,route_b,HDFC,,Bengaluru,web,order_1128,success,,1505,0
ef4cec70-a56a-4b7c-9a88-79921b6f95c3,merchant_paymind_demo,cust_1016,2026-08-10T22:08:00,12840.78,INR,netbanking,route_d,ICICI,,Bengaluru,android,order_1129,success,,1110,0
1211cdcc-a327-4514-bb8e-a558b1b604d3,merchant_paymind_demo,cust_211,2026-08-14T06:44:00,19839.17,INR,debit_card,route_c,ICICI,,Kolkata,android,order_1130,success,,2298,0
5288d8e2-f771-4dab-bdcc-1cd41638f47f,merchant_paymind_demo,cust_868,2026-08-14T13:40:00,18689.63,INR,netbanking,route_c,Kotak,,Mumbai,web,order_1131,success,,1868,0
05465af2-746b-4d24-9e77-856c80d52691,merchant_paymind_demo,cust_723,2026-08-09T12:13:00,22452.47,INR,netbanking,route_a,Axis,,Delhi,android,order_1132,success,,2394,0
338770b4-e0ef-438b-8cab-52fdd5905556,merchant_paymind_demo,cust_602,2026-08-14T17:48:00,20675.83,INR,debit_card,route_c,Axis,,Mumbai,android,order_1133,success,,1036,0
c4951f70-c045-4d06-88a7-27bbcd0acd37,merchant_paymind_demo,cust_381,2026-08-09T03:22:00,6170.69,INR,debit_card,route_b,Yes Bank,,Bengaluru,ios,order_1134,success,,894,0
42861202-e30a-437d-b76e-01b5a2c55480,merchant_paymind_demo,cust_653,2026-08-16T15:53:00,321.98,INR,debit_card,route_c,ICICI,,Chennai,web,order_1135,success,,1617,0
e379c68f-c7dd-48e3-b5c6-cfcb864e6a30,merchant_paymind_demo,cust_790,2026-08-07T10:53:00,15064.96,INR,credit_card,route_b,HDFC,,Hyderabad,ios,order_1136,success,,606,0
a5b151c3-4c7f-477f-bca3-b6d9e77b75f6,merchant_paymind_demo,cust_864,2026-08-16T12:32:00,18917.22,INR,wallet,route_c,SBI,,Delhi,android,order_1137,success,,503,0
2c98146f-2d80-420f-8297-ceb38818fd6c,merchant_paymind_demo,cust_563,2026-08-10T14:03:00,3025.51,INR,netbanking,route_d,ICICI,,Hyderabad,ios,order_1138,success,,1868,0
e33eca7c-4c06-4a4a-9a62-9c5f77bc55fb,merchant_paymind_demo,cust_584,2026-08-01T09:44:00,16109.48,INR,credit_card,route_a,Axis,,Bengaluru,android,order_1139,success,,1949,0
160a55ac-125f-4412-905c-bc1254c73e6a,merchant_paymind_demo,cust_1081,2026-08-01T21:21:00,8467.88,INR,UPI,route_a,HDFC,bhim,Mumbai,ios,order_1140,success,,1532,0
913ebb48-1efd-402f-b366-734de3843205,merchant_paymind_demo,cust_709,2026-08-10T02:38:00,2040.19,INR,debit_card,route_c,Axis,,Hyderabad,android,order_1141,success,,1911,0
eac6fcc6-fc62-43f2-8e16-29475f27a802,merchant_paymind_demo,cust_931,2026-08-12T05:25:00,21224.37,INR,debit_card,route_a,SBI,,Hyderabad,android,order_1142,success,,419,0
c57149a0-5f9f-4aa2-aa60-f2f57b89665b,merchant_paymind_demo,cust_22,2026-08-04T03:46:00,2673.14,INR,credit_card,route_c,Yes Bank,,Pune,ios,order_1143,failed,bank_timeout,3394,0
d7c185e7-59cf-4c3b-8172-d607aaa247d9,merchant_paymind_demo,cust_756,2026-08-19T13:43:00,22576.87,INR,UPI,route_a,Yes Bank,gpay,Bengaluru,android,order_1144,success,,753,0
3a5c96a6-fd1e-4e62-9414-8c3df58bd088,merchant_paymind_demo,cust_154,2026-08-07T00:01:00,8266.76,INR,UPI,route_d,SBI,phonepe,Delhi,web,order_1145,success,,2187,0
8bfbff43-3a1f-4c5f-90b6-abeb37f735ab,merchant_paymind_demo,cust_304,2026-08-18T03:15:00,14624.05,INR,UPI,route_d,Yes Bank,bhim,Pune,android,order_1146,success,,2437,0
1a9e18e5-267b-4c49-8716-5f3098ebba0f,merchant_paymind_demo,cust_979,2026-08-16T01:08:00,12278.09,INR,wallet,route_c,SBI,,Kolkata,web,order_1147,success,,2277,0
6d677479-d228-4b12-9bc4-37e0f1d23e01,merchant_paymind_demo,cust_607,2026-08-17T04:30:00,2115.72,INR,credit_card,route_b,Yes Bank,,Pune,web,order_1148,success,,1143,0
124f0a03-297d-40fe-b907-48f15e5c127a,merchant_paymind_demo,cust_1013,2026-08-02T08:54:00,5351.26,INR,UPI,route_b,Axis,bhim,Delhi,ios,order_1149,success,,728,0
c0a259a1-ff0d-41a3-8eec-d06162dbddfe,merchant_paymind_demo,cust_1081,2026-08-12T16:40:00,21468.55,INR,debit_card,route_c,Yes Bank,,Chennai,web,order_1150,success,,930,0
c0541ee7-048e-44b0-99b7-a9a0aabe710d,merchant_paymind_demo,cust_267,2026-08-05T23:29:00,22921.6,INR,wallet,route_d,Axis,,Kolkata,web,order_1151,success,,2403,0
82debe77-4c39-4e16-b684-25ea39fc7eb1,merchant_paymind_demo,cust_385,2026-08-02T13:29:00,6982.07,INR,credit_card,route_b,Yes Bank,,Bengaluru,web,order_1152,success,,718,0
98f4ccfe-66bd-4b8c-9434-5a1eead75e10,merchant_paymind_demo,cust_220,2026-08-17T22:53:00,2799.47,INR,credit_card,route_a,Axis,,Delhi,ios,order_1153,success,,417,0
ad1b4637-5b04-4feb-b002-04d8388268e5,merchant_paymind_demo,cust_928,2026-08-09T00:12:00,6676.19,INR,netbanking,route_a,SBI,,Chennai,android,order_1154,success,,916,0
86fec7f6-f5be-49d9-8396-6d1aba18314c,merchant_paymind_demo,cust_1041,2026-08-08T14:15:00,1376.27,INR,netbanking,route_c,SBI,,Mumbai,android,order_1155,success,,1866,0
3073b24d-3e63-49d7-a5eb-13eac3a624fa,merchant_paymind_demo,cust_388,2026-08-10T03:55:00,4457.3,INR,netbanking,route_c,Kotak,,Hyderabad,ios,order_1156,success,,2424,0
76d5b976-0834-4d38-8092-a4d912a2e1c4,merchant_paymind_demo,cust_103,2026-08-15T16:59:00,6261.16,INR,netbanking,route_a,ICICI,,Mumbai,android,order_1157,success,,446,0
e7d44b4c-a90f-4794-8601-919f875def3d,merchant_paymind_demo,cust_135,2026-08-13T02:36:00,2570.75,INR,wallet,route_b,Kotak,,Pune,web,order_1158,success,,1957,0
0e7a7941-3209-43ba-99ee-8fd24de59138,merchant_paymind_demo,cust_451,2026-08-17T16:49:00,20610.51,INR,netbanking,route_c,Axis,,Delhi,android,order_1159,success,,1133,0
f78f1f18-d7d3-4af8-838c-7fbaebaaf838,merchant_paymind_demo,cust_590,2026-08-17T16:47:00,127.52,INR,debit_card,route_b,Kotak,,Pune,web,order_1160,success,,2252,0
13fb3882-1787-4e21-b2b8-bf2163162ce7,merchant_paymind_demo,cust_489,2026-08-04T20:58:00,7912.06,INR,debit_card,route_a,ICICI,,Delhi,ios,order_1161,success,,2164,0
a89d1ec6-4404-4357-9ec0-0eb6e311e1cf,merchant_paymind_demo,cust_972,2026-08-10T17:42:00,8384.65,INR,credit_card,route_b,SBI,,Mumbai,android,order_1162,success,,339,0
e127d611-d2aa-40d0-80e4-0c0d76c009be,merchant_paymind_demo,cust_971,2026-08-14T06:28:00,75.11,INR,wallet,route_b,Axis,,Mumbai,android,order_1163,success,,371,0
dbbae631-df27-429c-b4d5-5749a6778ee0,merchant_paymind_demo,cust_596,2026-08-20T00:13:00,5745.78,INR,wallet,route_b,ICICI,,Kolkata,android,order_1164,success,,709,0
8c519dbf-3a7e-49fb-b481-99d2e93602ff,merchant_paymind_demo,cust_688,2026-08-11T07:11:00,12292.01,INR,debit_card,route_c,Kotak,,Bengaluru,web,order_1165,success,,2292,0
e0103453-5462-4070-ace7-e0c16dd0d919,merchant_paymind_demo,cust_28,2026-08-19T20:03:00,8848.03,INR,debit_card,route_c,Kotak,,Kolkata,web,order_1166,success,,2283,0
e9ca97d8-9704-4fa1-a0d8-167eb7dd2447,merchant_paymind_demo,cust_1064,2026-08-17T13:42:00,16013.02,INR,UPI,route_b,Axis,phonepe,Pune,android,order_1167,success,,1763,0
fd945403-b463-47d2-b702-75392f2cfda6,merchant_paymind_demo,cust_1183,2026-08-17T20:41:00,17410.36,INR,netbanking,route_d,SBI,,Delhi,web,order_1168,failed,insufficient_funds,3587,0
c74bf20d-6d9a-43a7-81da-7f4d18d0f2e7,merchant_paymind_demo,cust_561,2026-08-20T23:02:00,15690.95,INR,netbanking,route_d,Kotak,,Delhi,ios,order_1169,success,,1728,0
69ebb753-38c5-480b-865d-aa50b564e169,merchant_paymind_demo,cust_855,2026-08-07T06:52:00,7767.62,INR,debit_card,route_a,Kotak,,Hyderabad,web,order_1170,success,,1706,0
219665ac-a293-4b85-8964-025bf36b64fa,merchant_paymind_demo,cust_932,2026-08-13T21:28:00,24205.42,INR,wallet,route_c,SBI,,Mumbai,android,order_1171,success,,2343,0
1b3d3faf-191d-4065-9b88-ee59c55c880c,merchant_paymind_demo,cust_308,2026-08-12T21:43:00,24168.45,INR,credit_card,route_b,SBI,,Chennai,ios,order_1172,success,,564,0
9c310901-abeb-4154-9bf7-4021a72ea52c,merchant_paymind_demo,cust_84,2026-08-05T22:41:00,7111.28,INR,debit_card,route_a,HDFC,,Chennai,ios,order_1173,failed,insufficient_funds,5525,0
8df940c3-9eee-48e8-911d-ca5d372def23,merchant_paymind_demo,cust_2,2026-08-02T03:15:00,6323.26,INR,debit_card,route_c,SBI,,Kolkata,web,order_1174,success,,935,0
bbad6a0c-61ef-4ba7-bb40-3c3a2ce4e83f,merchant_paymind_demo,cust_293,2026-08-17T16:20:00,4958.35,INR,UPI,route_a,SBI,phonepe,Mumbai,ios,order_1175,success,,1752,0
d29bf3e1-4859-4b73-bfcb-00d0dd210a7b,merchant_paymind_demo,cust_792,2026-08-10T14:46:00,10007.88,INR,credit_card,route_a,SBI,,Bengaluru,web,order_1176,success,,1572,0
5a382135-d126-4da0-80ed-f10288f15cb6,merchant_paymind_demo,cust_661,2026-08-19T07:17:00,14475.28,INR,credit_card,route_b,SBI,,Delhi,ios,order_1177,success,,1117,0
7debacb8-50a0-44b2-8f91-5109ed87c353,merchant_paymind_demo,cust_609,2026-08-13T21:28:00,23181.61,INR,debit_card,route_d,Kotak,,Delhi,ios,order_1178,success,,2089,0
f2760a0f-3997-4658-9609-6c6779d1445a,merchant_paymind_demo,cust_906,2026-08-16T19:05:00,7865.85,INR,UPI,route_c,Axis,paytm,Chennai,ios,order_1179,success,,2022,0
21c71b87-259d-4fa1-a65b-7b17ce4d6b65,merchant_paymind_demo,cust_1145,2026-08-01T14:25:00,23939.42,INR,netbanking,route_d,HDFC,,Kolkata,android,order_1180,success,,1538,0
c11ae2a0-23cf-41ea-9d65-38c4660b0c24,merchant_paymind_demo,cust_765,2026-08-03T21:30:00,15541.2,INR,credit_card,route_c,HDFC,,Kolkata,ios,order_1181,success,,815,0
9019fce2-cc48-4d1a-a4ff-f8723c5fadc7,merchant_paymind_demo,cust_948,2026-08-19T08:59:00,19086.74,INR,netbanking,route_d,HDFC,,Mumbai,android,order_1182,success,,1406,0
a7593145-a0c0-4dda-b6d3-0d9a23a8e0ab,merchant_paymind_demo,cust_200,2026-08-19T16:53:00,7299.89,INR,UPI,route_d,Yes Bank,paytm,Kolkata,android,order_1183,success,,797,0
70ab0b53-9dab-448b-886a-9ba290f4e6c4,merchant_paymind_demo,cust_109,2026-08-16T23:09:00,5166.36,INR,wallet,route_b,Kotak,,Pune,ios,order_1184,success,,858,0
cc7007b0-596b-45dc-bce1-58e5dadee7d0,merchant_paymind_demo,cust_317,2026-08-07T20:19:00,15724.57,INR,credit_card,route_a,Axis,,Hyderabad,web,order_1185,success,,1122,0
0c2f568e-edc6-4145-922c-1e915d0a38e3,merchant_paymind_demo,cust_314,2026-08-14T17:45:00,22003.48,INR,UPI,route_a,ICICI,phonepe,Mumbai,ios,order_1186,success,,400,0
fe5d8b31-19b3-4383-900b-21857b8f6ca5,merchant_paymind_demo,cust_114,2026-08-03T18:31:00,7533.1,INR,wallet,route_d,ICICI,,Kolkata,android,order_1187,success,,1366,0
71c0db52-3f94-4fc9-8015-379e77d933b9,merchant_paymind_demo,cust_253,2026-08-10T20:07:00,3698.85,INR,wallet,route_a,ICICI,,Delhi,web,order_1188,success,,1285,0
7c57903d-475e-438d-b3fa-d5c379bb55a2,merchant_paymind_demo,cust_1120,2026-08-05T13:25:00,11930.15,INR,credit_card,route_c,SBI,,Pune,android,order_1189,success,,2319,0
fc56521b-5b5a-4fe9-85df-474ae638949c,merchant_paymind_demo,cust_802,2026-08-09T18:42:00,17456.43,INR,debit_card,route_a,Axis,,Chennai,ios,order_1190,success,,906,0
f288f24c-2f47-4a7c-8f11-1b2b1474e4e0,merchant_paymind_demo,cust_247,2026-08-13T20:08:00,9766.26,INR,UPI,route_c,HDFC,,Chennai,android,order_1191,success,,1752,0
bf57e099-7b95-47d2-bdc6-68fba7a112e0,merchant_paymind_demo,cust_939,2026-08-07T07:13:00,277.55,INR,credit_card,route_b,SBI,,Hyderabad,web,order_1192,success,,1163,0
8489b70a-5c83-4db4-9729-f1525a59bc64,merchant_paymind_demo,cust_1076,2026-08-09T21:19:00,12850.48,INR,debit_card,route_b,Yes Bank,,Delhi,ios,order_1193,success,,1689,0
12be1e0f-f7fd-421d-9497-63d5e8def43c,merchant_paymind_demo,cust_287,2026-08-07T08:00:00,19634.78,INR,netbanking,route_c,Axis,,Mumbai,web,order_1194,success,,2281,0
358303bf-e019-4fc9-9998-f5a9716679a9,merchant_paymind_demo,cust_370,2026-08-14T02:35:00,17727.08,INR,netbanking,route_c,ICICI,,Pune,ios,order_1195,success,,1725,0
f5624d3c-3025-4071-baf9-57c9bf485c09,merchant_paymind_demo,cust_827,2026-08-02T12:54:00,1170.98,INR,wallet,route_b,ICICI,,Mumbai,web,order_1196,success,,735,0
d803309a-7417-4466-87ae-308b6155f28a,merchant_paymind_demo,cust_976,2026-08-08T08:45:00,19009.74,INR,netbanking,route_b,HDFC,,Delhi,web,order_1197,success,,1873,0
81b97e2e-acd3-4430-808c-6ae3c9e6f44f,merchant_paymind_demo,cust_127,2026-08-14T22:10:00,6299.57,INR,netbanking,route_a,Yes Bank,,Mumbai,ios,order_1198,success,,1833,0
0e76b68e-dd19-4a86-ad8b-9bbbf1301559,merchant_paymind_demo,cust_61,2026-08-04T23:03:00,8062.92,INR,wallet,route_d,Axis,,Delhi,web,order_1199,success,,1118,0
3c3761da-3bcc-4af2-86af-360414e6dfab,merchant_paymind_demo,cust_897,2026-08-16T10:44:00,7187.93,INR,credit_card,route_b,Yes Bank,,Delhi,ios,order_1200,success,,2464,0
d8befd39-61bf-4e3e-8ca8-d3cb45c313d4,merchant_paymind_demo,cust_50,2026-08-15T07:34:00,23997.82,INR,credit_card,route_a,ICICI,,Mumbai,android,order_1201,success,,321,0
827355b0-f0f5-40bd-a771-41c237f7d71d,merchant_paymind_demo,cust_1164,2026-08-13T10:30:00,21619.05,INR,debit_card,route_c,ICICI,,Pune,web,order_1202,success,,2463,0
60128333-cd90-416a-b773-d34c0e7a06c0,merchant_paymind_demo,cust_425,2026-08-13T23:29:00,20698.01,INR,netbanking,route_c,SBI,,Hyderabad,web,order_1203,success,,864,0
64ccb4d6-1ebe-48e5-a12b-f8d63396b639,merchant_paymind_demo,cust_771,2026-08-20T21:18:00,1818.15,INR,UPI,route_a,ICICI,,Bengaluru,android,order_1204,success,,783,0
726c2420-b6e0-48e2-915a-4da30c99c50b,merchant_paymind_demo,cust_1108,2026-08-08T12:43:00,612.43,INR,netbanking,route_c,SBI,,Chennai,web,order_1205,success,,1765,0
ed034a60-64c6-4425-9afd-0bfa64eeadd3,merchant_paymind_demo,cust_324,2026-08-07T13:19:00,1915.69,INR,UPI,route_b,Kotak,,Hyderabad,ios,order_1206,success,,1935,0
fb907a92-ebb4-4216-a11a-f04de8092828,merchant_paymind_demo,cust_228,2026-08-14T06:16:00,11800.92,INR,wallet,route_c,Yes Bank,,Mumbai,android,order_1207,success,,1684,0
9d283462-e415-4a0d-aa59-a0fa2bc55bad,merchant_paymind_demo,cust_686,2026-08-18T09:38:00,1531.83,INR,netbanking,route_b,Kotak,,Kolkata,web,order_1208,success,,1650,0
758deaa0-256b-4adc-9a64-c1576dfa741d,merchant_paymind_demo,cust_150,2026-08-19T07:59:00,23702.54,INR,UPI,route_a,SBI,gpay,Chennai,web,order_1209,success,,630,0
74162050-2831-42b8-986c-fcd6b62cf7c6,merchant_paymind_demo,cust_266,2026-08-07T03:44:00,18097.08,INR,wallet,route_a,HDFC,,Chennai,web,order_1210,success,,1222,0
d3da53b6-0e0e-430e-aa6c-611bb2a55696,merchant_paymind_demo,cust_622,2026-08-18T18:49:00,21253.35,INR,debit_card,route_b,HDFC,,Mumbai,android,order_1211,success,,1103,0
9f88d348-6a0a-43cc-b722-1dbe6c6d145c,merchant_paymind_demo,cust_777,2026-08-16T12:25:00,17105.7,INR,wallet,route_a,Kotak,,Chennai,android,order_1212,success,,1885,0
d3b8a8c0-1d41-4d21-9659-8e8082124d67,merchant_paymind_demo,cust_881,2026-08-16T23:01:00,10699.5,INR,netbanking,route_b,HDFC,,Chennai,android,order_1213,success,,1806,0
e75d92b9-0c2b-4c01-971b-fc02f2d78f08,merchant_paymind_demo,cust_895,2026-08-02T07:38:00,5992.35,INR,debit_card,route_a,Kotak,,Mumbai,android,order_1214,success,,1991,0
24b38a43-6df0-4f95-bc70-f8139be80473,merchant_paymind_demo,cust_31,2026-08-20T20:54:00,18009.68,INR,wallet,route_a,HDFC,,Mumbai,android,order_1215,success,,2096,0
e2079db1-0681-445a-94a5-b9bfb45e452b,merchant_paymind_demo,cust_644,2026-08-08T22:57:00,15080.28,INR,credit_card,route_b,SBI,,Delhi,web,order_1216,success,,1929,0
ecf4fec9-5f59-4cee-825c-d01295fe3509,merchant_paymind_demo,cust_158,2026-08-02T17:42:00,6292.46,INR,netbanking,route_b,Axis,,Pune,web,order_1217,success,,1762,0
ce22ef80-b91e-4b87-b06c-b99792ef2fe6,merchant_paymind_demo,cust_620,2026-08-09T08:23:00,19516.2,INR,credit_card,route_c,Yes Bank,,Delhi,web,order_1218,success,,1395,0
2e6bafc3-effa-4e0b-a145-b3b290ee8df0,merchant_paymind_demo,cust_1032,2026-08-03T09:00:00,1397.24,INR,debit_card,route_d,Yes Bank,,Hyderabad,ios,order_1219,success,,1445,0
1471bcbf-d591-43a8-9fb8-0df69d8cb6fd,merchant_paymind_demo,cust_281,2026-08-20T03:31:00,24399.66,INR,UPI,route_b,SBI,,Delhi,android,order_1220,success,,1825,0
6c484de7-2e57-4c43-a799-7a015bf3647a,merchant_paymind_demo,cust_482,2026-08-16T21:23:00,11034.92,INR,credit_card,route_d,HDFC,,Mumbai,ios,order_1221,failed,insufficient_funds,4214,0
95ae3f24-add8-43b2-83f6-5e98ea603ce2,merchant_paymind_demo,cust_616,2026-08-19T19:44:00,24129.16,INR,debit_card,route_a,SBI,,Kolkata,web,order_1222,success,,1872,0
fef5d6f5-e94e-490e-9ec4-2374d2d667e5,merchant_paymind_demo,cust_784,2026-08-09T18:04:00,11128.29,INR,netbanking,route_b,ICICI,,Chennai,android,order_1223,failed,gateway_error,6362,0
2446c5ed-ebf1-478a-b563-14c97a7e06b5,merchant_paymind_demo,cust_65,2026-08-13T07:45:00,19086.76,INR,UPI,route_a,Kotak,paytm,Kolkata,ios,order_1224,success,,1186,0
0f345d4a-0f02-470b-9349-95f7421fe2e2,merchant_paymind_demo,cust_889,2026-08-20T16:48:00,10717.35,INR,UPI,route_a,HDFC,,Chennai,web,order_1225,success,,1477,0
8d9edb4a-7914-4935-a9c5-c0b07d44fe29,merchant_paymind_demo,cust_1173,2026-08-17T08:47:00,14229.16,INR,wallet,route_c,ICICI,,Chennai,ios,order_1226,success,,1275,0
b38ebb3f-7132-4f30-b68a-3ecd0809f00f,merchant_paymind_demo,cust_575,2026-08-19T04:40:00,17080.84,INR,credit_card,route_c,HDFC,,Delhi,web,order_1227,success,,1511,0
562a220a-81de-454e-aaba-4f17b4042583,merchant_paymind_demo,cust_80,2026-08-15T00:10:00,6893.03,INR,debit_card,route_c,Yes Bank,,Bengaluru,web,order_1228,success,,350,0
95ede856-165d-489e-bee2-edcf8be8b26a,merchant_paymind_demo,cust_658,2026-08-20T00:34:00,6649.71,INR,UPI,route_b,Axis,bhim,Mumbai,ios,order_1229,success,,336,0
61379d59-dfd3-4a36-b2df-7cd3fbd11bfa,merchant_paymind_demo,cust_735,2026-08-11T22:15:00,15961.69,INR,netbanking,route_b,Axis,,Mumbai,web,order_1230,failed,insufficient_funds,4264,0
a5856e0f-afbd-45cc-ab5e-171e5e7c8e6e,merchant_paymind_demo,cust_132,2026-08-11T00:32:00,4536.11,INR,wallet,route_c,SBI,,Kolkata,ios,order_1231,success,,821,0
91f2ac78-328e-4ecb-8f77-65a0e7e2d895,merchant_paymind_demo,cust_301,2026-08-20T19:48:00,15467.84,INR,credit_card,route_a,ICICI,,Mumbai,web,order_1232,success,,457,0
a616e96e-6f15-43f2-b901-748852b9302e,merchant_paymind_demo,cust_902,2026-08-14T04:41:00,7967.49,INR,credit_card,route_b,HDFC,,Pune,ios,order_1233,success,,1354,0
55e9db44-9962-4859-892d-f439879ef480,merchant_paymind_demo,cust_724,2026-08-13T07:09:00,17972.07,INR,UPI,route_b,SBI,gpay,Mumbai,web,order_1234,success,,2117,0
14f96e49-5507-4b4d-9dc7-b0b4be957fe4,merchant_paymind_demo,cust_486,2026-08-05T15:26:00,8178.44,INR,UPI,route_c,Yes Bank,bhim,Mumbai,web,order_1235,success,,2046,0
e9c765cb-faf4-4d8d-8ee2-db808722736c,merchant_paymind_demo,cust_669,2026-08-14T19:29:00,19714.7,INR,debit_card,route_c,Axis,,Pune,ios,order_1236,success,,2227,0
9f626cb2-5efd-4b65-93bf-a50e8e5aeef0,merchant_paymind_demo,cust_329,2026-08-09T09:08:00,1163.03,INR,debit_card,route_b,Kotak,,Mumbai,android,order_1237,success,,1166,0
ade72cc8-f946-49aa-a499-72ebdae29ce3,merchant_paymind_demo,cust_1041,2026-08-18T19:52:00,14558.09,INR,debit_card,route_c,ICICI,,Chennai,web,order_1238,success,,433,0
548aeef3-4b52-460f-be5d-469624f95e07,merchant_paymind_demo,cust_161,2026-08-02T18:13:00,23967.7,INR,credit_card,route_b,Kotak,,Hyderabad,web,order_1239,success,,2012,0
1c86e08e-00ff-4ebf-bbfc-dcddebca6b99,merchant_paymind_demo,cust_1081,2026-08-19T03:55:00,1333.22,INR,wallet,route_d,Yes Bank,,Hyderabad,web,order_1240,success,,2106,0
6ac99de5-71a5-46c0-8029-b3fb13d185bf,merchant_paymind_demo,cust_1179,2026-08-07T16:03:00,22781.18,INR,debit_card,route_c,ICICI,,Kolkata,ios,order_1241,success,,1245,0
b739c9d2-4c38-497f-8727-be1e50f3ed24,merchant_paymind_demo,cust_237,2026-08-16T18:30:00,6064.11,INR,netbanking,route_d,SBI,,Mumbai,ios,order_1242,success,,2371,0
41d4b0da-13d3-41ec-b505-20265464fe91,merchant_paymind_demo,cust_992,2026-08-14T18:31:00,5797.23,INR,UPI,route_d,ICICI,,Kolkata,android,order_1243,success,,1303,0
d4924442-0dc2-4260-b311-01f888b5c6db,merchant_paymind_demo,cust_283,2026-08-14T18:42:00,6543.96,INR,netbanking,route_c,SBI,,Bengaluru,android,order_1244,success,,633,0
50500fe1-591e-4f73-81a1-bdf5eb36c265,merchant_paymind_demo,cust_304,2026-08-14T02:34:00,12380.3,INR,netbanking,route_b,ICICI,,Chennai,android,order_1245,success,,983,0
0343e116-e4e4-4abb-8eb3-ba944db854fc,merchant_paymind_demo,cust_1136,2026-08-17T04:30:00,23256.62,INR,UPI,route_a,ICICI,gpay,Kolkata,ios,order_1246,success,,398,0
2de38e81-ada0-4d89-8404-1c241f6c15f7,merchant_paymind_demo,cust_272,2026-08-12T17:12:00,21678.66,INR,credit_card,route_d,Axis,,Bengaluru,android,order_1247,success,,1947,0
f6f89b06-8601-4ea5-83b4-72aa88a29521,merchant_paymind_demo,cust_601,2026-08-03T17:00:00,8453.37,INR,wallet,route_c,Kotak,,Hyderabad,web,order_1248,success,,741,0
406edd69-f01d-4751-b3b0-51f168911b56,merchant_paymind_demo,cust_727,2026-08-11T05:09:00,22771.32,INR,UPI,route_d,Yes Bank,bhim,Bengaluru,ios,order_1249,success,,851,0
501c37bf-e16a-4119-9e41-be5ec57ab50f,merchant_paymind_demo,cust_1044,2026-08-02T21:45:00,3848.8,INR,credit_card,route_a,Kotak,,Hyderabad,ios,order_1250,success,,2157,0
26f43771-7fea-4a64-a60b-b77c6c04bb87,merchant_paymind_demo,cust_362,2026-08-12T13:48:00,18077.2,INR,netbanking,route_c,HDFC,,Delhi,ios,order_1251,success,,2320,0
fb6c26ff-441c-4fb5-9b84-b61dde1729ab,merchant_paymind_demo,cust_1061,2026-08-12T22:49:00,14516.71,INR,debit_card,route_d,SBI,,Bengaluru,ios,order_1252,failed,invalid_otp,8203,0
d8045ff6-79cf-4762-a2ca-c1ed7410be79,merchant_paymind_demo,cust_86,2026-08-19T12:32:00,23629.06,INR,credit_card,route_b,Axis,,Hyderabad,ios,order_1253,success,,1587,0
201de3d3-ca72-4272-b28d-2f192ac7d21b,merchant_paymind_demo,cust_340,2026-08-03T16:44:00,7231.69,INR,UPI,route_d,Axis,phonepe,Delhi,ios,order_1254,success,,1362,0
ed67c3bd-d5b5-4951-9bd1-99d518a34e17,merchant_paymind_demo,cust_475,2026-08-16T03:57:00,7001.79,INR,wallet,route_a,ICICI,,Hyderabad,web,order_1255,success,,991,0
e6c68631-b853-4c2e-8cfd-df71a05f8de7,merchant_paymind_demo,cust_82,2026-08-13T06:49:00,13471.0,INR,UPI,route_b,HDFC,bhim,Kolkata,android,order_1256,success,,1813,0
06c410c7-d5a2-490f-90d9-8baafccd6b5f,merchant_paymind_demo,cust_1170,2026-08-10T16:55:00,18315.63,INR,credit_card,route_b,Axis,,Bengaluru,android,order_1257,success,,791,0
4224506a-dc9b-4961-bcde-c754056c8ca1,merchant_paymind_demo,cust_1011,2026-08-06T23:39:00,2217.25,INR,netbanking,route_b,SBI,,Pune,web,order_1258,success,,777,0
8ada9598-b3ce-4406-94f0-72ab2c531573,merchant_paymind_demo,cust_456,2026-08-17T13:14:00,1905.04,INR,debit_card,route_b,Kotak,,Bengaluru,ios,order_1259,success,,2157,0
7f98ad15-b861-453f-8fd2-9e288346996a,merchant_paymind_demo,cust_152,2026-08-17T02:00:00,17214.04,INR,wallet,route_a,Axis,,Mumbai,web,order_1260,success,,2435,0
755ea36e-f355-4447-a239-56e2d08c33fc,merchant_paymind_demo,cust_1144,2026-08-16T01:03:00,20948.99,INR,debit_card,route_a,Yes Bank,,Pune,android,order_1261,success,,1307,0
8f0aaa52-9013-4863-8049-b881b3c573ea,merchant_paymind_demo,cust_451,2026-08-16T07:44:00,4932.17,INR,credit_card,route_d,ICICI,,Chennai,android,order_1262,success,,2334,0
ef777f6f-2179-492e-aa9e-697739be7a22,merchant_paymind_demo,cust_182,2026-08-12T17:58:00,21436.06,INR,debit_card,route_b,HDFC,,Chennai,android,order_1263,success,,2309,0
839fb1e6-a458-48a5-9f92-475d8f0c874a,merchant_paymind_demo,cust_365,2026-08-01T21:11:00,10483.08,INR,wallet,route_c,Kotak,,Chennai,web,order_1264,success,,1261,0
d98b96ab-7367-45f6-9678-27d4a0c2a99b,merchant_paymind_demo,cust_369,2026-08-20T23:26:00,7537.51,INR,debit_card,route_b,SBI,,Pune,ios,order_1265,success,,2307,0
e870cad9-7949-4c38-838c-78ded22a1de1,merchant_paymind_demo,cust_1113,2026-08-11T22:40:00,7420.66,INR,netbanking,route_b,HDFC,,Kolkata,ios,order_1266,success,,2018,0
cc5f7190-18e9-4e03-a7a5-c5a4f9705ef1,merchant_paymind_demo,cust_871,2026-08-03T15:15:00,4446.05,INR,netbanking,route_c,Yes Bank,,Mumbai,ios,order_1267,success,,1930,0
9fc28e41-5277-44af-b3ba-f969bb52ca4d,merchant_paymind_demo,cust_991,2026-08-20T02:49:00,20127.8,INR,credit_card,route_d,Kotak,,Chennai,web,order_1268,success,,1261,0
19168eb9-d24a-4cfe-9c72-35728eb65189,merchant_paymind_demo,cust_1040,2026-08-05T21:28:00,22250.77,INR,UPI,route_d,HDFC,,Kolkata,ios,order_1269,success,,1371,0
8dccac91-57ae-425c-bf95-0de202e757bc,merchant_paymind_demo,cust_906,2026-08-10T16:12:00,9997.05,INR,debit_card,route_a,SBI,,Chennai,web,order_1270,success,,1196,0
59a8984e-f08a-4a92-a81b-d79dbf54effc,merchant_paymind_demo,cust_94,2026-08-08T00:29:00,11218.53,INR,debit_card,route_b,Kotak,,Delhi,web,order_1271,success,,1144,0
d765d07e-398c-4b77-8672-cfbfcdeb42b7,merchant_paymind_demo,cust_676,2026-08-03T22:34:00,15143.78,INR,UPI,route_a,Yes Bank,gpay,Kolkata,ios,order_1272,success,,669,0
6d8ec18c-3d52-409d-b7a3-baef1a3063f8,merchant_paymind_demo,cust_1133,2026-08-02T10:39:00,16390.54,INR,debit_card,route_b,SBI,,Hyderabad,android,order_1273,success,,943,0
838a9fce-816d-4a34-9236-bb8b89a911ac,merchant_paymind_demo,cust_470,2026-08-07T14:28:00,20042.07,INR,wallet,route_c,SBI,,Chennai,android,order_1274,success,,1318,0
840202f8-7921-42bb-9940-df7bd52bf134,merchant_paymind_demo,cust_42,2026-08-18T04:23:00,23511.86,INR,UPI,route_a,Kotak,bhim,Kolkata,ios,order_1275,failed,insufficient_funds,3285,0
f32e8a87-f6d8-4563-b0fe-0ceecbc59483,merchant_paymind_demo,cust_472,2026-08-15T08:54:00,19321.67,INR,debit_card,route_b,HDFC,,Bengaluru,web,order_1276,success,,806,0
965d5bf8-4d33-44ae-83d5-e3505feb8f65,merchant_paymind_demo,cust_269,2026-08-19T14:53:00,18526.12,INR,netbanking,route_c,HDFC,,Mumbai,android,order_1277,success,,2366,0
436ea63e-480b-45c9-a7d7-3d3334180e78,merchant_paymind_demo,cust_1110,2026-08-14T18:20:00,22978.42,INR,netbanking,route_a,Yes Bank,,Hyderabad,ios,order_1278,failed,bank_timeout,8811,0
975aeaa4-1cc0-4c78-a78c-8021558bb8de,merchant_paymind_demo,cust_663,2026-08-10T16:11:00,12833.27,INR,wallet,route_a,SBI,,Bengaluru,ios,order_1279,success,,1130,0
47100ee6-ec36-46ff-8a3a-9a95875b567b,merchant_paymind_demo,cust_1181,2026-08-11T17:26:00,9445.69,INR,UPI,route_d,HDFC,phonepe,Chennai,web,order_1280,success,,1440,0
45d202e5-9146-4bb2-81e0-6ae339a77927,merchant_paymind_demo,cust_1093,2026-08-12T12:40:00,6153.12,INR,netbanking,route_a,Axis,,Pune,ios,order_1281,success,,1826,0
aa1fe85b-3148-4d7f-86a1-2d5ab12701f4,merchant_paymind_demo,cust_927,2026-08-06T02:22:00,14468.09,INR,wallet,route_a,Axis,,Kolkata,android,order_1282,success,,2131,0
eb72db27-1544-4648-9d42-e299eb4cc9cc,merchant_paymind_demo,cust_224,2026-08-15T15:03:00,7799.72,INR,debit_card,route_b,Yes Bank,,Mumbai,android,order_1283,success,,993,0
01022af9-1eb7-4df9-8392-6e9cfbf7374b,merchant_paymind_demo,cust_1004,2026-08-14T12:04:00,6286.73,INR,credit_card,route_b,Axis,,Hyderabad,ios,order_1284,success,,2443,0
aa8dcb5f-bf75-4f20-83ce-becb70a38142,merchant_paymind_demo,cust_121,2026-08-18T11:06:00,12360.77,INR,wallet,route_d,SBI,,Pune,ios,order_1285,success,,916,0
bd4d1017-837c-41b2-956b-cecc45f365df,merchant_paymind_demo,cust_1158,2026-08-14T14:59:00,10193.03,INR,UPI,route_a,SBI,phonepe,Kolkata,web,order_1286,success,,2301,0
0daf8da1-3e99-4d29-add9-9a5c9349c94b,merchant_paymind_demo,cust_483,2026-08-08T07:45:00,11561.23,INR,wallet,route_d,Kotak,,Hyderabad,web,order_1287,success,,633,0
7ef65777-4406-4f15-ba89-ca51a52eefbb,merchant_paymind_demo,cust_159,2026-08-09T13:10:00,3225.7,INR,UPI,route_a,ICICI,,Pune,android,order_1288,success,,980,0
dec7b545-b885-4bf7-8794-0ab348f7ff87,merchant_paymind_demo,cust_233,2026-08-01T21:19:00,22143.3,INR,credit_card,route_d,ICICI,,Pune,web,order_1289,success,,2295,0
1fe0a5c8-d85d-48a5-93fc-15eadd485db0,merchant_paymind_demo,cust_1121,2026-08-10T12:21:00,10015.17,INR,credit_card,route_c,HDFC,,Chennai,ios,order_1290,success,,1410,0
06048227-f393-4df2-8b3f-57510408bf6e,merchant_paymind_demo,cust_762,2026-08-13T19:54:00,16273.01,INR,wallet,route_b,SBI,,Hyderabad,web,order_1291,success,,1137,0
7e99c2bf-087a-4a0c-991c-e5a7596fa8fa,merchant_paymind_demo,cust_761,2026-08-12T19:39:00,15132.72,INR,wallet,route_d,Axis,,Delhi,ios,order_1292,success,,854,0
38d53d78-3b3e-4141-a7ed-20ee089e9c33,merchant_paymind_demo,cust_971,2026-08-01T05:21:00,7976.32,INR,credit_card,route_b,ICICI,,Chennai,android,order_1293,success,,322,0
c59e4465-e7f9-453d-8fe9-5c6e97d69932,merchant_paymind_demo,cust_409,2026-08-16T19:02:00,2391.5,INR,debit_card,route_d,SBI,,Mumbai,android,order_1294,success,,2219,0
aa85927a-1860-49e7-9d8a-948a502336c3,merchant_paymind_demo,cust_718,2026-08-15T11:31:00,14000.94,INR,wallet,route_b,SBI,,Pune,android,order_1295,success,,1089,0
7e73d786-bca1-47bb-9305-8c1fa130336f,merchant_paymind_demo,cust_873,2026-08-14T07:11:00,18246.61,INR,debit_card,route_c,Kotak,,Kolkata,ios,order_1296,success,,1343,0
639c2fd0-aef3-4e39-9de9-ab02a809d222,merchant_paymind_demo,cust_415,2026-08-02T18:18:00,14836.35,INR,wallet,route_a,Yes Bank,,Delhi,ios,order_1297,success,,1030,0
c6533dcf-917b-4e3d-af37-f6c4da87b347,merchant_paymind_demo,cust_260,2026-08-19T03:12:00,13081.83,INR,debit_card,route_d,SBI,,Hyderabad,web,order_1298,success,,1435,0
3447b39f-35b8-4bfb-b485-0d72f9664517,merchant_paymind_demo,cust_970,2026-08-05T18:18:00,4244.08,INR,wallet,route_b,ICICI,,Mumbai,web,order_1299,success,,900,0
0251304a-b60f-4184-ad67-099aeb5f27cb,merchant_paymind_demo,cust_1,2026-08-08T08:35:00,1990.8,INR,credit_card,route_a,ICICI,,Hyderabad,ios,order_1300,success,,2042,0
6122abc1-f783-45ea-9434-9ffbf828224f,merchant_paymind_demo,cust_1025,2026-08-18T07:03:00,2976.55,INR,netbanking,route_d,Axis,,Kolkata,ios,order_1301,success,,2243,0
a2befd40-c11b-4418-848a-a81d256a4985,merchant_paymind_demo,cust_1070,2026-08-08T05:06:00,13290.6,INR,debit_card,route_b,ICICI,,Pune,ios,order_1302,success,,885,0
ec5abc3b-1477-4531-9a8f-af3aba883074,merchant_paymind_demo,cust_1004,2026-08-16T19:37:00,19734.68,INR,netbanking,route_a,Kotak,,Chennai,web,order_1303,success,,1726,0
6898ba16-5cd5-4b60-9722-f8fb2b8a82ba,merchant_paymind_demo,cust_749,2026-08-20T11:08:00,11678.59,INR,credit_card,route_c,Yes Bank,,Chennai,android,order_1304,failed,bank_timeout,5133,0
e4cc58a1-6541-43f7-9c89-3dc084dae4ce,merchant_paymind_demo,cust_22,2026-08-05T10:57:00,11079.91,INR,debit_card,route_b,HDFC,,Hyderabad,ios,order_1305,success,,1645,0
03ef05e3-9d6e-4d7d-ad69-bdc551148807,merchant_paymind_demo,cust_520,2026-08-12T10:35:00,23043.02,INR,UPI,route_c,HDFC,paytm,Pune,ios,order_1306,success,,1931,0
b6bba10f-fbd3-4e90-830a-fe8ec04e3436,merchant_paymind_demo,cust_519,2026-08-07T05:44:00,15650.5,INR,UPI,route_a,Yes Bank,bhim,Hyderabad,web,order_1307,success,,2161,0
32bcf04b-5fa7-48d9-b82b-da5631bf698e,merchant_paymind_demo,cust_1118,2026-08-19T08:57:00,2641.99,INR,netbanking,route_c,HDFC,,Hyderabad,web,order_1308,success,,927,0
f00e9838-6d40-4923-bb07-b288bef58b52,merchant_paymind_demo,cust_270,2026-08-02T21:13:00,10518.34,INR,credit_card,route_a,HDFC,,Chennai,web,order_1309,success,,555,0
e87bb6ff-5476-4c90-831b-257bdf169f33,merchant_paymind_demo,cust_1115,2026-08-07T07:32:00,24585.92,INR,debit_card,route_b,Yes Bank,,Hyderabad,web,order_1310,success,,368,0
4a0a8495-9cdf-4d56-86d9-0034b62278f4,merchant_paymind_demo,cust_649,2026-08-17T03:22:00,4271.88,INR,debit_card,route_c,Kotak,,Mumbai,web,order_1311,success,,1951,0
7f479b83-ebcb-428d-b2d5-b92fde1a74a0,merchant_paymind_demo,cust_126,2026-08-02T11:28:00,4863.85,INR,netbanking,route_b,Yes Bank,,Bengaluru,android,order_1312,success,,1006,0
7c1eb0ae-3311-4726-82b3-ad1912bc87de,merchant_paymind_demo,cust_407,2026-08-16T16:07:00,12661.37,INR,netbanking,route_b,Yes Bank,,Pune,android,order_1313,failed,invalid_otp,4242,0
79287aa1-b46e-4d98-a274-74fa0b9ddbd5,merchant_paymind_demo,cust_700,2026-08-11T14:38:00,14225.92,INR,wallet,route_a,Kotak,,Chennai,android,order_1314,success,,776,0
c144dc24-8799-46e0-a959-11d0bc471359,merchant_paymind_demo,cust_177,2026-08-05T05:23:00,7971.66,INR,UPI,route_a,ICICI,gpay,Delhi,web,order_1315,success,,1834,0
1f9a5b1b-d2a4-4cac-9f61-c268ae98346e,merchant_paymind_demo,cust_506,2026-08-08T00:05:00,20940.84,INR,netbanking,route_b,Yes Bank,,Kolkata,web,order_1316,success,,843,0
6aefac4f-a3a9-408a-9856-11abacfd155b,merchant_paymind_demo,cust_588,2026-08-05T01:12:00,7010.14,INR,debit_card,route_c,Axis,,Delhi,android,order_1317,success,,1417,0
1c856ead-956b-4a88-a249-6a92c7f45e9b,merchant_paymind_demo,cust_605,2026-08-06T21:38:00,17454.08,INR,credit_card,route_c,HDFC,,Chennai,ios,order_1318,success,,1789,0
2a133aaf-fa77-4e34-9ab9-5301dffc44c7,merchant_paymind_demo,cust_1072,2026-08-11T05:34:00,20746.03,INR,debit_card,route_b,HDFC,,Kolkata,web,order_1319,success,,1879,0
d311ac7a-ae25-4848-b976-48e73de5fe0a,merchant_paymind_demo,cust_432,2026-08-16T23:29:00,10874.64,INR,credit_card,route_c,ICICI,,Bengaluru,web,order_1320,success,,2363,0
e5e776ac-f309-4fc8-86c9-42855a6aee42,merchant_paymind_demo,cust_551,2026-08-03T01:33:00,12856.15,INR,wallet,route_b,SBI,,Delhi,ios,order_1321,success,,1368,0
2e0c1991-ceb4-4c1d-88b7-1c4d3c081527,merchant_paymind_demo,cust_1059,2026-08-15T23:32:00,15796.29,INR,UPI,route_d,ICICI,bhim,Hyderabad,ios,order_1322,success,,1824,0
8e20f328-882e-4ff8-9511-513d678ff0d6,merchant_paymind_demo,cust_70,2026-08-08T08:03:00,17547.14,INR,wallet,route_c,HDFC,,Delhi,ios,order_1323,success,,2247,0
e3537650-bf18-492c-aa9d-35c6e605d015,merchant_paymind_demo,cust_206,2026-08-05T06:11:00,22833.06,INR,debit_card,route_c,ICICI,,Chennai,web,order_1324,success,,1062,0
c827c7cf-c849-432c-8889-b0b58b466fd3,merchant_paymind_demo,cust_935,2026-08-14T12:10:00,14420.33,INR,UPI,route_d,Yes Bank,bhim,Chennai,android,order_1325,success,,1334,0
fc9ddd2d-9241-434d-8c48-d2ace3b2d055,merchant_paymind_demo,cust_989,2026-08-16T10:34:00,10058.77,INR,debit_card,route_a,ICICI,,Kolkata,web,order_1326,success,,741,0
7d1878ec-e192-4fdb-bda8-87bfd6842f5e,merchant_paymind_demo,cust_552,2026-08-14T03:23:00,10048.72,INR,netbanking,route_a,ICICI,,Hyderabad,android,order_1327,success,,1531,0
c1c6a349-59c9-4953-9972-38cea010dd99,merchant_paymind_demo,cust_1074,2026-08-05T12:23:00,23789.77,INR,wallet,route_b,ICICI,,Pune,ios,order_1328,success,,520,0
41141ea2-d0b5-40f9-9124-1e19d76efb49,merchant_paymind_demo,cust_290,2026-08-19T05:43:00,8685.26,INR,UPI,route_d,ICICI,bhim,Mumbai,web,order_1329,success,,904,0
65043ef6-213c-4833-8c79-cebc610e9239,merchant_paymind_demo,cust_618,2026-08-07T23:57:00,2055.36,INR,credit_card,route_b,ICICI,,Chennai,android,order_1330,success,,1302,0
5fd4b1de-cdaa-4e42-bf92-146f8fa88a33,merchant_paymind_demo,cust_767,2026-08-01T02:42:00,11959.74,INR,credit_card,route_c,HDFC,,Chennai,web,order_1331,success,,1914,0
5f16fdf9-6d85-46ac-ba9f-92bcb9feac8c,merchant_paymind_demo,cust_771,2026-08-19T22:01:00,11613.93,INR,credit_card,route_b,HDFC,,Chennai,android,order_1332,success,,1603,0
195304ea-e05b-45cb-9e9f-0f43802bf501,merchant_paymind_demo,cust_670,2026-08-07T10:39:00,20503.79,INR,credit_card,route_d,Kotak,,Chennai,web,order_1333,success,,593,0
47de1029-e29d-4445-8e22-569e5233c79b,merchant_paymind_demo,cust_56,2026-08-06T01:04:00,22145.42,INR,debit_card,route_b,ICICI,,Bengaluru,ios,order_1334,success,,1692,0
c3b1cae6-5d95-42bc-ac9a-74e124e24b58,merchant_paymind_demo,cust_816,2026-08-02T18:11:00,16157.15,INR,wallet,route_b,Axis,,Delhi,android,order_1335,success,,1165,0
2c9442e6-9510-4c02-a5c5-25c5c0dea2eb,merchant_paymind_demo,cust_696,2026-08-09T17:45:00,16368.42,INR,debit_card,route_d,ICICI,,Bengaluru,ios,order_1336,success,,1884,0
b430f7cc-78ab-43ce-950f-51836c53a275,merchant_paymind_demo,cust_864,2026-08-05T02:02:00,4130.39,INR,netbanking,route_a,Axis,,Kolkata,android,order_1337,failed,invalid_otp,7620,0
b62f8759-532d-47e4-8320-1a045fecb9a3,merchant_paymind_demo,cust_829,2026-08-19T06:50:00,20182.54,INR,UPI,route_b,SBI,phonepe,Hyderabad,web,order_1338,success,,1872,0
f6ef782c-3ab4-4c18-b4e6-3dd3a2cb22c7,merchant_paymind_demo,cust_823,2026-08-10T14:43:00,19295.42,INR,netbanking,route_c,Axis,,Bengaluru,web,order_1339,failed,insufficient_funds,6944,0
b1fe26c1-9a57-4dd2-b56d-eea74525269f,merchant_paymind_demo,cust_970,2026-08-17T04:51:00,8409.83,INR,netbanking,route_c,HDFC,,Kolkata,android,order_1340,success,,2036,0
f5e15695-e7fc-4819-9ea3-2599c94edfdd,merchant_paymind_demo,cust_164,2026-08-04T10:07:00,223.57,INR,wallet,route_c,ICICI,,Hyderabad,web,order_1341,success,,2163,0
ed175999-50cb-42d7-b72c-7c5ed9ee3af5,merchant_paymind_demo,cust_577,2026-08-01T21:45:00,3082.71,INR,netbanking,route_d,Axis,,Bengaluru,android,order_1342,failed,invalid_otp,4067,0
44681af0-584a-405e-bb09-ccc6d0b6f8d9,merchant_paymind_demo,cust_607,2026-08-18T10:47:00,20488.28,INR,netbanking,route_c,ICICI,,Bengaluru,ios,order_1343,success,,2008,0
9a89a7c4-4bcd-4939-bd36-bdaf3e51714f,merchant_paymind_demo,cust_610,2026-08-15T11:19:00,938.6,INR,UPI,route_a,SBI,gpay,Hyderabad,web,order_1344,success,,1922,0
726a6f9b-aaa0-4422-898c-f5582dd5430a,merchant_paymind_demo,cust_1096,2026-08-03T03:38:00,3195.06,INR,credit_card,route_b,Yes Bank,,Chennai,ios,order_1345,success,,1425,0
f12dfcf2-52eb-4b9e-bd06-2171176dd0f5,merchant_paymind_demo,cust_500,2026-08-19T18:52:00,22594.33,INR,debit_card,route_d,HDFC,,Mumbai,ios,order_1346,success,,1826,0
cc5ae6d5-0dd7-4ffb-bbe5-865fcc39cf71,merchant_paymind_demo,cust_208,2026-08-09T16:34:00,12840.18,INR,UPI,route_a,SBI,paytm,Chennai,ios,order_1347,success,,391,0
9ce6075b-da7d-4d03-989e-0f0d9c9fb015,merchant_paymind_demo,cust_527,2026-08-17T10:05:00,16339.74,INR,credit_card,route_a,Axis,,Mumbai,android,order_1348,success,,1368,0
59f27b0a-234b-47ec-beba-801744da7053,merchant_paymind_demo,cust_1105,2026-08-20T10:31:00,19853.4,INR,debit_card,route_a,SBI,,Hyderabad,ios,order_1349,success,,1181,0
444a1286-ccae-442b-bf5e-a92bf0f26c67,merchant_paymind_demo,cust_381,2026-08-07T07:11:00,12564.0,INR,netbanking,route_a,Kotak,,Chennai,android,order_1350,success,,1467,0
36f9b18b-0bff-45fb-b741-01282429f545,merchant_paymind_demo,cust_425,2026-08-01T10:13:00,19562.16,INR,debit_card,route_b,SBI,,Bengaluru,ios,order_1351,failed,invalid_otp,2795,0
b952765b-1f2f-46b6-a3ce-64ead308d55c,merchant_paymind_demo,cust_665,2026-08-06T00:43:00,1639.88,INR,credit_card,route_c,Yes Bank,,Pune,web,order_1352,success,,2186,0
9ef30d49-7039-4868-9534-6d2e2ebd56c2,merchant_paymind_demo,cust_674,2026-08-13T07:42:00,9756.54,INR,wallet,route_a,SBI,,Bengaluru,ios,order_1353,success,,1718,0
ab3946b9-000f-431b-9347-72deb0d53f57,merchant_paymind_demo,cust_1022,2026-08-05T19:02:00,13329.4,INR,netbanking,route_b,Yes Bank,,Chennai,ios,order_1354,success,,1950,0
9d58fb8c-5169-4cdd-8d66-0c791b0e0f80,merchant_paymind_demo,cust_1171,2026-08-02T18:55:00,15803.03,INR,UPI,route_c,HDFC,phonepe,Pune,web,order_1355,success,,1812,0
02e56d7b-b4f6-4fbb-9659-f20ed595e010,merchant_paymind_demo,cust_646,2026-08-11T06:34:00,16878.81,INR,debit_card,route_a,ICICI,,Hyderabad,web,order_1356,success,,982,0
b42af88f-f9fe-4402-8c4d-c95cecd82cc7,merchant_paymind_demo,cust_884,2026-08-10T10:51:00,24895.85,INR,wallet,route_a,SBI,,Hyderabad,web,order_1357,success,,2310,0
2304a0ca-b4d1-4c83-84ae-7b15970a5ed6,merchant_paymind_demo,cust_1101,2026-08-03T23:55:00,9491.8,INR,credit_card,route_a,HDFC,,Chennai,android,order_1358,success,,1165,0
6cbfe51b-35bf-468b-82f4-d88bcdeec3af,merchant_paymind_demo,cust_366,2026-08-20T16:20:00,4019.98,INR,UPI,route_d,Kotak,bhim,Bengaluru,android,order_1359,success,,2012,0
4b6f4da2-998e-4f10-8618-2fb135b4a186,merchant_paymind_demo,cust_744,2026-08-15T08:12:00,2685.69,INR,wallet,route_c,Kotak,,Hyderabad,web,order_1360,success,,1906,0
53751489-4b8a-44f3-91f7-86293d10fd62,merchant_paymind_demo,cust_1014,2026-08-18T05:19:00,11624.65,INR,credit_card,route_d,ICICI,,Kolkata,android,order_1361,success,,1938,0
c272b2af-bb6a-49af-a7c5-bad8f6a7f597,merchant_paymind_demo,cust_685,2026-08-18T08:39:00,11627.34,INR,debit_card,route_b,Yes Bank,,Mumbai,ios,order_1362,failed,gateway_error,5426,0
05e919f2-3b38-46eb-be59-e8f510de2df1,merchant_paymind_demo,cust_60,2026-08-15T01:59:00,5643.61,INR,netbanking,route_a,Kotak,,Hyderabad,web,order_1363,success,,1974,0
8c2a448c-0812-49f3-8a50-3158ee71bbc4,merchant_paymind_demo,cust_512,2026-08-04T18:54:00,14254.19,INR,UPI,route_d,Yes Bank,gpay,Bengaluru,android,order_1364,success,,1894,0
caab7ac6-720f-41cd-95cf-3f0a6f0c2a66,merchant_paymind_demo,cust_396,2026-08-20T08:22:00,22834.51,INR,wallet,route_d,SBI,,Pune,android,order_1365,success,,1017,0
82c038ea-dfe8-4cb9-927b-774e4ba5a7ac,merchant_paymind_demo,cust_410,2026-08-08T08:15:00,3359.62,INR,netbanking,route_a,HDFC,,Delhi,web,order_1366,success,,2188,0
ac23f586-2eca-45ba-8753-267cf19611de,merchant_paymind_demo,cust_909,2026-08-06T12:06:00,19929.0,INR,netbanking,route_d,Kotak,,Pune,android,order_1367,success,,1656,0
836caf97-f7c3-4716-9823-7cba36af1acc,merchant_paymind_demo,cust_144,2026-08-01T03:45:00,18727.78,INR,credit_card,route_d,Kotak,,Chennai,ios,order_1368,success,,588,0
fc5981d9-99db-4574-8ac5-2d4c2f467f94,merchant_paymind_demo,cust_1101,2026-08-03T18:04:00,17909.08,INR,netbanking,route_a,Axis,,Chennai,web,order_1369,success,,544,0
41f62756-041a-45f0-a331-8da87d5160cc,merchant_paymind_demo,cust_82,2026-08-09T06:27:00,10015.76,INR,debit_card,route_d,Axis,,Kolkata,android,order_1370,success,,724,0
a26964bd-9dee-43fd-bf72-55e0389690c1,merchant_paymind_demo,cust_1188,2026-08-18T03:33:00,19800.88,INR,credit_card,route_b,SBI,,Chennai,web,order_1371,success,,1691,0
e7b0cae3-b607-465e-929e-c6e15b8932a7,merchant_paymind_demo,cust_989,2026-08-05T18:44:00,6649.47,INR,credit_card,route_c,Yes Bank,,Pune,android,order_1372,success,,2176,0
10a1901c-5b3f-438d-99ff-8c0cd350219a,merchant_paymind_demo,cust_533,2026-08-08T19:01:00,7417.54,INR,netbanking,route_d,SBI,,Kolkata,ios,order_1373,success,,1356,0
f1df5b8c-44bf-4ac3-aa55-9766fbb28a5e,merchant_paymind_demo,cust_74,2026-08-18T07:47:00,3543.52,INR,wallet,route_c,HDFC,,Delhi,ios,order_1374,success,,1785,0
2a805f50-f973-4127-ad29-f38cbfd40788,merchant_paymind_demo,cust_325,2026-08-13T22:00:00,15865.67,INR,debit_card,route_d,Yes Bank,,Chennai,web,order_1375,success,,1507,0
d92ec997-085d-495b-83e5-25312d479432,merchant_paymind_demo,cust_264,2026-08-04T08:01:00,15205.86,INR,credit_card,route_d,SBI,,Pune,android,order_1376,success,,414,0
1cdf33bf-8c39-4342-b8f6-5838b3617fc1,merchant_paymind_demo,cust_304,2026-08-14T07:04:00,351.06,INR,credit_card,route_c,Yes Bank,,Hyderabad,web,order_1377,success,,2416,0
b0628323-15f6-4c05-b79a-34cd8ecd05a8,merchant_paymind_demo,cust_349,2026-08-08T19:59:00,16114.1,INR,netbanking,route_c,Kotak,,Bengaluru,ios,order_1378,success,,2287,0
c2ab360f-3959-4f7e-9ac9-44b9a2254eb0,merchant_paymind_demo,cust_988,2026-08-04T23:47:00,12125.76,INR,credit_card,route_d,HDFC,,Pune,android,order_1379,success,,1702,0
60bd98aa-19d1-4258-ae5e-6ba255af157b,merchant_paymind_demo,cust_460,2026-08-04T09:58:00,6993.97,INR,credit_card,route_a,Yes Bank,,Delhi,ios,order_1380,success,,2343,0
2a01fcd2-37fb-49ee-a79b-de49516e3ac9,merchant_paymind_demo,cust_25,2026-08-20T02:44:00,18669.1,INR,netbanking,route_b,Yes Bank,,Delhi,ios,order_1381,success,,434,0
b057cc0d-6f91-4c96-888e-2f5ef1f5620c,merchant_paymind_demo,cust_675,2026-08-12T13:07:00,1726.58,INR,netbanking,route_a,HDFC,,Chennai,web,order_1382,success,,2441,0
992f7a93-13e8-4a10-8bb2-8f7674fe4eef,merchant_paymind_demo,cust_375,2026-08-16T16:40:00,23411.52,INR,credit_card,route_b,ICICI,,Pune,web,order_1383,success,,2168,0
45564246-d1d3-4980-be09-1982de137d3b,merchant_paymind_demo,cust_545,2026-08-13T13:27:00,6973.04,INR,credit_card,route_b,Yes Bank,,Kolkata,android,order_1384,failed,bank_timeout,6280,0
6b3ff982-85e4-4264-adf5-79007aecf703,merchant_paymind_demo,cust_467,2026-08-06T13:13:00,14662.65,INR,debit_card,route_d,Axis,,Mumbai,web,order_1385,success,,509,0
38eed87e-ef81-4425-a9bb-6577a9ff8248,merchant_paymind_demo,cust_150,2026-08-05T11:16:00,11983.56,INR,debit_card,route_d,HDFC,,Chennai,android,order_1386,success,,709,0
99455f8e-cb5d-410b-b05f-8bcf4054d0a5,merchant_paymind_demo,cust_998,2026-08-07T19:49:00,14254.77,INR,wallet,route_d,HDFC,,Pune,ios,order_1387,success,,1097,0
f8fcfc93-13b3-4617-8be2-51e6d2e4455e,merchant_paymind_demo,cust_935,2026-08-01T00:16:00,6331.11,INR,wallet,route_d,Kotak,,Bengaluru,ios,order_1388,success,,1023,0
40cd0006-0643-4746-a34e-e0176dadc517,merchant_paymind_demo,cust_1054,2026-08-07T10:58:00,23788.32,INR,debit_card,route_c,SBI,,Kolkata,web,order_1389,success,,1319,0
9f0f5f34-16d0-4c9a-a373-c6fbd92e7d06,merchant_paymind_demo,cust_1150,2026-08-12T10:44:00,7754.66,INR,debit_card,route_d,HDFC,,Kolkata,android,order_1390,success,,2297,0
c0fffbfc-809d-4ed5-b24d-3ed6d12f97a1,merchant_paymind_demo,cust_1044,2026-08-11T16:57:00,12419.91,INR,UPI,route_b,HDFC,bhim,Pune,ios,order_1391,success,,687,0
799b1bb9-922a-4423-ab6d-7f50fa4655f8,merchant_paymind_demo,cust_1104,2026-08-19T17:13:00,4607.26,INR,netbanking,route_a,ICICI,,Delhi,ios,order_1392,success,,2355,0
9cc66024-2546-41ac-ac6d-87155b93f8ac,merchant_paymind_demo,cust_1087,2026-08-11T17:42:00,2617.78,INR,debit_card,route_c,Kotak,,Delhi,web,order_1393,success,,933,0
72b0e3c9-6e29-4386-8b1f-428e72c7258b,merchant_paymind_demo,cust_812,2026-08-18T21:09:00,4335.84,INR,debit_card,route_b,Kotak,,Pune,android,order_1394,success,,1633,0
7d00bfa0-8198-4f85-8d42-74fdf6624f21,merchant_paymind_demo,cust_854,2026-08-18T17:51:00,18175.38,INR,wallet,route_b,SBI,,Chennai,ios,order_1395,success,,1818,0
e8527b8b-df35-4db3-b2e0-e7fb6d6da29c,merchant_paymind_demo,cust_725,2026-08-19T20:52:00,18643.09,INR,credit_card,route_d,SBI,,Chennai,web,order_1396,success,,1911,0
c5ffeb63-921b-416b-8778-6d2310153407,merchant_paymind_demo,cust_828,2026-08-02T06:12:00,24218.56,INR,netbanking,route_c,Yes Bank,,Kolkata,android,order_1397,failed,gateway_error,8283,0
26d30f98-fde1-49fe-808c-105dff1d4284,merchant_paymind_demo,cust_415,2026-08-05T17:55:00,16568.26,INR,debit_card,route_c,SBI,,Kolkata,ios,order_1398,failed,insufficient_funds,4636,0
fb9ae011-ea33-4149-891f-ff073e839244,merchant_paymind_demo,cust_668,2026-08-13T16:46:00,14021.31,INR,netbanking,route_b,ICICI,,Hyderabad,web,order_1399,success,,2102,0
485db3ca-1e52-4600-b7f6-54080c877f96,merchant_paymind_demo,cust_498,2026-08-04T15:36:00,8170.8,INR,debit_card,route_d,Yes Bank,,Hyderabad,ios,order_1400,success,,488,0
7ed64da4-d057-4c3c-8f7d-7156261b925d,merchant_paymind_demo,cust_998,2026-08-06T16:26:00,7039.56,INR,netbanking,route_d,HDFC,,Mumbai,android,order_1401,success,,1703,0
1ec8564d-73b3-4cd7-bddb-b0162d93ed8c,merchant_paymind_demo,cust_898,2026-08-07T11:13:00,2820.22,INR,debit_card,route_b,Yes Bank,,Mumbai,ios,order_1402,success,,1994,0
4fcbc66a-880a-447f-a866-a2b35dd9a3d8,merchant_paymind_demo,cust_613,2026-08-14T01:31:00,5039.86,INR,credit_card,route_a,Axis,,Delhi,ios,order_1403,success,,1367,0
c188428d-a878-44cc-b318-f005994a567b,merchant_paymind_demo,cust_597,2026-08-16T16:35:00,595.2,INR,wallet,route_a,Yes Bank,,Pune,web,order_1404,success,,1585,0
78f5a562-e967-4072-ade9-937061a53153,merchant_paymind_demo,cust_914,2026-08-18T00:06:00,22120.4,INR,debit_card,route_b,SBI,,Chennai,android,order_1405,success,,2187,0
73715e18-c2cb-458c-8884-ba377b18719a,merchant_paymind_demo,cust_531,2026-08-06T19:27:00,15110.24,INR,debit_card,route_a,ICICI,,Mumbai,web,order_1406,success,,1982,0
c427c921-8a73-4f7e-8a5b-fc356d553c43,merchant_paymind_demo,cust_997,2026-08-19T03:52:00,1248.38,INR,netbanking,route_a,Kotak,,Bengaluru,android,order_1407,success,,2090,0
87458651-bb08-433f-80b1-af2fff453c77,merchant_paymind_demo,cust_670,2026-08-18T23:31:00,13493.29,INR,UPI,route_c,Kotak,paytm,Pune,android,order_1408,success,,609,0
0e4bd51f-ac84-4c0a-996c-1859f8d68662,merchant_paymind_demo,cust_1144,2026-08-18T18:18:00,2852.76,INR,wallet,route_b,Kotak,,Kolkata,android,order_1409,success,,2218,0
4f857f18-4b17-41d8-b7e5-908cb7c6fe44,merchant_paymind_demo,cust_391,2026-08-18T02:38:00,1873.43,INR,wallet,route_d,SBI,,Chennai,ios,order_1410,success,,923,0
437d3a22-4924-4e1f-9c07-e9f82ae03709,merchant_paymind_demo,cust_1179,2026-08-08T17:34:00,11378.47,INR,debit_card,route_d,HDFC,,Chennai,web,order_1411,success,,1503,0
ceee455e-cdd8-4e33-9211-cf8656e10246,merchant_paymind_demo,cust_799,2026-08-01T10:18:00,263.02,INR,UPI,route_c,Axis,phonepe,Bengaluru,android,order_1412,success,,1637,0
d191abff-cc7c-434b-9fd7-980323f76620,merchant_paymind_demo,cust_411,2026-08-18T12:28:00,20547.04,INR,wallet,route_c,Yes Bank,,Kolkata,web,order_1413,success,,925,0
8d5e28e4-8ad2-4a0a-a22c-35d4c16821be,merchant_paymind_demo,cust_423,2026-08-08T00:28:00,4580.59,INR,credit_card,route_a,Kotak,,Hyderabad,android,order_1414,success,,821,0
ff277b0c-6b0e-43d5-b921-ceb256ae0bfc,merchant_paymind_demo,cust_142,2026-08-08T10:50:00,21770.37,INR,wallet,route_b,Yes Bank,,Delhi,android,order_1415,success,,1540,0
2b6e8f9e-d3dc-4a3e-8e6e-3c5b7be024bd,merchant_paymind_demo,cust_556,2026-08-06T07:14:00,23410.74,INR,credit_card,route_b,SBI,,Mumbai,android,order_1416,success,,2100,0
d820d6e1-9eb5-42cd-b4b8-e83c41924dd9,merchant_paymind_demo,cust_769,2026-08-01T13:53:00,11126.61,INR,UPI,route_b,Axis,gpay,Chennai,ios,order_1417,success,,1935,0
dd38b83f-1825-43da-b904-244aa1891393,merchant_paymind_demo,cust_780,2026-08-14T10:20:00,20371.76,INR,credit_card,route_a,ICICI,,Hyderabad,web,order_1418,success,,2415,0
8f295883-fde2-41b3-91ac-60c9b2046af4,merchant_paymind_demo,cust_430,2026-08-03T17:43:00,23520.36,INR,UPI,route_c,Yes Bank,paytm,Chennai,android,order_1419,success,,1161,0
6e07080f-96b2-4043-afff-e2cf26c2a64f,merchant_paymind_demo,cust_737,2026-08-11T21:02:00,6419.35,INR,UPI,route_a,Axis,gpay,Mumbai,ios,order_1420,success,,2020,0
ad1df329-71af-4e5c-accc-f79b198b021c,merchant_paymind_demo,cust_205,2026-08-09T01:42:00,9041.79,INR,netbanking,route_c,HDFC,,Chennai,web,order_1421,success,,1531,0
8d7c40a3-aa77-4ac3-8f0c-22f2e8d132ee,merchant_paymind_demo,cust_173,2026-08-15T19:13:00,16107.37,INR,credit_card,route_d,Axis,,Mumbai,ios,order_1422,success,,1624,0
64e0c371-86b4-4082-9b4b-cf32f722c368,merchant_paymind_demo,cust_510,2026-08-05T00:51:00,14136.25,INR,UPI,route_b,Kotak,phonepe,Delhi,web,order_1423,success,,2224,0
3a3ca2f5-bbf7-4864-b41b-c709e87e5208,merchant_paymind_demo,cust_430,2026-08-20T17:08:00,18509.24,INR,UPI,route_c,SBI,,Chennai,android,order_1424,success,,2017,0
b86623c9-9e51-4b72-85a1-5b9a37f4cd37,merchant_paymind_demo,cust_1063,2026-08-04T10:40:00,18562.07,INR,credit_card,route_b,SBI,,Mumbai,android,order_1425,success,,422,0
f5f3d150-d7b3-4aaf-91f8-28ae72500401,merchant_paymind_demo,cust_827,2026-08-15T05:30:00,9360.94,INR,netbanking,route_c,Kotak,,Bengaluru,android,order_1426,success,,405,0
6bbbb54a-39b8-4276-a087-88781cba5da5,merchant_paymind_demo,cust_964,2026-08-01T18:41:00,18387.02,INR,debit_card,route_b,Axis,,Mumbai,web,order_1427,failed,gateway_error,8246,0
1ae4ad31-ea50-486e-b049-0e8017f62254,merchant_paymind_demo,cust_348,2026-08-04T14:22:00,2547.88,INR,wallet,route_c,ICICI,,Mumbai,ios,order_1428,success,,571,0
01cda48a-a1d8-440d-bf81-4b7b2d338ef6,merchant_paymind_demo,cust_952,2026-08-10T10:41:00,21410.7,INR,UPI,route_d,ICICI,,Kolkata,web,order_1429,success,,302,0
ab629fc5-ee47-462a-8e2e-2e5f8e22f21c,merchant_paymind_demo,cust_527,2026-08-03T22:00:00,8105.77,INR,debit_card,route_c,Kotak,,Pune,web,order_1430,success,,694,0
64ef10b8-468f-470a-903b-bcda888d4841,merchant_paymind_demo,cust_1170,2026-08-05T11:11:00,3189.53,INR,netbanking,route_b,ICICI,,Delhi,web,order_1431,success,,636,0
07a36cd6-23a6-4572-94b2-4c80555fa511,merchant_paymind_demo,cust_579,2026-08-14T23:52:00,2675.44,INR,UPI,route_b,SBI,phonepe,Pune,web,order_1432,success,,1533,0
8a5a40be-8639-4f5d-bda9-77ee33b87c24,merchant_paymind_demo,cust_947,2026-08-16T05:00:00,14790.08,INR,debit_card,route_c,ICICI,,Bengaluru,ios,order_1433,success,,1835,0
591664c8-03c2-4e35-be2e-594d697e0a5e,merchant_paymind_demo,cust_71,2026-08-18T00:28:00,22655.06,INR,credit_card,route_d,Yes Bank,,Mumbai,android,order_1434,success,,1046,0
9ebbda38-2751-4b2f-ae0d-d8773885911a,merchant_paymind_demo,cust_70,2026-08-20T00:13:00,19879.57,INR,UPI,route_b,Axis,paytm,Mumbai,web,order_1435,success,,2269,0
bef25cc6-7298-46f2-a6da-6a442c00b13c,merchant_paymind_demo,cust_385,2026-08-15T07:21:00,21744.67,INR,netbanking,route_d,Axis,,Delhi,ios,order_1436,success,,1376,0
7fd46145-3050-4784-8de3-f0f0fab852b8,merchant_paymind_demo,cust_573,2026-08-15T21:58:00,19224.35,INR,wallet,route_c,SBI,,Delhi,ios,order_1437,success,,1696,0
88ee4949-abc5-4b88-876b-965f1db9aa19,merchant_paymind_demo,cust_935,2026-08-16T02:13:00,2457.76,INR,netbanking,route_c,Kotak,,Bengaluru,android,order_1438,success,,1796,0
e60a95ab-c0a3-4852-badc-ee5bbbfc6fc2,merchant_paymind_demo,cust_1113,2026-08-03T20:56:00,2409.86,INR,netbanking,route_d,HDFC,,Mumbai,web,order_1439,success,,1511,0
abebd87c-9529-4da5-afb1-7f186c8f02a9,merchant_paymind_demo,cust_629,2026-08-11T07:09:00,10932.29,INR,credit_card,route_a,Kotak,,Delhi,ios,order_1440,success,,2392,0
755041a7-8f53-4331-892d-c35e91c7fd47,merchant_paymind_demo,cust_455,2026-08-18T15:45:00,467.14,INR,credit_card,route_c,Kotak,,Hyderabad,android,order_1441,success,,2473,0
5d76d57e-5b82-4dee-a3f4-ddcf6f037c25,merchant_paymind_demo,cust_1092,2026-08-09T06:03:00,13509.46,INR,wallet,route_b,SBI,,Delhi,android,order_1442,failed,bank_timeout,7201,0
96cef3ca-d94e-44a5-b149-7f2222e0f7e0,merchant_paymind_demo,cust_312,2026-08-13T07:21:00,23557.69,INR,wallet,route_d,ICICI,,Bengaluru,android,order_1443,success,,1941,0
9e9b0957-4108-4929-9e64-0b3b32f71402,merchant_paymind_demo,cust_1069,2026-08-10T14:03:00,22348.93,INR,debit_card,route_d,SBI,,Delhi,web,order_1444,success,,1528,0
1e04a3eb-140d-4112-8634-2c0b9519fb56,merchant_paymind_demo,cust_1139,2026-08-16T04:52:00,7824.55,INR,UPI,route_a,HDFC,bhim,Delhi,android,order_1445,success,,2269,0
23d95bb5-b309-4c55-95db-e98ce063c8cf,merchant_paymind_demo,cust_497,2026-08-09T21:40:00,19668.51,INR,credit_card,route_d,Axis,,Hyderabad,android,order_1446,success,,1318,0
9a27c818-2a43-40be-9463-c8fed279db87,merchant_paymind_demo,cust_566,2026-08-04T04:41:00,22321.33,INR,debit_card,route_a,Yes Bank,,Pune,web,order_1447,success,,921,0
5b432226-43a1-4e98-8e95-017d8eb66a30,merchant_paymind_demo,cust_565,2026-08-18T07:22:00,8220.36,INR,credit_card,route_a,Kotak,,Bengaluru,web,order_1448,success,,720,0
e6261127-eb97-4442-a649-d88e500f8d53,merchant_paymind_demo,cust_898,2026-08-07T19:11:00,20564.9,INR,wallet,route_d,ICICI,,Mumbai,web,order_1449,success,,1698,0
9e57bdd6-1565-41b3-97fd-e1e95521e1cd,merchant_paymind_demo,cust_84,2026-08-09T16:21:00,20957.54,INR,debit_card,route_c,HDFC,,Pune,ios,order_1450,success,,2044,0
129e8272-7523-48fb-b51c-e5b1cfbb9c82,merchant_paymind_demo,cust_998,2026-08-18T06:13:00,7313.12,INR,wallet,route_a,HDFC,,Pune,web,order_1451,success,,1785,0
577b0994-e682-4f64-88be-aec19ee91ba7,merchant_paymind_demo,cust_1013,2026-08-20T00:57:00,17554.9,INR,credit_card,route_d,Axis,,Mumbai,web,order_1452,success,,730,0
67eafc5e-2899-46f7-9135-f29c1064f1a9,merchant_paymind_demo,cust_565,2026-08-06T17:26:00,16024.62,INR,debit_card,route_c,Axis,,Pune,ios,order_1453,success,,1760,0
6eb794ec-eccd-4b47-8eb5-110aac06e544,merchant_paymind_demo,cust_995,2026-08-06T12:34:00,14665.31,INR,UPI,route_b,Kotak,bhim,Pune,ios,order_1454,failed,insufficient_funds,8397,0
1a5ac175-c413-483b-9228-8c86f9a1c807,merchant_paymind_demo,cust_1159,2026-08-09T13:14:00,15185.36,INR,netbanking,route_d,HDFC,,Hyderabad,android,order_1455,success,,703,0
4d56f47c-f47e-47c8-9d6e-ce021228819b,merchant_paymind_demo,cust_489,2026-08-09T04:59:00,14524.05,INR,wallet,route_d,Axis,,Pune,web,order_1456,success,,463,0
e07f0bfe-608a-4771-abb4-c94043ed4e23,merchant_paymind_demo,cust_902,2026-08-20T09:25:00,11545.54,INR,debit_card,route_a,Axis,,Kolkata,web,order_1457,success,,2068,0
36d95177-0507-4069-ac49-38e9e8b58fdd,merchant_paymind_demo,cust_371,2026-08-01T13:11:00,15781.51,INR,UPI,route_c,HDFC,paytm,Chennai,android,order_1458,success,,2170,0
611e5849-7d47-4ca9-aa77-5a85f8b7913c,merchant_paymind_demo,cust_705,2026-08-09T00:26:00,24340.81,INR,debit_card,route_b,SBI,,Chennai,android,order_1459,success,,1629,0
f662391b-68bd-4167-8204-90d99daff386,merchant_paymind_demo,cust_539,2026-08-18T11:45:00,19851.34,INR,netbanking,route_b,Kotak,,Kolkata,web,order_1460,success,,1618,0
5e9dd1fe-8767-410b-a15f-f05ec41b3abf,merchant_paymind_demo,cust_353,2026-08-20T05:19:00,12520.92,INR,netbanking,route_a,SBI,,Bengaluru,web,order_1461,success,,1232,0
d4b532bc-82b6-4ab5-b4a7-b1f65416fb3f,merchant_paymind_demo,cust_208,2026-08-17T10:16:00,2306.29,INR,debit_card,route_d,SBI,,Hyderabad,ios,order_1462,success,,1062,0
d491f0fa-bf79-4901-a7c5-274706625072,merchant_paymind_demo,cust_995,2026-08-08T23:28:00,8458.18,INR,netbanking,route_d,SBI,,Kolkata,android,order_1463,success,,990,0
f6227b00-22ff-41ad-b129-407518ec9580,merchant_paymind_demo,cust_389,2026-08-14T05:45:00,7797.66,INR,debit_card,route_c,Kotak,,Hyderabad,android,order_1464,failed,gateway_error,7066,0
d29835f4-250c-4b77-a39c-8fb24f99f84b,merchant_paymind_demo,cust_186,2026-08-17T04:39:00,14969.34,INR,UPI,route_d,SBI,phonepe,Pune,ios,order_1465,success,,2482,0
52219b0f-0489-43e3-8e81-b97118a0431d,merchant_paymind_demo,cust_789,2026-08-03T08:35:00,21132.99,INR,debit_card,route_c,Kotak,,Hyderabad,android,order_1466,success,,1626,0
12fdff0f-4658-4ca9-a38a-03f825c17aa9,merchant_paymind_demo,cust_84,2026-08-06T14:17:00,13722.28,INR,credit_card,route_c,HDFC,,Chennai,android,order_1467,success,,1196,0
8538fa4a-bffe-49b6-a9c4-67f10de6a5bc,merchant_paymind_demo,cust_902,2026-08-15T17:50:00,20297.56,INR,credit_card,route_b,HDFC,,Bengaluru,android,order_1468,success,,385,0
3baa063a-496a-4f1d-9182-b26359bc0e08,merchant_paymind_demo,cust_899,2026-08-10T10:23:00,13930.24,INR,wallet,route_b,Axis,,Delhi,web,order_1469,success,,1936,0
bf1f31d0-40a1-469f-b1b2-5cd1c17e3615,merchant_paymind_demo,cust_793,2026-08-17T23:50:00,6574.23,INR,wallet,route_c,SBI,,Chennai,ios,order_1470,success,,1793,0
9840407e-7173-4cd0-832a-3ebd256d8606,merchant_paymind_demo,cust_732,2026-08-02T18:04:00,23954.37,INR,credit_card,route_b,SBI,,Kolkata,web,order_1471,success,,1311,0
2b65b052-3b65-40e7-a2f1-004cdec0efa0,merchant_paymind_demo,cust_198,2026-08-18T20:17:00,24638.33,INR,wallet,route_d,Kotak,,Bengaluru,android,order_1472,success,,1233,0
bcc21b93-d2da-4715-b534-8370a5a2deca,merchant_paymind_demo,cust_1135,2026-08-19T16:25:00,24627.67,INR,debit_card,route_d,SBI,,Hyderabad,android,order_1473,success,,2185,0
6864dd81-20c2-458e-9f71-9867d84db193,merchant_paymind_demo,cust_894,2026-08-02T11:18:00,23831.44,INR,wallet,route_b,HDFC,,Hyderabad,ios,order_1474,success,,535,0
1079af38-b9f7-4b48-a84a-0ced927f5f24,merchant_paymind_demo,cust_303,2026-08-02T10:49:00,17066.07,INR,debit_card,route_a,Yes Bank,,Bengaluru,web,order_1475,success,,1332,0
70c91d36-3965-4c38-8c06-d6dbc0100b17,merchant_paymind_demo,cust_1006,2026-08-10T19:17:00,17620.23,INR,UPI,route_b,Axis,phonepe,Pune,ios,order_1476,success,,1569,0
aff55268-48fa-40a1-8e99-fb381d61d66d,merchant_paymind_demo,cust_624,2026-08-08T12:30:00,5852.48,INR,wallet,route_d,ICICI,,Kolkata,web,order_1477,success,,1588,0
71a12f29-83c4-4cc5-bd23-0da7fda58706,merchant_paymind_demo,cust_109,2026-08-17T04:54:00,18873.93,INR,UPI,route_a,HDFC,,Mumbai,web,order_1478,success,,1994,0
0fc54039-4958-4cde-b106-b0d136c6d1f2,merchant_paymind_demo,cust_510,2026-08-14T16:30:00,19354.67,INR,credit_card,route_b,ICICI,,Mumbai,web,order_1479,success,,2327,0
333da0fa-3122-4dab-97ba-e37ee5c1397c,merchant_paymind_demo,cust_193,2026-08-10T04:23:00,14371.37,INR,UPI,route_d,Axis,bhim,Pune,ios,order_1480,success,,867,0
0e58c1ab-c128-4cb8-b114-371b21bb3420,merchant_paymind_demo,cust_638,2026-08-09T01:57:00,4476.4,INR,debit_card,route_d,SBI,,Chennai,android,order_1481,success,,1055,0
20746ac6-e1ea-4a8a-b2ca-d671a2443e9a,merchant_paymind_demo,cust_465,2026-08-08T23:48:00,24641.62,INR,debit_card,route_a,SBI,,Chennai,android,order_1482,success,,2445,0
f213b50f-3950-485c-87f7-cb96b3ed2403,merchant_paymind_demo,cust_125,2026-08-13T16:15:00,1525.7,INR,debit_card,route_c,HDFC,,Delhi,android,order_1483,failed,insufficient_funds,2038,0
4533e26e-7407-4801-ac5b-1de8d0536218,merchant_paymind_demo,cust_57,2026-08-19T04:55:00,22633.37,INR,debit_card,route_c,HDFC,,Delhi,android,order_1484,success,,2340,0
48ae909a-3a12-413d-ba2a-220d797fa367,merchant_paymind_demo,cust_708,2026-08-03T04:57:00,21808.82,INR,credit_card,route_b,Kotak,,Bengaluru,web,order_1485,success,,1024,0
1abbeff5-58f2-49c3-89f1-f8f3e0fc9f55,merchant_paymind_demo,cust_364,2026-08-12T13:04:00,3763.8,INR,netbanking,route_d,HDFC,,Hyderabad,android,order_1486,success,,792,0
6da84337-395f-4875-89d2-7f834e140831,merchant_paymind_demo,cust_221,2026-08-08T22:37:00,17091.65,INR,debit_card,route_b,HDFC,,Chennai,android,order_1487,success,,935,0
e9f2a149-f782-41ee-9a88-2b7292bc8bba,merchant_paymind_demo,cust_932,2026-08-15T23:37:00,13722.11,INR,wallet,route_d,Axis,,Mumbai,web,order_1488,success,,568,0
dbdf85b4-b9c9-495b-8973-d9d778e68b25,merchant_paymind_demo,cust_290,2026-08-06T10:46:00,24011.66,INR,debit_card,route_d,ICICI,,Kolkata,ios,order_1489,success,,470,0
40f14ccc-9d3e-45ff-abb4-7a388db8e3d5,merchant_paymind_demo,cust_984,2026-08-19T10:51:00,21097.85,INR,debit_card,route_a,Kotak,,Mumbai,web,order_1490,success,,1612,0
bd3867af-cc0f-487f-bfde-4a7e69255019,merchant_paymind_demo,cust_1090,2026-08-12T20:54:00,9884.91,INR,wallet,route_b,SBI,,Bengaluru,android,order_1491,success,,2134,0
d44dc99e-76d6-43c1-b990-26fecb7184f9,merchant_paymind_demo,cust_874,2026-08-10T04:46:00,10906.71,INR,credit_card,route_a,Axis,,Mumbai,ios,order_1492,success,,727,0
fecf7b84-1353-470e-9d36-2438644b792c,merchant_paymind_demo,cust_797,2026-08-07T23:03:00,12465.48,INR,debit_card,route_c,Yes Bank,,Pune,android,order_1493,success,,2460,0
780fa9c3-7598-4966-ad5e-88097aa7bf72,merchant_paymind_demo,cust_183,2026-08-07T23:43:00,22307.71,INR,UPI,route_b,Yes Bank,paytm,Pune,android,order_1494,success,,2488,0
e3ead12d-6963-4a1f-ab76-25d918850062,merchant_paymind_demo,cust_621,2026-08-09T18:12:00,4746.56,INR,UPI,route_a,Yes Bank,bhim,Pune,web,order_1495,failed,bank_timeout,6167,0
baf9b1fe-7e8d-4ba2-b838-9477a32ef2c1,merchant_paymind_demo,cust_92,2026-08-05T21:08:00,2511.34,INR,debit_card,route_b,ICICI,,Pune,ios,order_1496,success,,598,0
e24828f5-5901-45ca-a3c8-fb26ab69e206,merchant_paymind_demo,cust_1170,2026-08-15T13:45:00,15344.78,INR,credit_card,route_a,Axis,,Delhi,web,order_1497,success,,776,0
1fc34025-2194-4e62-bf9e-e7712b831a09,merchant_paymind_demo,cust_493,2026-08-16T00:13:00,20350.26,INR,debit_card,route_c,ICICI,,Chennai,android,order_1498,failed,invalid_otp,8863,0
26a5811b-ffd0-484b-8397-042d33a4b31a,merchant_paymind_demo,cust_291,2026-08-14T14:59:00,6192.02,INR,netbanking,route_c,Axis,,Pune,web,order_1499,failed,invalid_otp,3678,0
75a8182a-42c4-4e98-b199-40e65485af16,merchant_paymind_demo,cust_21,2026-08-10T11:07:00,20597.7,INR,debit_card,route_d,SBI,,Kolkata,android,order_1500,success,,2299,0
e78993c3-0bd8-4e2a-9228-1f5f02c0d69f,merchant_paymind_demo,cust_810,2026-08-01T22:49:00,17415.24,INR,debit_card,route_d,ICICI,,Pune,web,order_1501,success,,1213,0
9700df3b-0427-45b5-82cb-74bebb1bae8a,merchant_paymind_demo,cust_237,2026-08-04T14:47:00,22560.32,INR,UPI,route_d,HDFC,phonepe,Hyderabad,ios,order_1502,success,,985,0
bb8eabdf-a508-4e4e-ab8b-4b8d59de83a2,merchant_paymind_demo,cust_816,2026-08-07T11:32:00,13429.69,INR,debit_card,route_c,Kotak,,Bengaluru,android,order_1503,success,,789,0
48c3af5a-bc0d-44e6-b1fd-f391499fd834,merchant_paymind_demo,cust_414,2026-08-02T23:14:00,13891.01,INR,netbanking,route_d,ICICI,,Delhi,web,order_1504,success,,446,0
60c8e157-78dd-4c05-a433-dc495012ced4,merchant_paymind_demo,cust_229,2026-08-06T04:52:00,998.88,INR,netbanking,route_d,ICICI,,Mumbai,web,order_1505,success,,576,0
446d9a55-8c81-4cee-94e1-183affcd5324,merchant_paymind_demo,cust_760,2026-08-10T23:15:00,18471.74,INR,credit_card,route_d,Kotak,,Kolkata,android,order_1506,success,,2362,0
41d2e6ae-99a3-4963-ab6a-b77a7dd5b9d3,merchant_paymind_demo,cust_652,2026-08-01T23:53:00,14241.59,INR,credit_card,route_b,SBI,,Kolkata,ios,order_1507,success,,1018,0
63c9b062-b4c0-4fec-9bb7-2c05ee808ede,merchant_paymind_demo,cust_116,2026-08-09T21:42:00,9531.86,INR,debit_card,route_c,Kotak,,Mumbai,android,order_1508,success,,1053,0
a26b9643-4702-4ff4-aa25-5c7b33458223,merchant_paymind_demo,cust_899,2026-08-01T13:49:00,21789.87,INR,credit_card,route_a,ICICI,,Hyderabad,web,order_1509,success,,1478,0
b117c166-f51f-4336-9b3d-79cb9713b37f,merchant_paymind_demo,cust_1121,2026-08-08T05:25:00,1464.99,INR,wallet,route_a,Axis,,Hyderabad,web,order_1510,success,,371,0
38a117f4-21e5-452f-b204-35202319073c,merchant_paymind_demo,cust_659,2026-08-09T10:16:00,1008.83,INR,wallet,route_a,Yes Bank,,Delhi,android,order_1511,success,,1861,0
d6e1e1cd-679d-43f4-abc5-9c03b6bf7110,merchant_paymind_demo,cust_794,2026-08-18T11:48:00,14195.52,INR,UPI,route_b,Yes Bank,gpay,Hyderabad,web,order_1512,success,,602,0
a9a41115-ab39-4b9f-b98a-3a07bc0f73ad,merchant_paymind_demo,cust_976,2026-08-14T00:06:00,16137.51,INR,UPI,route_c,Yes Bank,,Chennai,ios,order_1513,success,,1273,0
dc4d0f45-eaca-40fa-b43f-51502e7f9aca,merchant_paymind_demo,cust_707,2026-08-15T11:43:00,11401.86,INR,netbanking,route_b,Axis,,Hyderabad,ios,order_1514,success,,1216,0
217ca9e1-ddc2-4214-8a50-cada17087380,merchant_paymind_demo,cust_358,2026-08-09T20:08:00,24978.55,INR,credit_card,route_b,SBI,,Pune,android,order_1515,success,,2068,0
40a1ebe9-b0c7-4611-b953-67137e145b61,merchant_paymind_demo,cust_942,2026-08-10T08:07:00,17781.61,INR,debit_card,route_b,Axis,,Delhi,web,order_1516,success,,1745,0
72d17f36-da9d-4b3e-86d9-b9633821290c,merchant_paymind_demo,cust_863,2026-08-10T12:08:00,11541.51,INR,credit_card,route_d,Axis,,Chennai,ios,order_1517,success,,1789,0
36d6f1e0-41f8-49a1-b1ae-620bb235f64c,merchant_paymind_demo,cust_817,2026-08-04T00:41:00,18096.53,INR,debit_card,route_b,ICICI,,Delhi,web,order_1518,success,,1082,0
d7b7ea4f-548e-4d98-b23e-be086e7c21a1,merchant_paymind_demo,cust_745,2026-08-11T13:03:00,13727.73,INR,wallet,route_d,SBI,,Pune,ios,order_1519,success,,1174,0
74be7341-a12c-4525-bf84-2a8b571aca90,merchant_paymind_demo,cust_223,2026-08-13T08:27:00,16323.32,INR,netbanking,route_c,Kotak,,Chennai,android,order_1520,success,,1116,0
8f64feab-2efb-4935-b89d-a713cc483850,merchant_paymind_demo,cust_321,2026-08-16T00:15:00,9638.05,INR,credit_card,route_d,ICICI,,Chennai,android,order_1521,success,,1145,0
4870fe89-e0e3-46e1-827f-9c0e281f77cb,merchant_paymind_demo,cust_353,2026-08-07T05:16:00,24591.63,INR,netbanking,route_b,Yes Bank,,Chennai,web,order_1522,success,,1110,0
979411d0-a421-487a-9106-5adaffbe6547,merchant_paymind_demo,cust_960,2026-08-06T14:11:00,21707.35,INR,credit_card,route_b,Axis,,Bengaluru,web,order_1523,success,,2473,0
21c5228c-ae60-48a1-bb39-21fc917f3ed4,merchant_paymind_demo,cust_134,2026-08-02T22:49:00,585.58,INR,UPI,route_a,SBI,gpay,Bengaluru,ios,order_1524,success,,1131,0
ad20173f-ccca-4611-9f68-9e685802282d,merchant_paymind_demo,cust_630,2026-08-20T03:07:00,1697.28,INR,credit_card,route_c,Kotak,,Kolkata,ios,order_1525,success,,2245,0
afe8bb1a-470b-40f9-b64f-7cfb1000fd10,merchant_paymind_demo,cust_594,2026-08-07T21:36:00,2582.41,INR,debit_card,route_b,ICICI,,Delhi,ios,order_1526,success,,785,0
b87d2271-a2f0-4d4d-b493-c99a1166b08d,merchant_paymind_demo,cust_840,2026-08-04T14:26:00,14063.52,INR,wallet,route_d,Yes Bank,,Bengaluru,web,order_1527,success,,1321,0
b988f685-4b04-4e93-b43a-5ce269c9071d,merchant_paymind_demo,cust_301,2026-08-11T02:58:00,2471.87,INR,UPI,route_a,ICICI,bhim,Chennai,ios,order_1528,success,,2253,0
61fe3413-dde6-43f0-9330-c8c13fb1ddf3,merchant_paymind_demo,cust_743,2026-08-11T00:48:00,14643.04,INR,credit_card,route_b,Axis,,Mumbai,ios,order_1529,success,,1708,0
cd04a8b5-7b9f-494d-910e-fb14f8bc87ea,merchant_paymind_demo,cust_758,2026-08-02T13:37:00,4472.02,INR,debit_card,route_c,Yes Bank,,Chennai,android,order_1530,success,,754,0
e0f118dc-852b-43ba-bb53-cfd5ae230a36,merchant_paymind_demo,cust_657,2026-08-07T15:39:00,17799.63,INR,credit_card,route_a,SBI,,Hyderabad,ios,order_1531,success,,365,0
9816b4ef-2b34-467f-a337-5e4d7fa42616,merchant_paymind_demo,cust_856,2026-08-04T20:19:00,9162.14,INR,wallet,route_c,ICICI,,Hyderabad,ios,order_1532,success,,2431,0
b650913d-88e9-44cf-9775-63c00c25891d,merchant_paymind_demo,cust_342,2026-08-02T04:24:00,16252.66,INR,UPI,route_c,SBI,bhim,Chennai,ios,order_1533,success,,465,0
adfa056e-ea1d-4183-9d4f-9c1f8b9faae4,merchant_paymind_demo,cust_939,2026-08-16T00:07:00,2052.09,INR,debit_card,route_a,ICICI,,Kolkata,web,order_1534,success,,343,0
0766c3b0-1e17-4e4d-aae6-2ace2e43d018,merchant_paymind_demo,cust_780,2026-08-05T13:01:00,22618.14,INR,wallet,route_d,Axis,,Mumbai,web,order_1535,failed,invalid_otp,7708,0
1f813d90-431f-4697-8c38-e3a459525352,merchant_paymind_demo,cust_1050,2026-08-20T10:11:00,24841.64,INR,netbanking,route_d,Axis,,Pune,ios,order_1536,success,,842,0
3a89ccf5-588e-40b4-882f-f960d4f691ce,merchant_paymind_demo,cust_1132,2026-08-05T09:21:00,12246.32,INR,debit_card,route_c,HDFC,,Chennai,web,order_1537,success,,647,0
b1b51c65-0c5c-44ed-b3f4-e120543f969c,merchant_paymind_demo,cust_233,2026-08-01T12:33:00,20278.34,INR,debit_card,route_a,ICICI,,Mumbai,android,order_1538,success,,1829,0
be5ba482-e85b-48f5-8e5f-69efcfcb6a70,merchant_paymind_demo,cust_486,2026-08-18T17:22:00,2230.31,INR,UPI,route_a,HDFC,gpay,Pune,ios,order_1539,success,,588,0
064939c4-92fe-4281-be9d-b86c1a75a7c4,merchant_paymind_demo,cust_944,2026-08-15T08:36:00,21841.37,INR,credit_card,route_a,Kotak,,Mumbai,android,order_1540,success,,868,0
ac158392-3b8c-4f03-ae67-c7d80651d2c7,merchant_paymind_demo,cust_167,2026-08-05T05:20:00,2338.01,INR,credit_card,route_a,HDFC,,Chennai,web,order_1541,success,,1254,0
67090669-7145-48bd-8ab3-de33a098a136,merchant_paymind_demo,cust_163,2026-08-09T19:17:00,8044.1,INR,credit_card,route_b,Axis,,Kolkata,android,order_1542,failed,gateway_error,6959,0
9ac2f9e2-0e43-4a4d-ad05-f2483cbf0e4a,merchant_paymind_demo,cust_126,2026-08-11T01:40:00,4663.95,INR,credit_card,route_a,HDFC,,Delhi,android,order_1543,success,,1378,0
31063d12-8f46-426d-81ec-e8a9f17a77ed,merchant_paymind_demo,cust_1179,2026-08-05T07:24:00,17514.18,INR,credit_card,route_a,ICICI,,Delhi,ios,order_1544,success,,1232,0
af31fc46-dc4b-4781-ad94-762ea97e509d,merchant_paymind_demo,cust_608,2026-08-14T16:31:00,10336.44,INR,credit_card,route_c,ICICI,,Chennai,ios,order_1545,success,,1712,0
dad6942c-51ab-4880-a4bb-539c45b1d878,merchant_paymind_demo,cust_516,2026-08-07T09:42:00,18869.71,INR,credit_card,route_a,HDFC,,Mumbai,ios,order_1546,success,,1709,0
990ad6e3-c84c-4d0f-b877-67a2d572653b,merchant_paymind_demo,cust_881,2026-08-02T19:39:00,16867.17,INR,UPI,route_d,HDFC,gpay,Bengaluru,web,order_1547,success,,1780,0
ef729d80-509c-4f35-a7d8-380e86c8ff43,merchant_paymind_demo,cust_135,2026-08-13T22:51:00,6597.81,INR,wallet,route_c,Axis,,Bengaluru,web,order_1548,success,,2267,0
9356170f-44c1-43fd-b39f-4a2b8e54d85c,merchant_paymind_demo,cust_1002,2026-08-08T03:11:00,13670.63,INR,debit_card,route_b,ICICI,,Hyderabad,android,order_1549,success,,474,0
b553845c-bd7c-487b-ac57-64ccea1cba1e,merchant_paymind_demo,cust_946,2026-08-08T09:08:00,23089.98,INR,debit_card,route_d,Axis,,Kolkata,ios,order_1550,success,,2152,0
65767107-162d-4bcd-8a9a-d67da92ec939,merchant_paymind_demo,cust_790,2026-08-10T13:09:00,23743.37,INR,credit_card,route_b,SBI,,Chennai,web,order_1551,success,,911,0
228c9bba-ff70-497e-b38e-b77e1728c00e,merchant_paymind_demo,cust_890,2026-08-19T00:11:00,20444.25,INR,netbanking,route_b,ICICI,,Hyderabad,android,order_1552,success,,1188,0
3704de84-098c-48f1-8f25-25abd7067b1a,merchant_paymind_demo,cust_968,2026-08-04T09:51:00,6808.71,INR,UPI,route_b,HDFC,bhim,Chennai,android,order_1553,failed,invalid_otp,8797,0
519bb2e6-fe50-45dd-a42d-56159602d85a,merchant_paymind_demo,cust_390,2026-08-12T01:42:00,15190.28,INR,wallet,route_d,Axis,,Chennai,android,order_1554,success,,2296,0
9aefda4b-a0d1-4501-b103-bbb26df21cb1,merchant_paymind_demo,cust_218,2026-08-02T12:32:00,23826.11,INR,UPI,route_d,Kotak,paytm,Delhi,android,order_1555,success,,2424,0
0e572e29-83b3-4cfd-a137-4ad02f1530ef,merchant_paymind_demo,cust_853,2026-08-12T03:52:00,373.54,INR,netbanking,route_c,Yes Bank,,Delhi,ios,order_1556,success,,1572,0
5a824f2f-cef4-442b-878e-cfcd2ef301a4,merchant_paymind_demo,cust_250,2026-08-14T15:11:00,3279.23,INR,wallet,route_c,SBI,,Pune,ios,order_1557,success,,824,0
dbc02319-3a67-4bde-8abe-d6686d848d78,merchant_paymind_demo,cust_970,2026-08-02T10:28:00,491.86,INR,debit_card,route_c,Axis,,Delhi,android,order_1558,success,,1636,0
2567bf3c-b72c-4a2a-9243-3a5990e623ef,merchant_paymind_demo,cust_641,2026-08-15T10:10:00,22897.66,INR,credit_card,route_d,SBI,,Hyderabad,ios,order_1559,success,,1656,0
5d494ac9-4835-4ed6-b925-45331349780c,merchant_paymind_demo,cust_660,2026-08-18T18:51:00,15835.41,INR,credit_card,route_b,Yes Bank,,Hyderabad,web,order_1560,success,,1270,0
e5be6aa7-5b8b-485c-a876-6bf90f73e722,merchant_paymind_demo,cust_963,2026-08-01T10:35:00,7870.83,INR,credit_card,route_a,Axis,,Kolkata,android,order_1561,success,,1617,0
911f0d54-8310-472e-9b52-8d89a5263c72,merchant_paymind_demo,cust_948,2026-08-14T17:05:00,22515.74,INR,UPI,route_c,HDFC,bhim,Chennai,android,order_1562,success,,1431,0
c4ecfc30-093b-46ab-a8ce-ea36120d8839,merchant_paymind_demo,cust_121,2026-08-11T18:43:00,6202.31,INR,credit_card,route_a,SBI,,Bengaluru,web,order_1563,success,,2276,0
3972f1ae-f341-4671-b730-20f91d27dd6b,merchant_paymind_demo,cust_559,2026-08-08T06:46:00,12143.21,INR,wallet,route_c,Kotak,,Hyderabad,android,order_1564,success,,1070,0
8e508672-6ab7-4f1e-9d55-7f5b47bd0ca6,merchant_paymind_demo,cust_606,2026-08-17T16:32:00,1561.05,INR,wallet,route_b,Kotak,,Kolkata,web,order_1565,success,,1456,0
cbf268d8-9fbe-46ac-92e9-52016165a959,merchant_paymind_demo,cust_867,2026-08-16T22:38:00,20473.73,INR,credit_card,route_a,SBI,,Bengaluru,android,order_1566,success,,890,0
cc4eb10a-2397-46cb-9b0a-399ad60ae2d5,merchant_paymind_demo,cust_864,2026-08-02T18:59:00,9247.36,INR,debit_card,route_b,Axis,,Pune,ios,order_1567,failed,bank_timeout,6864,0
8ac4f373-46d0-45dd-8fe0-640e9f080656,merchant_paymind_demo,cust_221,2026-08-07T05:23:00,11425.78,INR,netbanking,route_b,Yes Bank,,Hyderabad,ios,order_1568,success,,1466,0
660adde7-9de6-4b79-9662-1c0fd27ff15b,merchant_paymind_demo,cust_662,2026-08-01T09:15:00,3141.68,INR,credit_card,route_c,Kotak,,Chennai,ios,order_1569,success,,880,0
b4097079-36d9-4276-99c6-31974233d33a,merchant_paymind_demo,cust_769,2026-08-13T12:26:00,685.36,INR,debit_card,route_d,Yes Bank,,Bengaluru,ios,order_1570,success,,1029,0
50121385-2ab7-49cd-84b3-1e45a07a10e6,merchant_paymind_demo,cust_71,2026-08-15T15:30:00,7108.58,INR,debit_card,route_a,Kotak,,Mumbai,web,order_1571,success,,840,0
422a4911-12ea-4cfd-8c0f-1e95ecf095c2,merchant_paymind_demo,cust_140,2026-08-04T04:24:00,3831.67,INR,netbanking,route_b,Yes Bank,,Delhi,android,order_1572,success,,1775,0
1f9b651e-d168-4092-8578-57e6eb1ec0a2,merchant_paymind_demo,cust_846,2026-08-08T19:38:00,18783.72,INR,debit_card,route_d,Axis,,Hyderabad,android,order_1573,success,,2449,0
836361aa-2b65-4138-a6e5-97f1b6f5b5d6,merchant_paymind_demo,cust_811,2026-08-16T19:20:00,3916.85,INR,netbanking,route_a,ICICI,,Chennai,android,order_1574,success,,772,0
7bbae7a2-b120-4ba3-b1b1-8e67d8eb7584,merchant_paymind_demo,cust_116,2026-08-15T16:07:00,17103.87,INR,debit_card,route_a,HDFC,,Pune,web,order_1575,success,,1223,0
90c230f9-24d7-4cea-a0f9-206720da1bb6,merchant_paymind_demo,cust_449,2026-08-18T06:15:00,5855.01,INR,netbanking,route_b,ICICI,,Hyderabad,ios,order_1576,failed,invalid_otp,5174,0
b0505c52-5346-4603-b2b7-8513d0accc03,merchant_paymind_demo,cust_594,2026-08-12T04:49:00,636.65,INR,netbanking,route_d,Kotak,,Mumbai,android,order_1577,failed,bank_timeout,6830,0
dcf2505a-73d6-4d56-8858-aa7b858a34cf,merchant_paymind_demo,cust_1194,2026-08-12T04:24:00,228.45,INR,UPI,route_a,Kotak,paytm,Hyderabad,android,order_1578,success,,1926,0
6b9f041e-640d-4f42-a1ec-3b6a7db5f87d,merchant_paymind_demo,cust_16,2026-08-15T06:47:00,18619.13,INR,credit_card,route_c,SBI,,Hyderabad,ios,order_1579,success,,2392,0
39da1c30-655c-4cd8-b824-27e2dbe9d4e2,merchant_paymind_demo,cust_413,2026-08-18T03:52:00,15210.08,INR,netbanking,route_c,ICICI,,Bengaluru,ios,order_1580,success,,1908,0
5e717513-a5f6-4b4c-9434-f539bc28f3d5,merchant_paymind_demo,cust_925,2026-08-01T15:44:00,11166.31,INR,UPI,route_d,ICICI,phonepe,Mumbai,android,order_1581,success,,1887,0
697d0668-87b4-4157-b9de-662455173eae,merchant_paymind_demo,cust_422,2026-08-05T13:18:00,19005.99,INR,UPI,route_c,Yes Bank,phonepe,Hyderabad,ios,order_1582,success,,1778,0
5273eaac-1fa1-429b-846c-655da3f5878d,merchant_paymind_demo,cust_471,2026-08-13T21:34:00,22260.65,INR,netbanking,route_c,ICICI,,Hyderabad,android,order_1583,success,,1569,0
9bdce27c-525a-45a4-a4d4-51d5a89e6626,merchant_paymind_demo,cust_371,2026-08-20T13:52:00,8381.6,INR,UPI,route_d,Yes Bank,bhim,Pune,ios,order_1584,success,,2175,0
d6c5ccca-868f-4206-9430-7b883dd869a0,merchant_paymind_demo,cust_339,2026-08-12T04:31:00,12030.38,INR,netbanking,route_c,Yes Bank,,Kolkata,android,order_1585,success,,618,0
b7d8a2d3-c69c-400a-8ca3-500410ff4602,merchant_paymind_demo,cust_1,2026-08-20T09:40:00,828.44,INR,wallet,route_a,HDFC,,Bengaluru,android,order_1586,success,,1542,0
e58fe4fb-b54d-4a3b-a77a-ef809a2ea24e,merchant_paymind_demo,cust_1164,2026-08-04T15:06:00,2475.96,INR,netbanking,route_c,ICICI,,Pune,android,order_1587,success,,2033,0
aa11ce13-0e07-4bed-9984-eb9880f38270,merchant_paymind_demo,cust_856,2026-08-15T20:58:00,608.74,INR,debit_card,route_a,HDFC,,Bengaluru,android,order_1588,success,,1376,0
e44f2649-55d8-410c-9ed3-534ac75235e8,merchant_paymind_demo,cust_420,2026-08-03T17:42:00,22989.19,INR,netbanking,route_a,Axis,,Delhi,android,order_1589,success,,761,0
0ed85a36-fe23-46d3-bb1d-26bce49aa70c,merchant_paymind_demo,cust_933,2026-08-20T19:01:00,22166.68,INR,UPI,route_c,SBI,gpay,Pune,web,order_1590,success,,2264,0
cfc2f783-e8fe-40bd-bb81-36c4d9bcb37a,merchant_paymind_demo,cust_314,2026-08-05T21:40:00,1675.69,INR,UPI,route_d,HDFC,gpay,Chennai,ios,order_1591,success,,2207,0
a708680a-70f5-4d2f-8be1-de4c0124fec4,merchant_paymind_demo,cust_28,2026-08-14T02:59:00,22440.33,INR,netbanking,route_a,SBI,,Pune,ios,order_1592,success,,2262,0
ef47c53e-ff76-49b1-8fe6-ae0112e2d452,merchant_paymind_demo,cust_50,2026-08-16T06:35:00,6835.46,INR,credit_card,route_b,ICICI,,Pune,ios,order_1593,success,,307,0
7d0ac262-36da-437d-a1ca-ddd60592a627,merchant_paymind_demo,cust_892,2026-08-13T17:15:00,23806.05,INR,UPI,route_d,ICICI,gpay,Bengaluru,ios,order_1594,success,,662,0
6da3a8d9-31c0-47d2-9c0d-29c75774d6c3,merchant_paymind_demo,cust_968,2026-08-13T09:25:00,4139.17,INR,wallet,route_c,Yes Bank,,Hyderabad,web,order_1595,success,,896,0
bd9bc751-3920-48c7-8662-a6024f1981a0,merchant_paymind_demo,cust_711,2026-08-10T06:16:00,4390.37,INR,debit_card,route_d,SBI,,Chennai,ios,order_1596,success,,1497,0
2ff5c7cc-4e89-4a8a-970d-e7b2ebc09442,merchant_paymind_demo,cust_1013,2026-08-16T09:01:00,13579.6,INR,credit_card,route_c,Axis,,Mumbai,web,order_1597,success,,1337,0
5a8569fe-44dc-4baa-8e1c-cd74adc1e1ec,merchant_paymind_demo,cust_735,2026-08-15T16:30:00,11690.55,INR,credit_card,route_b,HDFC,,Bengaluru,web,order_1598,success,,894,0
034d8d52-4247-49e3-a477-ed6ae80a76e5,merchant_paymind_demo,cust_327,2026-08-20T08:48:00,19978.45,INR,wallet,route_b,ICICI,,Kolkata,web,order_1599,success,,1923,0
728e2338-3e40-4b1b-add7-d68f5dd6326b,merchant_paymind_demo,cust_230,2026-08-12T09:49:00,13622.72,INR,UPI,route_a,Kotak,gpay,Bengaluru,web,order_1600,success,,974,0
c878a211-de00-43f6-b984-92703a1e946c,merchant_paymind_demo,cust_686,2026-08-12T03:09:00,2967.19,INR,credit_card,route_c,Kotak,,Chennai,web,order_1601,success,,1908,0
ad877cfb-bfc2-483a-8920-2102906430dd,merchant_paymind_demo,cust_836,2026-08-16T15:37:00,18801.56,INR,credit_card,route_a,ICICI,,Pune,web,order_1602,success,,2158,0
088b522f-ca7a-43d4-b524-770613443a51,merchant_paymind_demo,cust_386,2026-08-17T07:08:00,64.87,INR,credit_card,route_a,Axis,,Delhi,android,order_1603,success,,1555,0
6e6d25ac-7227-45e5-b469-762202c15e8c,merchant_paymind_demo,cust_621,2026-08-19T18:41:00,5270.64,INR,credit_card,route_a,ICICI,,Mumbai,android,order_1604,success,,427,0
147ba275-f694-4177-add0-cd23dd22cd05,merchant_paymind_demo,cust_381,2026-08-19T20:00:00,19412.89,INR,debit_card,route_a,HDFC,,Bengaluru,ios,order_1605,success,,787,0
7c92dd16-e58e-4145-aaa2-7bbdbc6e7f8a,merchant_paymind_demo,cust_826,2026-08-01T05:46:00,17460.57,INR,netbanking,route_c,SBI,,Chennai,ios,order_1606,success,,1153,0
ebed1c95-50cc-4233-96d5-f30bb4c2b331,merchant_paymind_demo,cust_980,2026-08-15T10:54:00,15389.34,INR,debit_card,route_a,Yes Bank,,Chennai,android,order_1607,success,,2347,0
bbe4a6a3-ed2b-403f-9174-8f8155def176,merchant_paymind_demo,cust_524,2026-08-16T22:38:00,11866.26,INR,debit_card,route_d,Kotak,,Kolkata,android,order_1608,success,,2031,0
443fd10d-94ec-4ed2-99b4-d3125f0d8c2a,merchant_paymind_demo,cust_719,2026-08-16T14:01:00,12283.2,INR,wallet,route_a,Axis,,Mumbai,ios,order_1609,success,,655,0
e22b141f-437b-45c8-8941-8d2a5b443325,merchant_paymind_demo,cust_189,2026-08-02T21:18:00,6172.47,INR,netbanking,route_a,Axis,,Chennai,web,order_1610,success,,1681,0
9d3cf5b6-f930-43a9-a346-30d4686d7366,merchant_paymind_demo,cust_962,2026-08-01T18:45:00,8105.67,INR,credit_card,route_d,ICICI,,Hyderabad,ios,order_1611,success,,688,0
adf9be3f-d71c-447f-952a-87c20e203cb4,merchant_paymind_demo,cust_58,2026-08-12T12:30:00,11138.53,INR,UPI,route_b,Axis,paytm,Pune,web,order_1612,success,,1889,0
25f4c795-7424-4192-8f0b-11c4c1ab11c1,merchant_paymind_demo,cust_100,2026-08-06T18:16:00,14662.24,INR,wallet,route_d,ICICI,,Chennai,ios,order_1613,success,,966,0
ac8e2cd9-214b-4ce7-a3b7-9964c2281666,merchant_paymind_demo,cust_679,2026-08-10T17:03:00,2786.38,INR,UPI,route_b,HDFC,phonepe,Chennai,ios,order_1614,success,,1320,0
fe05eebf-a54f-4015-b248-77bd21026a3f,merchant_paymind_demo,cust_362,2026-08-18T13:52:00,9449.15,INR,UPI,route_c,ICICI,phonepe,Bengaluru,web,order_1615,success,,2320,0
96fbde42-adc4-49f1-9ee0-b3567499493a,merchant_paymind_demo,cust_238,2026-08-03T07:27:00,4152.61,INR,credit_card,route_b,Yes Bank,,Hyderabad,web,order_1616,success,,396,0
14f56eb5-1071-47d8-9bf1-d1e78dec0172,merchant_paymind_demo,cust_881,2026-08-01T11:12:00,17724.8,INR,netbanking,route_c,Yes Bank,,Hyderabad,android,order_1617,success,,2014,0
dce7869a-51b1-4213-a327-523049afc82b,merchant_paymind_demo,cust_894,2026-08-13T16:21:00,17566.09,INR,netbanking,route_a,HDFC,,Mumbai,ios,order_1618,failed,invalid_otp,5888,0
dbf6bd7c-bc78-4747-970e-ecd6a50d36f7,merchant_paymind_demo,cust_499,2026-08-20T22:09:00,3481.31,INR,netbanking,route_a,ICICI,,Mumbai,web,order_1619,success,,1065,0
1017de89-6a6d-401b-a670-9b32cdf76e71,merchant_paymind_demo,cust_1119,2026-08-09T11:52:00,13956.34,INR,credit_card,route_d,HDFC,,Kolkata,web,order_1620,success,,1059,0
5ce39609-f6a1-49f2-b24d-8e7e3cdd56df,merchant_paymind_demo,cust_1147,2026-08-01T21:42:00,5844.59,INR,wallet,route_b,SBI,,Delhi,web,order_1621,success,,1900,0
45da7651-1438-4542-8136-31255c15b273,merchant_paymind_demo,cust_1045,2026-08-18T22:24:00,353.53,INR,UPI,route_c,Kotak,,Mumbai,ios,order_1622,success,,861,0
7d9fe0ed-ca83-4409-8282-7a61febab4e0,merchant_paymind_demo,cust_984,2026-08-19T05:34:00,5378.35,INR,debit_card,route_d,Axis,,Chennai,android,order_1623,success,,705,0
b0a77c39-6fee-4b4e-ad95-11298195c075,merchant_paymind_demo,cust_1109,2026-08-20T12:57:00,20106.56,INR,credit_card,route_b,Yes Bank,,Delhi,web,order_1624,success,,895,0
03e1a36b-f86f-4867-8847-8ae7e02e48ee,merchant_paymind_demo,cust_149,2026-08-13T21:11:00,4160.08,INR,UPI,route_d,Yes Bank,paytm,Delhi,ios,order_1625,success,,1964,0
d841e37c-ec7e-40d2-8439-63c813df5251,merchant_paymind_demo,cust_88,2026-08-20T19:30:00,8046.17,INR,UPI,route_d,HDFC,phonepe,Pune,web,order_1626,success,,1830,0
37c0ab9d-4d10-4735-82a9-8767c5613723,merchant_paymind_demo,cust_461,2026-08-18T00:50:00,22692.32,INR,netbanking,route_d,Kotak,,Kolkata,web,order_1627,success,,1965,0
37c6da07-7c5c-43be-935a-000220dc1431,merchant_paymind_demo,cust_1068,2026-08-07T13:04:00,12453.48,INR,credit_card,route_a,Axis,,Hyderabad,android,order_1628,success,,2009,0
d843aec7-6060-4c3a-be84-01b662868e74,merchant_paymind_demo,cust_299,2026-08-18T14:06:00,16052.93,INR,UPI,route_c,SBI,bhim,Bengaluru,ios,order_1629,success,,1698,0
cd8749d6-6165-43b0-9e4b-103faecfdfbb,merchant_paymind_demo,cust_670,2026-08-08T00:17:00,21391.7,INR,debit_card,route_d,Kotak,,Chennai,ios,order_1630,success,,862,0
077d5482-0497-4b4c-b60e-5663093e7803,merchant_paymind_demo,cust_1003,2026-08-08T19:00:00,13341.84,INR,netbanking,route_a,SBI,,Pune,ios,order_1631,success,,1411,0
6d3da2a1-d4a2-4222-9352-48a2d8c038bc,merchant_paymind_demo,cust_467,2026-08-08T02:58:00,23174.15,INR,debit_card,route_c,ICICI,,Hyderabad,android,order_1632,success,,1727,0
f6ebb536-13d0-43ed-b431-35f15843c908,merchant_paymind_demo,cust_687,2026-08-12T18:43:00,16918.7,INR,debit_card,route_c,SBI,,Hyderabad,ios,order_1633,success,,1071,0
b16ca6f6-5cb8-4cbd-992e-be41712363de,merchant_paymind_demo,cust_286,2026-08-19T06:07:00,19259.23,INR,wallet,route_c,ICICI,,Pune,web,order_1634,success,,1780,0
a3f4e05a-e57b-4bfe-9358-77c92e246eeb,merchant_paymind_demo,cust_419,2026-08-19T03:49:00,11594.13,INR,wallet,route_b,HDFC,,Pune,web,order_1635,success,,1493,0
b8bfc239-7d40-46af-939b-dbc98a81ccc5,merchant_paymind_demo,cust_691,2026-08-05T03:59:00,22187.47,INR,credit_card,route_d,SBI,,Delhi,ios,order_1636,success,,2283,0
df344ff4-bba7-4c7b-ac09-2071d1dd4ffc,merchant_paymind_demo,cust_941,2026-08-13T05:29:00,8567.92,INR,debit_card,route_c,Kotak,,Mumbai,ios,order_1637,success,,809,0
e90d4809-d393-466a-bd0b-ce4e03a2dca4,merchant_paymind_demo,cust_806,2026-08-01T01:47:00,1710.33,INR,netbanking,route_c,Axis,,Chennai,web,order_1638,success,,1434,0
bf239b69-9e43-4782-abb4-dbebb751a3e8,merchant_paymind_demo,cust_408,2026-08-07T01:06:00,1322.28,INR,wallet,route_d,Yes Bank,,Chennai,web,order_1639,success,,742,0
b2bbd0e9-2dc9-4ea0-bc9a-5f2ce362d751,merchant_paymind_demo,cust_642,2026-08-03T17:13:00,3536.2,INR,netbanking,route_a,SBI,,Kolkata,android,order_1640,success,,468,0
f0a7c7de-a3ff-4415-8e3c-615c74bb3307,merchant_paymind_demo,cust_1124,2026-08-13T04:18:00,6746.94,INR,UPI,route_a,Yes Bank,bhim,Delhi,android,order_1641,success,,545,0
5e605c3d-0a3c-4855-b040-065722692bea,merchant_paymind_demo,cust_568,2026-08-07T11:12:00,10773.58,INR,UPI,route_b,ICICI,,Hyderabad,web,order_1642,success,,1392,0
49ec38b6-ee24-49e2-a1ef-feccf8374839,merchant_paymind_demo,cust_485,2026-08-04T10:51:00,622.7,INR,wallet,route_c,ICICI,,Delhi,ios,order_1643,success,,1132,0
e80d5fd6-0ab8-4923-aac8-f1eba1965e06,merchant_paymind_demo,cust_329,2026-08-03T01:47:00,14302.44,INR,wallet,route_c,Axis,,Mumbai,android,order_1644,success,,1308,0
d9e24fdb-cb23-4f6b-9783-815c182113e7,merchant_paymind_demo,cust_942,2026-08-14T20:55:00,4182.78,INR,netbanking,route_b,ICICI,,Bengaluru,android,order_1645,success,,312,0
9dfebf3b-156b-4091-b619-f260add75b17,merchant_paymind_demo,cust_892,2026-08-14T04:33:00,21529.34,INR,credit_card,route_d,Axis,,Delhi,android,order_1646,success,,711,0
a0b7fdce-a241-4810-8b63-814cef833558,merchant_paymind_demo,cust_910,2026-08-11T01:40:00,3802.12,INR,UPI,route_d,Kotak,bhim,Mumbai,web,order_1647,success,,1412,0
085ffcb0-f0c9-4b5a-b817-392b7d244397,merchant_paymind_demo,cust_1007,2026-08-10T22:28:00,19750.21,INR,credit_card,route_c,SBI,,Mumbai,ios,order_1648,success,,2378,0
1da5280a-f1b3-421c-ad25-2cb71942d497,merchant_paymind_demo,cust_906,2026-08-14T19:15:00,5176.47,INR,wallet,route_b,Yes Bank,,Mumbai,web,order_1649,success,,1846,0
83310f59-5693-40a1-a669-ec6398f96580,merchant_paymind_demo,cust_425,2026-08-05T23:01:00,7889.58,INR,credit_card,route_d,SBI,,Delhi,web,order_1650,success,,1490,0
5c3fa908-b3a4-47ee-a83c-792914249de2,merchant_paymind_demo,cust_962,2026-08-01T13:15:00,17177.98,INR,credit_card,route_b,Yes Bank,,Pune,android,order_1651,success,,2152,0
092a52e3-9697-4275-9bbd-e19aaa62c791,merchant_paymind_demo,cust_707,2026-08-09T04:20:00,9555.22,INR,UPI,route_d,Axis,bhim,Chennai,android,order_1652,success,,2091,0
d6548a35-9da7-4c3c-8535-9513980a930d,merchant_paymind_demo,cust_552,2026-08-09T08:12:00,22794.39,INR,debit_card,route_c,Axis,,Delhi,android,order_1653,success,,1197,0
ddf36cd2-8a56-4caa-ba4f-119374347405,merchant_paymind_demo,cust_1088,2026-08-19T10:26:00,4933.02,INR,wallet,route_a,Axis,,Bengaluru,android,order_1654,success,,1236,0
1ea6d217-15ea-41c1-992c-ec198c4265ef,merchant_paymind_demo,cust_326,2026-08-03T02:27:00,15405.48,INR,UPI,route_a,SBI,gpay,Hyderabad,ios,order_1655,success,,2155,0
5ff5f074-a44b-40ed-a589-f95523588bbf,merchant_paymind_demo,cust_893,2026-08-07T08:06:00,21781.67,INR,credit_card,route_b,ICICI,,Chennai,ios,order_1656,success,,982,0
c082c284-df1e-4d7d-a55f-c64a7c407fc0,merchant_paymind_demo,cust_189,2026-08-15T03:07:00,1351.06,INR,wallet,route_b,SBI,,Hyderabad,ios,order_1657,success,,2033,0
8af469e4-ac53-4d24-82f7-2292e9daf045,merchant_paymind_demo,cust_401,2026-08-14T17:07:00,17827.6,INR,credit_card,route_a,HDFC,,Bengaluru,android,order_1658,success,,2487,0
32d66196-40bb-4bd0-ac49-d9e33846352b,merchant_paymind_demo,cust_1134,2026-08-18T07:31:00,9254.82,INR,UPI,route_b,ICICI,,Delhi,android,order_1659,success,,335,0
f62688f9-d7c4-4324-9857-50bf844d1d99,merchant_paymind_demo,cust_558,2026-08-12T16:18:00,20341.98,INR,debit_card,route_a,Axis,,Delhi,android,order_1660,success,,498,0
9081001e-7fa5-4266-9474-3936aff7569a,merchant_paymind_demo,cust_271,2026-08-06T12:07:00,21549.12,INR,netbanking,route_c,Kotak,,Kolkata,ios,order_1661,success,,2194,0
f59a292b-8577-40fa-b9d4-8c54b4f7d165,merchant_paymind_demo,cust_226,2026-08-17T05:37:00,6242.96,INR,credit_card,route_a,HDFC,,Chennai,android,order_1662,success,,302,0
0d920eff-cb08-43c6-a760-46075715c47d,merchant_paymind_demo,cust_1004,2026-08-16T10:01:00,18868.75,INR,debit_card,route_d,Kotak,,Chennai,web,order_1663,success,,2428,0
6e6e9ad6-0b72-4440-a6c0-48e6952596cb,merchant_paymind_demo,cust_1183,2026-08-17T08:19:00,20948.81,INR,debit_card,route_d,SBI,,Hyderabad,ios,order_1664,success,,983,0
fabeae67-e12d-47aa-9528-9ae985f116e2,merchant_paymind_demo,cust_259,2026-08-19T07:32:00,958.6,INR,wallet,route_a,Kotak,,Bengaluru,ios,order_1665,success,,773,0
41780e61-d467-4180-b1a8-55adb7670c9f,merchant_paymind_demo,cust_784,2026-08-09T13:18:00,7522.97,INR,wallet,route_a,SBI,,Chennai,android,order_1666,success,,365,0
b6d62533-230d-4510-9d70-fc1262adf5ff,merchant_paymind_demo,cust_302,2026-08-11T05:43:00,21636.67,INR,credit_card,route_b,Yes Bank,,Kolkata,ios,order_1667,success,,1923,0
3fb364bf-7164-4805-a3a8-960c743f4acb,merchant_paymind_demo,cust_466,2026-08-10T23:46:00,6360.35,INR,credit_card,route_d,Axis,,Pune,ios,order_1668,success,,1821,0
730596e2-435a-44d3-8a04-baf026d50b12,merchant_paymind_demo,cust_852,2026-08-02T04:02:00,6171.88,INR,credit_card,route_b,Yes Bank,,Mumbai,ios,order_1669,success,,1832,0
1a455b13-aa85-4956-9409-7f3bd9ad8431,merchant_paymind_demo,cust_792,2026-08-15T20:51:00,21809.22,INR,UPI,route_a,Kotak,paytm,Bengaluru,web,order_1670,success,,2254,0
a03413a5-8bea-41ab-a72d-96a8526f8829,merchant_paymind_demo,cust_982,2026-08-02T13:00:00,8844.44,INR,UPI,route_b,SBI,,Delhi,android,order_1671,success,,714,0
7a586028-1d5b-43e7-97b5-a25c8d4a46e6,merchant_paymind_demo,cust_1151,2026-08-07T03:14:00,1544.18,INR,credit_card,route_b,Yes Bank,,Hyderabad,ios,order_1672,success,,398,0
7375d55e-c923-4786-9d45-3bfdc4828907,merchant_paymind_demo,cust_943,2026-08-08T21:28:00,15563.23,INR,netbanking,route_c,SBI,,Mumbai,web,order_1673,success,,805,0
de466ba9-33aa-4baa-a96b-503d737f10ff,merchant_paymind_demo,cust_888,2026-08-18T09:02:00,12873.59,INR,netbanking,route_a,ICICI,,Kolkata,ios,order_1674,success,,1652,0
0009771e-8e04-4473-9c07-c9abb31f297c,merchant_paymind_demo,cust_548,2026-08-04T06:37:00,3598.17,INR,netbanking,route_b,HDFC,,Hyderabad,ios,order_1675,success,,1429,0
08665410-8a2d-4e73-bcef-9f8edbfa0d5b,merchant_paymind_demo,cust_91,2026-08-07T21:25:00,352.26,INR,netbanking,route_b,ICICI,,Chennai,web,order_1676,success,,1093,0
37fd1e1b-f9df-47dc-b3e4-bfe14fcbe7e9,merchant_paymind_demo,cust_311,2026-08-10T17:09:00,13699.05,INR,netbanking,route_c,ICICI,,Mumbai,android,order_1677,success,,969,0
9ab46bab-65e5-458b-b61c-9fb7145e9955,merchant_paymind_demo,cust_989,2026-08-18T21:48:00,1698.92,INR,UPI,route_d,ICICI,bhim,Mumbai,android,order_1678,success,,2182,0
14b6f3ef-632b-4f70-a274-9de274e55a10,merchant_paymind_demo,cust_763,2026-08-20T08:32:00,11749.71,INR,debit_card,route_c,Kotak,,Hyderabad,web,order_1679,success,,1654,0
db2dfab4-7dd5-4127-91fc-49833ce1eecc,merchant_paymind_demo,cust_1066,2026-08-16T12:47:00,7010.17,INR,debit_card,route_b,ICICI,,Kolkata,android,order_1680,success,,2077,0
7f4e2e9c-fd40-4926-b810-8edd3c1455e1,merchant_paymind_demo,cust_1043,2026-08-07T20:09:00,12496.92,INR,netbanking,route_d,HDFC,,Hyderabad,ios,order_1681,success,,1355,0
d8fc6f47-cf37-473e-a02a-65dbab854c5a,merchant_paymind_demo,cust_1137,2026-08-06T02:07:00,21119.98,INR,UPI,route_b,ICICI,bhim,Delhi,android,order_1682,success,,2371,0
bef161c8-db3e-4bc2-8c86-5b870b0b6027,merchant_paymind_demo,cust_819,2026-08-10T12:59:00,14185.99,INR,debit_card,route_c,HDFC,,Delhi,android,order_1683,success,,2270,0
0c8ccecd-722b-4c96-b060-156bc591f217,merchant_paymind_demo,cust_117,2026-08-10T21:54:00,10177.82,INR,UPI,route_d,ICICI,bhim,Chennai,android,order_1684,success,,1667,0
fa6c10b6-e07f-41b4-bd4f-babdd0269b83,merchant_paymind_demo,cust_483,2026-08-12T01:42:00,21983.69,INR,debit_card,route_d,Axis,,Hyderabad,android,order_1685,success,,1960,0
d1bd6985-a91e-474d-9cfd-60678c177a77,merchant_paymind_demo,cust_587,2026-08-06T12:50:00,15283.79,INR,netbanking,route_b,SBI,,Delhi,web,order_1686,success,,1639,0
d83a4d82-92bb-434c-b4e2-bfef46bd7fcf,merchant_paymind_demo,cust_170,2026-08-03T06:58:00,2098.27,INR,wallet,route_a,ICICI,,Hyderabad,ios,order_1687,success,,2317,0
ee234f43-de05-481e-b3cc-749843fce971,merchant_paymind_demo,cust_312,2026-08-02T04:02:00,102.08,INR,UPI,route_b,HDFC,phonepe,Bengaluru,ios,order_1688,success,,1763,0
19b61ffe-168b-4aed-993b-aed86f40f1ff,merchant_paymind_demo,cust_339,2026-08-08T01:10:00,8287.04,INR,wallet,route_a,Kotak,,Mumbai,android,order_1689,success,,300,0
8bd425cb-336e-42ab-8790-e6b6ab35a532,merchant_paymind_demo,cust_801,2026-08-19T18:07:00,24837.35,INR,credit_card,route_a,SBI,,Hyderabad,ios,order_1690,success,,2454,0
de2ecae3-2835-426f-8d7a-3ba2682c08b6,merchant_paymind_demo,cust_583,2026-08-04T03:42:00,1670.32,INR,UPI,route_c,ICICI,,Mumbai,ios,order_1691,success,,1216,0
f5934332-68f2-4194-ae0f-c21142b1579c,merchant_paymind_demo,cust_694,2026-08-16T03:11:00,4112.02,INR,debit_card,route_d,Axis,,Bengaluru,web,order_1692,failed,invalid_otp,4405,0
5a269454-cc6b-4336-be9e-133f12e09a1f,merchant_paymind_demo,cust_482,2026-08-19T01:46:00,24615.74,INR,netbanking,route_c,Yes Bank,,Bengaluru,android,order_1693,success,,1285,0
ef0715e1-4293-459e-8fa7-714fad5eeb3e,merchant_paymind_demo,cust_318,2026-08-01T20:05:00,2032.36,INR,netbanking,route_a,ICICI,,Mumbai,ios,order_1694,success,,816,0
f5c1a629-8021-4693-bc1c-e8298672f634,merchant_paymind_demo,cust_579,2026-08-18T12:43:00,8351.57,INR,credit_card,route_c,Kotak,,Delhi,web,order_1695,success,,2272,0
16846d69-e1e1-4a41-a64b-19eb4114c2fe,merchant_paymind_demo,cust_1131,2026-08-17T14:20:00,14712.39,INR,netbanking,route_b,Axis,,Pune,android,order_1696,success,,1791,0
8248c1b0-7336-4eae-ba3e-51b9310cf3f8,merchant_paymind_demo,cust_707,2026-08-02T12:04:00,1270.36,INR,credit_card,route_c,Axis,,Delhi,ios,order_1697,success,,2198,0
94dfe26a-af60-493f-a6e6-5ece766afb12,merchant_paymind_demo,cust_663,2026-08-11T05:32:00,3365.94,INR,netbanking,route_c,Yes Bank,,Pune,ios,order_1698,success,,1589,0
22b37842-2c9f-4ffd-9c81-ba03dece2de0,merchant_paymind_demo,cust_377,2026-08-01T04:03:00,21735.9,INR,wallet,route_b,SBI,,Chennai,android,order_1699,success,,2294,0
3e979e21-5bad-4cad-9a33-a8596ff09568,merchant_paymind_demo,cust_288,2026-08-06T11:05:00,12843.97,INR,debit_card,route_d,SBI,,Delhi,web,order_1700,success,,1039,0
856516f7-60d0-48dc-914f-cacbae146d85,merchant_paymind_demo,cust_19,2026-08-15T08:54:00,9050.15,INR,netbanking,route_c,Kotak,,Bengaluru,ios,order_1701,failed,insufficient_funds,2856,0
1fd39917-8e09-47f2-9d57-cd018db1bed0,merchant_paymind_demo,cust_1027,2026-08-05T14:09:00,5315.99,INR,netbanking,route_c,Yes Bank,,Pune,web,order_1702,success,,2368,0
5066840a-7b1a-43fb-b294-bd941a10a05e,merchant_paymind_demo,cust_1083,2026-08-14T10:29:00,15330.97,INR,debit_card,route_b,Axis,,Kolkata,web,order_1703,success,,461,0
10c77bd7-fddb-46ac-8477-22a643977092,merchant_paymind_demo,cust_1121,2026-08-07T14:29:00,13492.87,INR,netbanking,route_d,HDFC,,Bengaluru,ios,order_1704,success,,373,0
69f42a54-a45d-4d7e-bad0-9a635124314e,merchant_paymind_demo,cust_129,2026-08-11T19:08:00,20747.34,INR,netbanking,route_d,Axis,,Hyderabad,web,order_1705,success,,1245,0
8a4f11b2-f6ab-4ab3-ae95-546e40ab3d4b,merchant_paymind_demo,cust_457,2026-08-11T05:21:00,6654.28,INR,debit_card,route_a,ICICI,,Pune,web,order_1706,success,,1340,0
1ed9b920-5713-40b9-a358-90251415469a,merchant_paymind_demo,cust_1087,2026-08-06T05:11:00,1061.58,INR,netbanking,route_d,ICICI,,Chennai,android,order_1707,success,,2061,0
f9056844-e6b6-48b8-93ba-de139830292f,merchant_paymind_demo,cust_561,2026-08-13T04:19:00,20369.9,INR,UPI,route_d,HDFC,,Kolkata,web,order_1708,success,,1554,0
e412f080-435b-471d-8224-c56950200076,merchant_paymind_demo,cust_1018,2026-08-14T04:51:00,5374.69,INR,wallet,route_c,HDFC,,Kolkata,android,order_1709,success,,1893,0
530a136d-89d9-481d-9b80-e8675cedfcda,merchant_paymind_demo,cust_363,2026-08-13T09:40:00,16419.76,INR,wallet,route_a,Yes Bank,,Chennai,android,order_1710,success,,1646,0
bf816a86-e0c7-4533-92ac-6d7e354256de,merchant_paymind_demo,cust_43,2026-08-03T06:19:00,3290.44,INR,credit_card,route_c,ICICI,,Pune,ios,order_1711,success,,1353,0
125feb77-30e0-4a91-a2d7-9737938d9861,merchant_paymind_demo,cust_874,2026-08-05T15:27:00,18242.59,INR,netbanking,route_c,HDFC,,Kolkata,ios,order_1712,success,,1567,0
e65c9789-22af-4f7a-b5c5-a2fef2fb5852,merchant_paymind_demo,cust_141,2026-08-02T17:37:00,24571.2,INR,wallet,route_a,HDFC,,Delhi,android,order_1713,success,,1406,0
f08e8ac7-4d04-404c-bf80-3de449e99299,merchant_paymind_demo,cust_925,2026-08-08T16:20:00,3079.9,INR,credit_card,route_d,Kotak,,Mumbai,ios,order_1714,success,,1439,0
0a4f896b-4829-4d55-aeff-a1f93bd20695,merchant_paymind_demo,cust_189,2026-08-09T00:54:00,4451.14,INR,UPI,route_b,Kotak,paytm,Pune,android,order_1715,success,,653,0
b43488af-434e-490b-a0b5-e8a56e63b82f,merchant_paymind_demo,cust_701,2026-08-04T15:34:00,13076.06,INR,UPI,route_b,Axis,paytm,Mumbai,ios,order_1716,success,,1894,0
1754922c-6731-44b0-9e0f-cbd0241e80c0,merchant_paymind_demo,cust_1050,2026-08-18T15:43:00,20304.65,INR,netbanking,route_b,ICICI,,Delhi,web,order_1717,success,,2280,0
ad5cab38-1592-47eb-8661-df1b8b2ec644,merchant_paymind_demo,cust_138,2026-08-17T22:40:00,5707.44,INR,wallet,route_d,Kotak,,Kolkata,ios,order_1718,success,,1886,0
cc249aee-0809-4dd5-b2d8-76d0fe475059,merchant_paymind_demo,cust_408,2026-08-01T22:55:00,957.67,INR,debit_card,route_b,HDFC,,Hyderabad,ios,order_1719,success,,370,0
f47ead74-115b-48d9-b0d6-bbde0a44cddb,merchant_paymind_demo,cust_852,2026-08-18T01:27:00,20946.1,INR,debit_card,route_c,Axis,,Mumbai,android,order_1720,success,,693,0
dec12b80-14d3-4d2a-9db6-cc9505d1b966,merchant_paymind_demo,cust_239,2026-08-14T11:47:00,3437.47,INR,wallet,route_d,Kotak,,Hyderabad,web,order_1721,success,,1695,0
2aab1b90-0e4a-4ad5-8e63-07655c4e2fe0,merchant_paymind_demo,cust_67,2026-08-18T21:20:00,20888.91,INR,UPI,route_c,ICICI,paytm,Hyderabad,ios,order_1722,success,,1501,0
20211857-07c1-4b74-86e0-74bc7dfb3fff,merchant_paymind_demo,cust_113,2026-08-07T19:57:00,16637.35,INR,UPI,route_b,Yes Bank,paytm,Kolkata,ios,order_1723,success,,926,0
e0e6591d-01e7-4e08-86dd-d01a284ed0c0,merchant_paymind_demo,cust_844,2026-08-02T16:37:00,24379.48,INR,debit_card,route_c,HDFC,,Chennai,ios,order_1724,success,,1528,0
cdd6c1cf-bb23-43e3-b7e7-93ffb146d4ff,merchant_paymind_demo,cust_584,2026-08-08T10:59:00,4660.16,INR,netbanking,route_a,ICICI,,Hyderabad,web,order_1725,failed,insufficient_funds,4969,0
73a53b0c-d26d-4105-8ae7-4de8a408c135,merchant_paymind_demo,cust_542,2026-08-18T11:25:00,8377.94,INR,UPI,route_a,ICICI,,Delhi,web,order_1726,success,,622,0
389427b6-47a7-416a-bf99-2af0079899db,merchant_paymind_demo,cust_638,2026-08-20T03:33:00,19027.83,INR,credit_card,route_a,Yes Bank,,Hyderabad,web,order_1727,failed,invalid_otp,6524,0
68c7f367-465d-42d7-9107-2ae689e279be,merchant_paymind_demo,cust_827,2026-08-18T02:51:00,23273.14,INR,debit_card,route_c,Axis,,Mumbai,web,order_1728,success,,1665,0
1d895337-459d-4736-bbbd-cec1c371822e,merchant_paymind_demo,cust_281,2026-08-02T13:32:00,2403.16,INR,debit_card,route_a,HDFC,,Chennai,android,order_1729,success,,2221,0
7c0a6a9a-5a54-4d5b-9bf1-6598b92f9f98,merchant_paymind_demo,cust_219,2026-08-07T00:20:00,4012.23,INR,debit_card,route_b,HDFC,,Bengaluru,android,order_1730,success,,1058,0
1a3cee77-e52d-4148-8925-4f27cda1be75,merchant_paymind_demo,cust_213,2026-08-15T08:31:00,20315.59,INR,wallet,route_d,ICICI,,Pune,web,order_1731,success,,818,0
76d49310-ef94-4b91-ba96-c94c3056d11b,merchant_paymind_demo,cust_1044,2026-08-06T10:18:00,24741.69,INR,credit_card,route_a,Yes Bank,,Hyderabad,ios,order_1732,success,,1068,0
4431d04b-4d76-431e-ba6d-27b367deadb1,merchant_paymind_demo,cust_122,2026-08-10T18:41:00,5314.64,INR,netbanking,route_d,ICICI,,Kolkata,web,order_1733,success,,1498,0
d2746d6a-a744-4ca4-a61f-98c6fb969513,merchant_paymind_demo,cust_843,2026-08-14T03:50:00,7227.19,INR,debit_card,route_b,Kotak,,Kolkata,android,order_1734,success,,2021,0
246a2b00-52b0-4b23-9566-eca33880f26b,merchant_paymind_demo,cust_1020,2026-08-01T00:47:00,24446.51,INR,debit_card,route_d,Kotak,,Delhi,web,order_1735,success,,1336,0
789efb5c-bbfb-4352-88cd-184b9fc0da25,merchant_paymind_demo,cust_1189,2026-08-03T17:31:00,24181.0,INR,credit_card,route_b,ICICI,,Pune,android,order_1736,success,,1245,0
4a9de431-a98a-4dcf-8b48-14dcccfa6e31,merchant_paymind_demo,cust_148,2026-08-16T13:35:00,9898.23,INR,credit_card,route_b,SBI,,Mumbai,web,order_1737,success,,311,0
10b43c99-a40f-41a1-96f1-fbae4ecf0929,merchant_paymind_demo,cust_29,2026-08-10T09:44:00,2718.49,INR,credit_card,route_b,Axis,,Delhi,android,order_1738,success,,804,0
3669588a-18ed-43c2-8965-2c324d8f9019,merchant_paymind_demo,cust_842,2026-08-09T14:50:00,16505.03,INR,debit_card,route_c,Axis,,Pune,android,order_1739,success,,897,0
8c4b8dde-659b-4f2f-8bdc-2008d77ba48b,merchant_paymind_demo,cust_386,2026-08-20T19:06:00,16663.13,INR,credit_card,route_b,Axis,,Chennai,ios,order_1740,success,,2091,0
c5890596-f50a-4e23-a4f1-6352cb8d906a,merchant_paymind_demo,cust_888,2026-08-11T13:10:00,4007.2,INR,UPI,route_a,Yes Bank,bhim,Hyderabad,ios,order_1741,success,,1134,0
882e7490-bd84-42cf-9e7a-91ce36d54f4f,merchant_paymind_demo,cust_589,2026-08-04T04:50:00,7121.98,INR,netbanking,route_b,Axis,,Kolkata,android,order_1742,success,,2238,0
e83b49d6-64db-484e-8927-e4bbd9b83970,merchant_paymind_demo,cust_931,2026-08-08T21:58:00,7614.73,INR,wallet,route_b,Axis,,Delhi,web,order_1743,success,,1428,0
6de36a56-77be-4f61-b64f-7328dca1f605,merchant_paymind_demo,cust_553,2026-08-04T15:37:00,12034.74,INR,netbanking,route_d,ICICI,,Mumbai,android,order_1744,success,,2290,0
1ad74b44-02e0-4c48-992a-3166b57aabee,merchant_paymind_demo,cust_1130,2026-08-12T14:21:00,16065.12,INR,netbanking,route_b,HDFC,,Bengaluru,web,order_1745,success,,1818,0
7f2d6208-b74d-4825-9b4d-d55a77509ebc,merchant_paymind_demo,cust_203,2026-08-07T04:26:00,21556.96,INR,wallet,route_c,Yes Bank,,Chennai,android,order_1746,success,,557,0
4fab377e-2c96-4721-897b-b64729e27e48,merchant_paymind_demo,cust_220,2026-08-06T11:44:00,22474.45,INR,wallet,route_c,ICICI,,Kolkata,web,order_1747,success,,2470,0
5c744ac4-d298-4849-8241-837620368901,merchant_paymind_demo,cust_1083,2026-08-01T01:50:00,3769.95,INR,credit_card,route_a,SBI,,Kolkata,web,order_1748,success,,2019,0
40c97c76-d242-48a3-895b-a7a80b32d0e1,merchant_paymind_demo,cust_986,2026-08-05T09:37:00,4724.93,INR,wallet,route_c,Yes Bank,,Kolkata,ios,order_1749,success,,1328,0
5dc5bd99-7c2b-4178-bbd2-843766b8d731,merchant_paymind_demo,cust_824,2026-08-16T05:49:00,21055.66,INR,debit_card,route_c,HDFC,,Chennai,ios,order_1750,success,,1103,0
afd743a2-7d92-43fd-b4df-bb7e729379f8,merchant_paymind_demo,cust_689,2026-08-09T02:54:00,11811.03,INR,credit_card,route_b,Kotak,,Bengaluru,ios,order_1751,success,,1232,0
2da7865b-623e-4aaa-9558-1fee40cd9dcf,merchant_paymind_demo,cust_34,2026-08-16T16:41:00,1952.89,INR,netbanking,route_b,ICICI,,Chennai,android,order_1752,success,,1139,0
e9b5a928-8a04-42b7-a3f0-1e7644aaa832,merchant_paymind_demo,cust_149,2026-08-03T08:02:00,17039.97,INR,netbanking,route_d,Yes Bank,,Delhi,android,order_1753,success,,1178,0
8005eeae-b59c-4a93-b170-9ca91e1186e0,merchant_paymind_demo,cust_75,2026-08-06T20:03:00,341.86,INR,credit_card,route_d,HDFC,,Bengaluru,web,order_1754,success,,2142,0
e4ce88dd-7eb1-4543-b6e4-fd13800aab20,merchant_paymind_demo,cust_485,2026-08-14T22:06:00,3013.54,INR,credit_card,route_c,Kotak,,Hyderabad,web,order_1755,success,,1287,0
4d7f401e-669d-40ec-940c-bb85ec47154a,merchant_paymind_demo,cust_568,2026-08-13T07:29:00,4217.59,INR,UPI,route_a,Axis,phonepe,Kolkata,ios,order_1756,success,,1654,0
19d4ce49-70be-47d8-9b00-718ac1a3b2d6,merchant_paymind_demo,cust_1194,2026-08-06T05:14:00,23124.04,INR,UPI,route_c,HDFC,bhim,Pune,ios,order_1757,success,,1761,0
e5b319c7-2c4d-4cdf-bcea-a8cde84717df,merchant_paymind_demo,cust_337,2026-08-01T14:41:00,18485.57,INR,netbanking,route_a,Yes Bank,,Bengaluru,android,order_1758,success,,1004,0
44e5cbeb-bff3-4498-80d6-a6deb77e2520,merchant_paymind_demo,cust_93,2026-08-17T16:00:00,4525.82,INR,credit_card,route_b,ICICI,,Delhi,ios,order_1759,success,,2187,0
ec3a85a3-1ca7-4220-8cd5-b4cb0dff24cb,merchant_paymind_demo,cust_463,2026-08-15T01:51:00,3406.15,INR,UPI,route_a,Yes Bank,phonepe,Bengaluru,web,order_1760,success,,1527,0
84373673-4db9-483b-9f4d-ccd6c74d8ca4,merchant_paymind_demo,cust_130,2026-08-19T23:16:00,22533.85,INR,netbanking,route_d,Axis,,Mumbai,android,order_1761,success,,1834,0
43d9988a-882a-4c37-896e-70d1e3826b0f,merchant_paymind_demo,cust_861,2026-08-03T11:16:00,2166.44,INR,UPI,route_b,ICICI,gpay,Delhi,ios,order_1762,success,,744,0
acd4a903-2e0b-4594-bf08-9fab428bd898,merchant_paymind_demo,cust_341,2026-08-07T01:20:00,17856.74,INR,netbanking,route_c,Axis,,Delhi,web,order_1763,success,,2482,0
f853391e-c18b-45a4-92e6-f3d95e1e1068,merchant_paymind_demo,cust_920,2026-08-10T16:02:00,4344.77,INR,wallet,route_d,SBI,,Bengaluru,ios,order_1764,success,,1177,0
f3ccdac2-2503-4f81-b232-2de466205894,merchant_paymind_demo,cust_606,2026-08-09T13:05:00,19325.32,INR,UPI,route_d,HDFC,,Mumbai,web,order_1765,success,,819,0
02e66549-2d1f-4514-8f08-3fc24e8b8d62,merchant_paymind_demo,cust_1093,2026-08-20T12:07:00,2873.46,INR,UPI,route_d,Axis,,Pune,web,order_1766,success,,853,0
9d11ae3e-5893-4b73-8129-a4ac8e0a79cb,merchant_paymind_demo,cust_1104,2026-08-20T22:18:00,5833.42,INR,UPI,route_b,ICICI,gpay,Hyderabad,web,order_1767,success,,603,0
1ef5d817-0d1e-4ecb-b9bd-3d2a92162e8f,merchant_paymind_demo,cust_172,2026-08-08T17:12:00,13150.64,INR,credit_card,route_a,SBI,,Bengaluru,ios,order_1768,success,,857,0
270b8d85-07a7-4fde-82c1-c9aa462b0c19,merchant_paymind_demo,cust_1005,2026-08-20T08:20:00,20955.64,INR,credit_card,route_b,ICICI,,Pune,web,order_1769,failed,insufficient_funds,6243,0
cace77e6-6fcd-4ded-a271-136ee61f586b,merchant_paymind_demo,cust_147,2026-08-10T14:32:00,18036.95,INR,credit_card,route_a,Yes Bank,,Kolkata,ios,order_1770,success,,2187,0
90065f99-a52a-444e-8889-b9a837fb0bfa,merchant_paymind_demo,cust_692,2026-08-01T16:21:00,876.0,INR,credit_card,route_a,HDFC,,Kolkata,web,order_1771,success,,399,0
4be135dd-ac2b-43e2-9e8d-b4affa6110ed,merchant_paymind_demo,cust_338,2026-08-18T05:43:00,18567.84,INR,UPI,route_a,HDFC,phonepe,Chennai,android,order_1772,success,,2098,0
1749ca9a-2458-4b03-af56-95214a5644e9,merchant_paymind_demo,cust_118,2026-08-18T22:03:00,15789.61,INR,wallet,route_a,Yes Bank,,Delhi,ios,order_1773,success,,1581,0
3d810108-14bc-4d2c-bd45-15780cd8a69a,merchant_paymind_demo,cust_1033,2026-08-15T16:35:00,7282.05,INR,netbanking,route_c,SBI,,Delhi,android,order_1774,success,,905,0
7954061d-a535-4763-880e-4b0d814442cc,merchant_paymind_demo,cust_1106,2026-08-11T20:23:00,7215.24,INR,wallet,route_a,ICICI,,Delhi,ios,order_1775,success,,2353,0
058d6d5d-3bb3-4051-b96a-2f15a5d8e97b,merchant_paymind_demo,cust_644,2026-08-09T15:13:00,11748.42,INR,wallet,route_d,Axis,,Mumbai,android,order_1776,success,,500,0
bad50020-fb1d-430e-b3ce-30c7f297be73,merchant_paymind_demo,cust_504,2026-08-09T14:22:00,8666.54,INR,UPI,route_c,HDFC,paytm,Pune,web,order_1777,success,,1426,0
386d2c84-ec60-4c2a-a8da-88682547c2cb,merchant_paymind_demo,cust_774,2026-08-13T19:28:00,3117.41,INR,wallet,route_d,ICICI,,Kolkata,ios,order_1778,success,,2395,0
ed0139f9-5318-4553-b2b5-ce60d5aa159f,merchant_paymind_demo,cust_757,2026-08-16T01:10:00,1272.5,INR,credit_card,route_c,ICICI,,Kolkata,web,order_1779,success,,1837,0
4fdab23e-aa1c-435e-9d96-801bad99896a,merchant_paymind_demo,cust_81,2026-08-15T05:20:00,11770.74,INR,UPI,route_d,ICICI,phonepe,Chennai,web,order_1780,success,,2184,0
6d769850-203f-497b-b2a6-ed32e7f2e41a,merchant_paymind_demo,cust_35,2026-08-18T13:48:00,15628.73,INR,wallet,route_b,ICICI,,Mumbai,android,order_1781,success,,1396,0
e4e024fd-01c8-446a-a1e5-289487521622,merchant_paymind_demo,cust_803,2026-08-06T18:04:00,20880.71,INR,UPI,route_a,Kotak,,Pune,android,order_1782,success,,1371,0
03a46bbf-108f-4aa1-82e8-2dd718214f82,merchant_paymind_demo,cust_364,2026-08-13T10:59:00,23713.71,INR,debit_card,route_d,ICICI,,Hyderabad,android,order_1783,success,,1848,0
89f8ccfd-2638-4d95-969a-016e593be2b2,merchant_paymind_demo,cust_132,2026-08-10T02:17:00,6731.6,INR,credit_card,route_b,Yes Bank,,Mumbai,android,order_1784,success,,1938,0
eee07865-413e-4c0d-9373-fdbfd67ee748,merchant_paymind_demo,cust_350,2026-08-12T20:55:00,14306.94,INR,wallet,route_c,Axis,,Bengaluru,android,order_1785,success,,384,0
9061087e-dc6f-4833-966b-f2bb9b4c92a7,merchant_paymind_demo,cust_268,2026-08-09T09:07:00,18070.12,INR,credit_card,route_d,ICICI,,Mumbai,ios,order_1786,success,,1331,0
7f81c02d-b0d6-4418-bf1a-44843b0dd481,merchant_paymind_demo,cust_84,2026-08-19T16:56:00,9785.09,INR,UPI,route_d,ICICI,paytm,Kolkata,ios,order_1787,success,,1490,0
f805d177-c6d6-454a-8bc8-a2b1f5d48bac,merchant_paymind_demo,cust_470,2026-08-17T09:49:00,16909.99,INR,UPI,route_c,Kotak,phonepe,Bengaluru,android,order_1788,success,,395,0
7fb555ad-a37c-4db5-9bc5-27d39de0e20c,merchant_paymind_demo,cust_631,2026-08-10T08:33:00,19812.74,INR,UPI,route_c,Kotak,,Kolkata,web,order_1789,success,,2369,0
c7df1f4a-e706-49ad-946a-9dfb88f53f1a,merchant_paymind_demo,cust_224,2026-08-09T09:10:00,6074.01,INR,UPI,route_b,SBI,paytm,Pune,android,order_1790,success,,2207,0
cd09b1d6-c4ce-41d7-975c-73bcc0dca9ea,merchant_paymind_demo,cust_127,2026-08-16T07:55:00,17222.02,INR,wallet,route_a,SBI,,Pune,web,order_1791,success,,535,0
bf729699-b761-4183-9e24-c0d4eb3ea964,merchant_paymind_demo,cust_443,2026-08-05T18:06:00,24244.81,INR,debit_card,route_c,ICICI,,Kolkata,web,order_1792,success,,1355,0
3b15a04d-5926-4d87-96cf-c738f4487ee6,merchant_paymind_demo,cust_251,2026-08-09T23:34:00,18224.85,INR,wallet,route_b,HDFC,,Mumbai,android,order_1793,success,,2162,0
535a3aea-27d0-40fc-ae8f-87518a1443ea,merchant_paymind_demo,cust_254,2026-08-13T09:18:00,1255.84,INR,wallet,route_b,ICICI,,Hyderabad,android,order_1794,success,,1110,0
82e096ed-1fdc-4f64-bd5d-de392a272e5e,merchant_paymind_demo,cust_830,2026-08-15T15:43:00,8109.35,INR,netbanking,route_b,HDFC,,Chennai,android,order_1795,success,,614,0
12253b51-2888-4fdb-83d8-c3d0aad0992d,merchant_paymind_demo,cust_1035,2026-08-12T07:14:00,18972.04,INR,UPI,route_c,Axis,gpay,Chennai,web,order_1796,success,,1967,0
833925ff-d43e-4ece-86e9-de777f2c3aac,merchant_paymind_demo,cust_1075,2026-08-01T04:34:00,316.26,INR,wallet,route_b,ICICI,,Kolkata,android,order_1797,success,,420,0
cc3652f1-712b-46da-b207-c6b72da90ba5,merchant_paymind_demo,cust_850,2026-08-03T13:10:00,13766.02,INR,wallet,route_a,ICICI,,Pune,ios,order_1798,success,,1667,0
dbbc7489-f1cc-4cf8-977a-6fbfdb6ad95d,merchant_paymind_demo,cust_1019,2026-08-07T00:07:00,18245.07,INR,netbanking,route_a,Yes Bank,,Chennai,android,order_1799,success,,1175,0
ad4bd15b-665d-44ba-8c0f-124bd3b3cba8,merchant_paymind_demo,cust_709,2026-08-04T01:08:00,22152.8,INR,netbanking,route_a,SBI,,Hyderabad,android,order_1800,success,,804,0
c0a60c25-137b-4f27-86f4-ce256445e0ed,merchant_paymind_demo,cust_1178,2026-08-07T12:39:00,2765.96,INR,wallet,route_c,ICICI,,Delhi,ios,order_1801,success,,2470,0
c1c11d5b-99ff-4796-af0c-bd68bcf175b5,merchant_paymind_demo,cust_55,2026-08-14T08:20:00,3525.38,INR,netbanking,route_d,ICICI,,Delhi,web,order_1802,success,,945,0
5cee6d94-9ab2-4e9c-92e7-2ba4fb98660c,merchant_paymind_demo,cust_1036,2026-08-04T08:45:00,1883.86,INR,credit_card,route_d,SBI,,Bengaluru,ios,order_1803,success,,2013,0
41bfa41a-d513-4175-a848-2d4670407e55,merchant_paymind_demo,cust_75,2026-08-16T19:47:00,18663.09,INR,UPI,route_c,ICICI,,Hyderabad,ios,order_1804,success,,475,0
50d6a8db-6b2d-436c-8ccb-65be84b8a59e,merchant_paymind_demo,cust_692,2026-08-06T09:47:00,12334.77,INR,debit_card,route_d,Axis,,Chennai,web,order_1805,success,,489,0
68aa2a97-e00c-4d4e-a2c8-12223d10123c,merchant_paymind_demo,cust_239,2026-08-17T23:36:00,3263.22,INR,wallet,route_a,HDFC,,Delhi,android,order_1806,success,,2430,0
68f5b08c-a0d3-4f9b-b6cc-bd9d4c09be41,merchant_paymind_demo,cust_815,2026-08-14T19:44:00,2255.07,INR,credit_card,route_a,Axis,,Delhi,web,order_1807,success,,2166,0
f307b3df-7797-4c1d-8701-c8cfbe4475b1,merchant_paymind_demo,cust_436,2026-08-03T06:35:00,23822.03,INR,UPI,route_b,SBI,paytm,Bengaluru,android,order_1808,success,,2060,0
2743d700-dae8-4588-830e-a1d8aa81bc27,merchant_paymind_demo,cust_894,2026-08-14T00:24:00,2763.9,INR,wallet,route_d,Axis,,Kolkata,web,order_1809,success,,884,0
1ac5cddf-1a4a-4153-87c0-fd1f3462f33a,merchant_paymind_demo,cust_1075,2026-08-19T22:03:00,6631.39,INR,wallet,route_a,HDFC,,Delhi,ios,order_1810,success,,320,0
82ed0556-1ae8-453d-98d3-7a04aab4bddc,merchant_paymind_demo,cust_398,2026-08-08T19:06:00,7496.08,INR,wallet,route_d,Yes Bank,,Hyderabad,web,order_1811,success,,2465,0
11074f6b-29f7-4706-9e9f-e1adc40a192a,merchant_paymind_demo,cust_435,2026-08-06T07:39:00,16146.13,INR,credit_card,route_a,HDFC,,Mumbai,web,order_1812,success,,1817,0
5f9d0449-8c1a-4049-908e-c8942fc8775e,merchant_paymind_demo,cust_37,2026-08-14T18:46:00,20565.31,INR,netbanking,route_c,Kotak,,Hyderabad,web,order_1813,success,,565,0
fc95742d-00b6-4007-a30c-f0f44c508cf4,merchant_paymind_demo,cust_373,2026-08-01T08:36:00,17880.59,INR,debit_card,route_d,SBI,,Hyderabad,android,order_1814,success,,1950,0
b69b8f1f-6549-4775-9d59-71cedc935d8a,merchant_paymind_demo,cust_862,2026-08-18T10:40:00,15630.87,INR,wallet,route_d,Yes Bank,,Bengaluru,web,order_1815,success,,2168,0
16836c98-6142-49ec-9248-055b0d1adb68,merchant_paymind_demo,cust_606,2026-08-04T07:17:00,13404.85,INR,UPI,route_c,Kotak,bhim,Pune,web,order_1816,success,,1316,0
b6788253-d23a-459e-917f-7af2a77421be,merchant_paymind_demo,cust_211,2026-08-07T16:47:00,580.77,INR,credit_card,route_c,Kotak,,Hyderabad,android,order_1817,success,,1017,0
5c987ad8-7560-4930-991b-18e4532d6c07,merchant_paymind_demo,cust_457,2026-08-07T16:47:00,19524.18,INR,credit_card,route_d,Axis,,Hyderabad,web,order_1818,success,,524,0
d8e7f779-0a9a-457e-8a2f-b8a6a3db6692,merchant_paymind_demo,cust_48,2026-08-13T16:41:00,11850.79,INR,netbanking,route_d,Yes Bank,,Mumbai,ios,order_1819,success,,2010,0
b397d76b-ba6a-4038-b517-0625a0f3ea04,merchant_paymind_demo,cust_357,2026-08-18T01:12:00,5436.88,INR,UPI,route_b,Kotak,,Delhi,ios,order_1820,success,,1781,0
a2ebc5db-6d07-4e63-a6a5-a4635b65946f,merchant_paymind_demo,cust_1066,2026-08-04T03:39:00,16448.62,INR,credit_card,route_a,SBI,,Kolkata,android,order_1821,success,,1711,0
9f06186d-7cdd-4404-9308-c49096cae140,merchant_paymind_demo,cust_242,2026-08-04T05:48:00,22561.1,INR,netbanking,route_d,SBI,,Mumbai,web,order_1822,success,,903,0
5a5b2be4-b7f8-4e22-9376-7e929342176a,merchant_paymind_demo,cust_735,2026-08-13T09:22:00,16930.03,INR,netbanking,route_d,Yes Bank,,Bengaluru,android,order_1823,success,,1866,0
659e100f-762a-47ef-bd59-382771ce748f,merchant_paymind_demo,cust_834,2026-08-15T08:15:00,1866.46,INR,wallet,route_b,HDFC,,Hyderabad,ios,order_1824,success,,2044,0
c3b0401e-f852-4047-8e4c-67c7095b4a63,merchant_paymind_demo,cust_299,2026-08-18T10:36:00,4797.65,INR,UPI,route_c,Kotak,paytm,Kolkata,android,order_1825,success,,1331,0
f140360f-6ece-4232-899c-548aa436a253,merchant_paymind_demo,cust_817,2026-08-13T07:42:00,3766.35,INR,credit_card,route_c,Kotak,,Bengaluru,web,order_1826,success,,466,0
5f0d7b59-1d54-46f8-8dfa-0e04f506da2b,merchant_paymind_demo,cust_337,2026-08-11T21:16:00,18820.7,INR,UPI,route_a,HDFC,,Chennai,web,order_1827,success,,1900,0
e0b5b72b-b3c1-465d-8623-4662709ba155,merchant_paymind_demo,cust_113,2026-08-03T15:46:00,20851.07,INR,netbanking,route_d,Kotak,,Delhi,android,order_1828,success,,632,0
11558124-a07d-49a7-b9aa-a95e3aade1f2,merchant_paymind_demo,cust_686,2026-08-19T17:46:00,24238.84,INR,credit_card,route_a,HDFC,,Mumbai,ios,order_1829,success,,2461,0
8b457c44-a808-432d-ad4f-9be5c561200b,merchant_paymind_demo,cust_572,2026-08-02T19:44:00,7361.21,INR,UPI,route_a,Yes Bank,paytm,Mumbai,ios,order_1830,success,,1970,0
8c693d7b-e905-4917-9076-4466b5e70244,merchant_paymind_demo,cust_1069,2026-08-05T10:59:00,21802.42,INR,credit_card,route_d,Yes Bank,,Chennai,web,order_1831,success,,888,0
1fe8a887-2d5e-40dd-9690-d3d3047941a7,merchant_paymind_demo,cust_452,2026-08-15T12:09:00,7031.02,INR,UPI,route_a,Axis,bhim,Chennai,web,order_1832,success,,1453,0
d2d16b85-1be6-495b-856b-233a745ac19e,merchant_paymind_demo,cust_920,2026-08-04T04:18:00,18164.23,INR,netbanking,route_d,Yes Bank,,Delhi,web,order_1833,success,,861,0
48753abd-3df5-4fbf-a0af-e44acca59c9a,merchant_paymind_demo,cust_189,2026-08-17T23:20:00,21817.59,INR,debit_card,route_d,Axis,,Mumbai,android,order_1834,failed,insufficient_funds,8300,0
76c56fe1-510d-4b61-b009-df51e3096927,merchant_paymind_demo,cust_1074,2026-08-16T08:26:00,13361.72,INR,debit_card,route_a,ICICI,,Delhi,android,order_1835,failed,gateway_error,3901,0
f5bc6c92-4261-4b7a-a396-3a724ddf8368,merchant_paymind_demo,cust_644,2026-08-09T03:26:00,17887.23,INR,UPI,route_b,ICICI,paytm,Chennai,android,order_1836,success,,2213,0
1a8e4c46-46e2-4626-ba43-2a4d6cb384b4,merchant_paymind_demo,cust_951,2026-08-01T05:48:00,5162.68,INR,wallet,route_b,Yes Bank,,Mumbai,android,order_1837,success,,969,0
b5040116-96d0-4152-819c-9f23ccdfaec0,merchant_paymind_demo,cust_449,2026-08-18T01:47:00,10576.39,INR,UPI,route_c,ICICI,bhim,Chennai,web,order_1838,success,,1712,0
32e197a6-8fb4-497c-8447-0791818cbded,merchant_paymind_demo,cust_447,2026-08-11T04:23:00,1904.68,INR,netbanking,route_c,SBI,,Bengaluru,web,order_1839,success,,501,0
439cd50e-8d10-457b-b4bf-e79ae000a3bf,merchant_paymind_demo,cust_662,2026-08-02T02:05:00,3564.24,INR,credit_card,route_d,SBI,,Hyderabad,android,order_1840,success,,687,0
9360a041-231d-4cc5-9049-7ce056342d0d,merchant_paymind_demo,cust_109,2026-08-06T09:09:00,11320.88,INR,netbanking,route_c,HDFC,,Chennai,ios,order_1841,success,,2488,0
d8c44307-c38b-4a8f-a74f-e5943f875f8e,merchant_paymind_demo,cust_949,2026-08-17T20:38:00,19783.87,INR,UPI,route_b,ICICI,gpay,Mumbai,android,order_1842,success,,677,0
b7079196-8c86-4475-857b-a040b6d9e04e,merchant_paymind_demo,cust_1099,2026-08-19T19:49:00,4600.68,INR,netbanking,route_b,SBI,,Hyderabad,ios,order_1843,success,,1002,0
40e0e730-91c7-4dab-a202-cb485fdb621d,merchant_paymind_demo,cust_1007,2026-08-18T20:23:00,18294.15,INR,wallet,route_d,ICICI,,Kolkata,ios,order_1844,success,,1248,0
367cc073-a475-4f12-8ff8-ac94cdb1d00b,merchant_paymind_demo,cust_236,2026-08-20T07:09:00,12906.74,INR,wallet,route_c,Axis,,Mumbai,ios,order_1845,success,,1237,0
a2253895-ae8a-4932-ac88-96bf56e4fd68,merchant_paymind_demo,cust_47,2026-08-12T05:08:00,19650.91,INR,wallet,route_d,Axis,,Pune,android,order_1846,success,,2157,0
5dc8dd4a-6206-4b95-b307-f09dab4399e5,merchant_paymind_demo,cust_825,2026-08-20T14:10:00,23457.95,INR,netbanking,route_b,Axis,,Hyderabad,android,order_1847,success,,363,0
63af44b8-9d81-44e2-98f5-f8a277e2ebf7,merchant_paymind_demo,cust_771,2026-08-13T07:15:00,3633.56,INR,debit_card,route_b,ICICI,,Delhi,web,order_1848,success,,1730,0
3776094b-9007-486d-90fa-b3f27333995f,merchant_paymind_demo,cust_177,2026-08-09T22:49:00,16984.74,INR,debit_card,route_c,HDFC,,Kolkata,ios,order_1849,success,,2132,0
dafa3cd1-0321-4423-a29b-68a997bd9432,merchant_paymind_demo,cust_830,2026-08-13T22:59:00,3801.0,INR,UPI,route_a,Kotak,phonepe,Mumbai,web,order_1850,success,,868,0
2e8e9c38-b345-4d3f-b479-4a6f9ab347c5,merchant_paymind_demo,cust_936,2026-08-18T04:18:00,14874.57,INR,debit_card,route_a,Kotak,,Hyderabad,web,order_1851,success,,1399,0
f45b29f4-e396-4222-a3cf-0ff400374902,merchant_paymind_demo,cust_1110,2026-08-07T13:43:00,19594.57,INR,credit_card,route_a,ICICI,,Delhi,android,order_1852,success,,1655,0
ffcd3e34-64ec-4366-a185-04fceb017ddc,merchant_paymind_demo,cust_471,2026-08-16T01:42:00,21052.01,INR,UPI,route_d,Yes Bank,,Pune,web,order_1853,success,,1327,0
6712ee39-8ab6-44bb-8783-e4f18dacbfb1,merchant_paymind_demo,cust_267,2026-08-07T18:49:00,22068.15,INR,wallet,route_c,Yes Bank,,Hyderabad,web,order_1854,success,,570,0
7a74765e-2b62-4bac-8b26-7e91f22ef697,merchant_paymind_demo,cust_926,2026-08-15T05:54:00,13665.03,INR,UPI,route_d,HDFC,bhim,Mumbai,ios,order_1855,success,,1033,0
66ab0403-2e83-47f4-89a6-9823ee566762,merchant_paymind_demo,cust_823,2026-08-11T04:26:00,9792.88,INR,credit_card,route_b,Kotak,,Kolkata,web,order_1856,success,,1064,0
e1d51d78-87fe-43da-86bf-68974bea316e,merchant_paymind_demo,cust_926,2026-08-07T06:07:00,9542.18,INR,UPI,route_a,Kotak,gpay,Pune,web,order_1857,success,,2189,0
2c02b963-81e7-44e6-9681-e1177fd32367,merchant_paymind_demo,cust_1009,2026-08-09T17:58:00,13572.32,INR,netbanking,route_d,Kotak,,Chennai,web,order_1858,success,,930,0
b2ea67e1-1b15-49a7-8f9c-d503c0848a50,merchant_paymind_demo,cust_1182,2026-08-05T11:07:00,12372.98,INR,credit_card,route_a,Yes Bank,,Hyderabad,ios,order_1859,success,,2447,0
e52333b5-71d7-4f7e-8e62-5beb253f8b53,merchant_paymind_demo,cust_382,2026-08-16T12:38:00,15648.74,INR,UPI,route_b,SBI,gpay,Pune,ios,order_1860,success,,422,0
c27baa28-d723-459a-a355-416e54018214,merchant_paymind_demo,cust_800,2026-08-09T16:02:00,18205.83,INR,debit_card,route_c,Yes Bank,,Chennai,web,order_1861,success,,456,0
156566fb-9450-40f9-926c-0c0006613974,merchant_paymind_demo,cust_344,2026-08-07T08:41:00,22499.18,INR,UPI,route_b,Yes Bank,paytm,Kolkata,ios,order_1862,success,,1399,0
1e2a9d77-5ef4-44c4-b9e6-6cb84d73516f,merchant_paymind_demo,cust_1073,2026-08-09T22:43:00,11544.11,INR,debit_card,route_d,ICICI,,Delhi,ios,order_1863,success,,1504,0
1f11a041-83fe-4eda-9d00-530089951d8d,merchant_paymind_demo,cust_273,2026-08-16T13:17:00,13340.94,INR,credit_card,route_c,Axis,,Kolkata,android,order_1864,success,,1096,0
9f950968-f54b-4eff-b441-6c0217b2057e,merchant_paymind_demo,cust_1173,2026-08-03T08:18:00,8537.64,INR,wallet,route_b,SBI,,Mumbai,web,order_1865,success,,1642,0
25f44f66-fca3-45e8-b90d-c54796ae6ac5,merchant_paymind_demo,cust_692,2026-08-17T10:32:00,24735.06,INR,credit_card,route_d,ICICI,,Bengaluru,ios,order_1866,success,,986,0
7fc995f8-686c-4457-b612-489f906e14aa,merchant_paymind_demo,cust_454,2026-08-20T18:13:00,17380.21,INR,wallet,route_c,Kotak,,Hyderabad,web,order_1867,success,,1815,0
9982ecda-a00c-4e76-9f3d-02a96450e5e1,merchant_paymind_demo,cust_1034,2026-08-03T10:00:00,14020.34,INR,UPI,route_d,SBI,paytm,Mumbai,web,order_1868,success,,2305,0
7476e5a8-7852-4438-9815-d68365813cd5,merchant_paymind_demo,cust_792,2026-08-20T08:16:00,13989.19,INR,wallet,route_a,Kotak,,Bengaluru,ios,order_1869,success,,1476,0
2b4e496b-c1bc-4010-b868-0b54721d22ce,merchant_paymind_demo,cust_398,2026-08-07T23:27:00,15721.79,INR,debit_card,route_a,Yes Bank,,Hyderabad,web,order_1870,success,,605,0
fb0803e2-a8b8-4f31-b4cf-7e0b3454b5ed,merchant_paymind_demo,cust_992,2026-08-04T18:00:00,1219.9,INR,UPI,route_c,Kotak,phonepe,Bengaluru,android,order_1871,success,,652,0
deae71b2-1594-4df7-a88c-6e8a52c84bef,merchant_paymind_demo,cust_630,2026-08-03T00:10:00,8164.89,INR,debit_card,route_d,HDFC,,Bengaluru,ios,order_1872,success,,1128,0
b49fed15-059f-4170-80aa-3e033ce20211,merchant_paymind_demo,cust_356,2026-08-09T07:56:00,15503.52,INR,UPI,route_b,Axis,bhim,Pune,web,order_1873,success,,698,0
2f225cca-e3ac-4860-8a4b-479809cea33f,merchant_paymind_demo,cust_917,2026-08-20T09:03:00,7967.14,INR,credit_card,route_a,Kotak,,Bengaluru,android,order_1874,success,,746,0
9c8b5230-8678-4b88-aafc-b5a985c8ff4f,merchant_paymind_demo,cust_179,2026-08-01T19:13:00,19419.53,INR,debit_card,route_b,Axis,,Chennai,web,order_1875,success,,2467,0
89b486d7-0446-4761-9b34-94e7329cac3a,merchant_paymind_demo,cust_1073,2026-08-11T18:15:00,14059.07,INR,UPI,route_b,Axis,gpay,Bengaluru,ios,order_1876,success,,831,0
d8649fa3-a17e-4a01-afb3-95e3b4a588f7,merchant_paymind_demo,cust_1079,2026-08-13T16:38:00,21418.51,INR,credit_card,route_c,Axis,,Delhi,android,order_1877,success,,1655,0
116f846c-d742-46ff-b1d0-406cd6dfe44e,merchant_paymind_demo,cust_877,2026-08-10T11:14:00,1506.31,INR,wallet,route_c,Kotak,,Hyderabad,ios,order_1878,success,,2142,0
aa190461-143b-4e39-9ff0-4e7b66ba614b,merchant_paymind_demo,cust_612,2026-08-20T15:05:00,4231.37,INR,wallet,route_d,Yes Bank,,Bengaluru,web,order_1879,success,,1681,0
f5a0905e-0be9-4cc9-a083-b7ad93dc13e5,merchant_paymind_demo,cust_696,2026-08-17T16:15:00,14728.61,INR,debit_card,route_c,SBI,,Kolkata,web,order_1880,success,,1479,0
657e1c3c-fa50-4e6d-ba25-fe8010e8abb5,merchant_paymind_demo,cust_624,2026-08-14T23:32:00,22766.64,INR,credit_card,route_a,Yes Bank,,Chennai,ios,order_1881,success,,404,0
fead5429-1fc9-4110-ad73-391b6822490a,merchant_paymind_demo,cust_13,2026-08-01T21:31:00,1119.73,INR,credit_card,route_c,SBI,,Pune,android,order_1882,success,,1250,0
1186a40a-d601-40b2-a087-2a4ca705b99a,merchant_paymind_demo,cust_269,2026-08-15T14:58:00,21940.42,INR,UPI,route_a,SBI,paytm,Mumbai,android,order_1883,success,,322,0
21580fd8-ca13-4f2e-84c5-3bef975e347d,merchant_paymind_demo,cust_70,2026-08-12T20:57:00,5142.08,INR,debit_card,route_d,Kotak,,Pune,android,order_1884,success,,711,0
249dee71-b189-458c-9727-b59f26e2c647,merchant_paymind_demo,cust_1065,2026-08-12T22:36:00,15441.87,INR,debit_card,route_d,Kotak,,Hyderabad,web,order_1885,success,,2309,0
e0540df1-48c4-429a-af30-e1de2e0e60a8,merchant_paymind_demo,cust_455,2026-08-10T15:03:00,11252.66,INR,credit_card,route_d,Yes Bank,,Bengaluru,web,order_1886,success,,1992,0
ef71d528-d30c-4f8b-ae23-9b33f655b495,merchant_paymind_demo,cust_266,2026-08-09T08:02:00,21156.78,INR,credit_card,route_b,SBI,,Bengaluru,android,order_1887,success,,585,0
ce034a17-dc8a-4c9b-a0fd-80827bd5b0f6,merchant_paymind_demo,cust_355,2026-08-17T02:25:00,13606.95,INR,wallet,route_a,Yes Bank,,Delhi,android,order_1888,success,,557,0
c614f37d-fa6f-4224-8884-85f03d7ab3fb,merchant_paymind_demo,cust_294,2026-08-20T23:52:00,21037.12,INR,credit_card,route_a,Yes Bank,,Bengaluru,web,order_1889,success,,679,0
f630ba8f-ab24-42fb-bc33-9f8cf0b5a14b,merchant_paymind_demo,cust_17,2026-08-03T01:04:00,13013.79,INR,UPI,route_d,SBI,bhim,Delhi,android,order_1890,success,,2197,0
da00ac14-aecd-4803-80cc-7ad10da0a1b5,merchant_paymind_demo,cust_339,2026-08-18T10:50:00,11817.94,INR,debit_card,route_a,Yes Bank,,Chennai,android,order_1891,failed,bank_timeout,4867,0
40937e37-53bd-4414-a0f6-9aef3d0c42f2,merchant_paymind_demo,cust_534,2026-08-17T23:52:00,24333.74,INR,netbanking,route_c,Axis,,Delhi,ios,order_1892,success,,933,0
a99cd8f4-2bf3-43d3-a0da-78c74e9b801f,merchant_paymind_demo,cust_667,2026-08-04T05:47:00,15484.36,INR,wallet,route_d,Axis,,Pune,web,order_1893,success,,1287,0
ab094434-15e0-4e0a-bc31-3716b0b1fa74,merchant_paymind_demo,cust_1126,2026-08-20T18:36:00,4582.23,INR,UPI,route_d,HDFC,bhim,Delhi,android,order_1894,success,,2172,0
a73c2f8a-213a-4e69-8ebe-f7ec5df33435,merchant_paymind_demo,cust_445,2026-08-13T20:17:00,16402.13,INR,credit_card,route_b,HDFC,,Bengaluru,android,order_1895,success,,1006,0
892223a5-6bd7-4cff-a091-3542c57c71c7,merchant_paymind_demo,cust_1161,2026-08-14T23:46:00,5391.76,INR,credit_card,route_d,ICICI,,Mumbai,web,order_1896,success,,2049,0
5a4a7fd7-3eca-4780-8fee-aede42e340eb,merchant_paymind_demo,cust_1199,2026-08-02T17:09:00,16026.92,INR,debit_card,route_b,Kotak,,Hyderabad,android,order_1897,success,,1268,0
16ca1031-0017-4f62-a118-15b00e5668db,merchant_paymind_demo,cust_745,2026-08-16T23:38:00,24105.58,INR,credit_card,route_b,SBI,,Hyderabad,ios,order_1898,success,,1392,0
ad7c6ba1-534c-4c2c-a11d-4a7f4eea7045,merchant_paymind_demo,cust_949,2026-08-17T18:33:00,18604.32,INR,netbanking,route_d,ICICI,,Delhi,ios,order_1899,success,,1487,0
64300ab8-b70b-4394-9ef7-d19d74080a68,merchant_paymind_demo,cust_1170,2026-08-08T13:39:00,6562.9,INR,credit_card,route_c,Kotak,,Kolkata,ios,order_1900,success,,777,0
039cfe8b-97f7-4c93-ad5d-04ecee220914,merchant_paymind_demo,cust_1193,2026-08-10T23:38:00,117.07,INR,credit_card,route_b,Axis,,Mumbai,android,order_1901,success,,527,0
f0c02e9d-2bcb-4593-9de5-de22380569b6,merchant_paymind_demo,cust_960,2026-08-18T06:55:00,13198.65,INR,debit_card,route_d,Yes Bank,,Mumbai,android,order_1902,success,,2308,0
a9cc1c1a-b9f5-4167-8e2a-828b6200ca97,merchant_paymind_demo,cust_1144,2026-08-12T19:24:00,6113.53,INR,debit_card,route_b,HDFC,,Kolkata,web,order_1903,success,,703,0
c174129b-36cc-498a-930b-2846276a61cf,merchant_paymind_demo,cust_814,2026-08-17T14:14:00,19775.11,INR,credit_card,route_a,Kotak,,Delhi,android,order_1904,success,,454,0
ce4d3fa1-c031-4f24-bc9f-eee5a7496c40,merchant_paymind_demo,cust_1136,2026-08-12T03:01:00,15184.17,INR,UPI,route_d,Kotak,,Hyderabad,web,order_1905,success,,2095,0
32a11076-6ff6-4157-9cca-797b555465af,merchant_paymind_demo,cust_763,2026-08-16T04:27:00,12882.65,INR,debit_card,route_b,ICICI,,Pune,web,order_1906,success,,1915,0
be92fa62-38e5-490b-a1b9-b2ac9216d495,merchant_paymind_demo,cust_83,2026-08-05T14:18:00,482.56,INR,UPI,route_c,ICICI,bhim,Pune,android,order_1907,success,,1613,0
db7300b0-2f5f-4cf7-924b-875ad3d744ce,merchant_paymind_demo,cust_711,2026-08-20T00:07:00,21802.04,INR,UPI,route_b,Yes Bank,,Kolkata,android,order_1908,success,,393,0
41c9837b-b7ca-4336-93bb-a2853b6c0128,merchant_paymind_demo,cust_343,2026-08-18T17:33:00,23175.2,INR,credit_card,route_c,Yes Bank,,Mumbai,android,order_1909,success,,1540,0
2fcbbfc1-2cb5-46d5-9068-929f40629cd3,merchant_paymind_demo,cust_1048,2026-08-05T09:19:00,1464.38,INR,credit_card,route_b,HDFC,,Hyderabad,ios,order_1910,success,,2225,0
a8863290-2135-40d9-b915-eca498a321d8,merchant_paymind_demo,cust_1024,2026-08-03T02:45:00,15237.0,INR,UPI,route_a,ICICI,bhim,Mumbai,web,order_1911,success,,918,0
6e8290d9-e241-4984-9f90-629053ed7ca0,merchant_paymind_demo,cust_323,2026-08-03T16:29:00,21674.94,INR,credit_card,route_d,Axis,,Chennai,web,order_1912,success,,871,0
c5c70707-1f07-49d8-946d-b341d90e6769,merchant_paymind_demo,cust_183,2026-08-03T15:18:00,2862.1,INR,UPI,route_d,HDFC,phonepe,Delhi,android,order_1913,success,,795,0
5433350e-061d-415c-8075-107ade46a88d,merchant_paymind_demo,cust_915,2026-08-04T02:16:00,18088.83,INR,wallet,route_d,ICICI,,Delhi,web,order_1914,success,,1176,0
3ee6fd2c-9ed6-4284-98e1-a0701c07a01c,merchant_paymind_demo,cust_395,2026-08-10T19:37:00,9538.08,INR,UPI,route_b,Kotak,gpay,Pune,android,order_1915,success,,2165,0
bc999228-146c-45fb-9d7a-d1cd1db85681,merchant_paymind_demo,cust_213,2026-08-04T09:43:00,19120.78,INR,debit_card,route_c,ICICI,,Mumbai,android,order_1916,success,,1465,0
4f12ea97-af17-4cd9-97a7-fde099a2d83a,merchant_paymind_demo,cust_809,2026-08-15T05:31:00,13144.17,INR,UPI,route_c,HDFC,,Pune,ios,order_1917,success,,851,0
c8f8ccaa-480f-4629-97c4-052576a38ec2,merchant_paymind_demo,cust_770,2026-08-03T22:20:00,477.02,INR,credit_card,route_b,Yes Bank,,Kolkata,ios,order_1918,success,,1733,0
947672fc-1b94-4be4-8553-df758bb0d2e0,merchant_paymind_demo,cust_136,2026-08-19T10:37:00,18565.7,INR,netbanking,route_a,ICICI,,Pune,web,order_1919,success,,1714,0
6920079b-1322-41ea-ba52-2009c1352ef2,merchant_paymind_demo,cust_1195,2026-08-12T07:11:00,20596.17,INR,credit_card,route_a,ICICI,,Chennai,android,order_1920,success,,881,0
fe3ea79b-75a4-4daa-a9bb-dd34fb3b9e43,merchant_paymind_demo,cust_736,2026-08-13T12:12:00,8199.64,INR,debit_card,route_c,Axis,,Bengaluru,android,order_1921,success,,1168,0
20e3729f-c553-4a04-b07c-a808677f965f,merchant_paymind_demo,cust_154,2026-08-17T21:35:00,19474.1,INR,UPI,route_a,ICICI,bhim,Mumbai,ios,order_1922,success,,804,0
318f0528-5c80-4cda-92fd-51e9fb35655f,merchant_paymind_demo,cust_982,2026-08-06T06:03:00,13960.33,INR,debit_card,route_c,HDFC,,Delhi,web,order_1923,success,,551,0
09dc7d7d-cb0c-4598-9505-6713c190fc99,merchant_paymind_demo,cust_175,2026-08-10T19:30:00,10683.66,INR,netbanking,route_a,Axis,,Delhi,android,order_1924,success,,818,0
9d0b9bcd-45a7-41e1-b38e-9cb95dc67f7c,merchant_paymind_demo,cust_220,2026-08-08T18:59:00,8019.91,INR,debit_card,route_b,Yes Bank,,Pune,web,order_1925,success,,331,0
929982c4-b0bb-4196-841f-15e6abaffbe0,merchant_paymind_demo,cust_585,2026-08-01T17:41:00,6279.95,INR,credit_card,route_a,HDFC,,Hyderabad,ios,order_1926,success,,1961,0
8b428b76-9294-4d6c-b4db-6a6d43a9a8bf,merchant_paymind_demo,cust_925,2026-08-09T09:17:00,10608.57,INR,netbanking,route_c,Kotak,,Mumbai,ios,order_1927,success,,2113,0
82ca64b9-3173-4134-b9e0-4555ae57c662,merchant_paymind_demo,cust_713,2026-08-09T11:08:00,7161.84,INR,wallet,route_b,ICICI,,Bengaluru,ios,order_1928,success,,735,0
26a5d27b-f916-4d7e-a6a8-8926e9f2f66e,merchant_paymind_demo,cust_515,2026-08-11T12:10:00,10882.91,INR,credit_card,route_a,HDFC,,Hyderabad,android,order_1929,success,,785,0
42f524ea-0102-4ed2-89f3-89d823db0dad,merchant_paymind_demo,cust_425,2026-08-01T14:33:00,20162.11,INR,wallet,route_d,Kotak,,Delhi,android,order_1930,success,,2140,0
332c8aec-7204-4763-9336-b010fc79ffc1,merchant_paymind_demo,cust_185,2026-08-12T03:03:00,4088.77,INR,netbanking,route_a,Kotak,,Mumbai,web,order_1931,success,,699,0
ea67c331-11ef-448c-b59f-8a66d60edac3,merchant_paymind_demo,cust_304,2026-08-14T11:43:00,810.53,INR,debit_card,route_a,SBI,,Pune,android,order_1932,success,,2198,0
b2f88282-1892-4079-8bc7-2004e434e151,merchant_paymind_demo,cust_87,2026-08-10T07:08:00,11351.43,INR,UPI,route_b,HDFC,bhim,Pune,android,order_1933,success,,1660,0
c2158235-e339-4b26-8882-aee42e371e1a,merchant_paymind_demo,cust_590,2026-08-09T05:13:00,24250.73,INR,UPI,route_c,Axis,paytm,Delhi,ios,order_1934,success,,1016,0
78d690f2-723a-4d3f-afc5-40f061aea53d,merchant_paymind_demo,cust_51,2026-08-01T09:31:00,14150.02,INR,UPI,route_b,SBI,,Kolkata,web,order_1935,success,,1755,0
684f0dad-07bc-467a-928e-5db2650148c8,merchant_paymind_demo,cust_880,2026-08-14T13:34:00,6381.33,INR,netbanking,route_a,ICICI,,Mumbai,web,order_1936,success,,322,0
dd90fa7f-c988-4aeb-8e95-d66a2f22cbaf,merchant_paymind_demo,cust_411,2026-08-14T19:28:00,10094.37,INR,debit_card,route_d,SBI,,Kolkata,ios,order_1937,success,,1912,0
65f47c5c-5463-4249-b88f-1ecce8ab351f,merchant_paymind_demo,cust_162,2026-08-09T00:54:00,14649.42,INR,netbanking,route_b,ICICI,,Pune,ios,order_1938,success,,377,0
e6c0b7c3-d3b8-4766-913f-15e134a20f72,merchant_paymind_demo,cust_545,2026-08-10T04:04:00,10399.36,INR,UPI,route_a,SBI,paytm,Pune,web,order_1939,success,,402,0
308318f4-3c87-4601-ab07-f19d3b9c0bf9,merchant_paymind_demo,cust_104,2026-08-11T04:05:00,14733.43,INR,UPI,route_d,HDFC,paytm,Mumbai,android,order_1940,success,,1375,0
1b842b3c-e308-4715-8579-6c47040975a4,merchant_paymind_demo,cust_1131,2026-08-02T13:06:00,20522.66,INR,wallet,route_c,Kotak,,Mumbai,ios,order_1941,success,,1321,0
21a23897-a58b-49fe-83ea-086e45d2c082,merchant_paymind_demo,cust_353,2026-08-01T23:05:00,6425.27,INR,UPI,route_a,Kotak,paytm,Pune,web,order_1942,success,,2335,0
842b8564-cdfd-48f8-ba6e-555f9dd73dea,merchant_paymind_demo,cust_1084,2026-08-12T05:08:00,15990.1,INR,netbanking,route_a,ICICI,,Chennai,web,order_1943,success,,2098,0
a8769502-367d-40bb-8815-932713f7d2bd,merchant_paymind_demo,cust_783,2026-08-14T17:18:00,13935.72,INR,UPI,route_c,HDFC,bhim,Chennai,android,order_1944,success,,908,0
7d471c3c-e670-41cd-95b3-a2624fd4683a,merchant_paymind_demo,cust_101,2026-08-12T00:53:00,12023.3,INR,credit_card,route_c,ICICI,,Delhi,android,order_1945,success,,1620,0
89e7e1ee-6e07-43f3-ae30-dd5820f35f67,merchant_paymind_demo,cust_1056,2026-08-16T05:45:00,14794.83,INR,netbanking,route_c,Kotak,,Hyderabad,android,order_1946,success,,2127,0
bf10d248-5fe0-4b65-8753-35d22d07d335,merchant_paymind_demo,cust_541,2026-08-04T18:11:00,22091.45,INR,UPI,route_b,HDFC,phonepe,Chennai,android,order_1947,success,,2411,0
805c58cf-b1a4-49c3-807b-5f4ac12ddb2f,merchant_paymind_demo,cust_1108,2026-08-20T05:04:00,4329.63,INR,netbanking,route_a,Axis,,Mumbai,android,order_1948,success,,412,0
6de76a77-eba5-4c8e-b989-f7220c4c5ccf,merchant_paymind_demo,cust_1118,2026-08-19T04:27:00,2138.02,INR,debit_card,route_c,Yes Bank,,Pune,web,order_1949,success,,2401,0
589ad7e7-8d77-4651-989f-22b5309853d9,merchant_paymind_demo,cust_1198,2026-08-11T04:59:00,22525.77,INR,wallet,route_a,HDFC,,Chennai,android,order_1950,success,,2362,0
4d6e86d9-babf-4a24-8612-47a855b1afcf,merchant_paymind_demo,cust_1041,2026-08-01T16:40:00,20392.21,INR,wallet,route_a,Kotak,,Chennai,ios,order_1951,success,,1545,0
d6b5d087-9a42-4fa2-9665-9b22a19b0e0e,merchant_paymind_demo,cust_247,2026-08-11T06:27:00,23672.74,INR,wallet,route_c,Kotak,,Hyderabad,web,order_1952,success,,1254,0
af9581c3-23bd-49f9-b77f-5e756165198a,merchant_paymind_demo,cust_1039,2026-08-09T12:08:00,10969.81,INR,wallet,route_a,Kotak,,Delhi,android,order_1953,success,,405,0
36d8a82e-dbca-4f65-b063-93b78d47ffea,merchant_paymind_demo,cust_858,2026-08-11T19:02:00,8038.94,INR,debit_card,route_a,ICICI,,Kolkata,android,order_1954,success,,1857,0
e82ded7e-ad67-46d3-bf85-e6ce90d1a620,merchant_paymind_demo,cust_826,2026-08-03T01:58:00,19127.01,INR,wallet,route_a,ICICI,,Hyderabad,ios,order_1955,success,,1407,0
8434c997-a6bc-44fd-b67d-9772969d3d80,merchant_paymind_demo,cust_868,2026-08-13T17:39:00,22600.1,INR,credit_card,route_b,Axis,,Pune,ios,order_1956,success,,2254,0
a0f21a7d-e642-4488-8a12-7fe86fba624f,merchant_paymind_demo,cust_727,2026-08-06T05:14:00,17848.88,INR,UPI,route_c,HDFC,,Chennai,android,order_1957,success,,1752,0
3278156f-b9c1-4419-9c01-df2a4b89b6dd,merchant_paymind_demo,cust_1131,2026-08-15T14:47:00,6240.38,INR,netbanking,route_d,SBI,,Pune,web,order_1958,failed,bank_timeout,4730,0
3ef04f1c-3cea-4d4f-a368-0bca16a71a89,merchant_paymind_demo,cust_943,2026-08-14T05:19:00,19956.71,INR,netbanking,route_d,ICICI,,Bengaluru,web,order_1959,success,,485,0
18d501cb-a320-4cd5-8193-b9a8f350ab09,merchant_paymind_demo,cust_580,2026-08-20T00:04:00,15265.13,INR,wallet,route_d,Kotak,,Delhi,web,order_1960,success,,1384,0
22847e65-c96a-42ce-b70f-ab80e6baa1bb,merchant_paymind_demo,cust_545,2026-08-11T07:25:00,12816.93,INR,wallet,route_b,HDFC,,Chennai,android,order_1961,success,,926,0
4424c983-5706-4545-9a75-c7520c3a4eae,merchant_paymind_demo,cust_791,2026-08-04T05:44:00,4037.19,INR,wallet,route_c,Kotak,,Kolkata,android,order_1962,success,,1965,0
fe335da0-dcce-461f-970b-04cf8ccc4fc8,merchant_paymind_demo,cust_257,2026-08-01T00:11:00,12588.19,INR,debit_card,route_b,SBI,,Hyderabad,ios,order_1963,success,,2481,0
12ce1fb1-7bf6-422d-a67d-c54aa63cefad,merchant_paymind_demo,cust_85,2026-08-10T22:03:00,3479.61,INR,wallet,route_c,Axis,,Chennai,android,order_1964,success,,2459,0
88e7f109-b443-4aa7-88e7-1dbca36d326a,merchant_paymind_demo,cust_140,2026-08-10T16:03:00,600.27,INR,netbanking,route_a,HDFC,,Bengaluru,android,order_1965,success,,1178,0
75fa87cb-5dcf-42ba-8e50-0d773a5dfd37,merchant_paymind_demo,cust_509,2026-08-09T03:22:00,16546.47,INR,UPI,route_b,ICICI,bhim,Mumbai,android,order_1966,success,,1173,0
c2c48a69-c8c1-494e-ad70-e56ebede4bc8,merchant_paymind_demo,cust_1,2026-08-08T18:37:00,4705.18,INR,netbanking,route_b,HDFC,,Bengaluru,ios,order_1967,success,,2393,0
5ce27e5d-12cc-4b5a-9234-9c6bd5c61384,merchant_paymind_demo,cust_45,2026-08-04T18:25:00,9039.89,INR,UPI,route_c,SBI,bhim,Delhi,ios,order_1968,success,,810,0
ecf4c68d-ef76-4f9d-b4f7-6337ad0386bd,merchant_paymind_demo,cust_652,2026-08-15T19:08:00,837.57,INR,wallet,route_b,Yes Bank,,Bengaluru,ios,order_1969,success,,415,0
d5f7078f-300a-4295-bcf7-b528ae6df3d6,merchant_paymind_demo,cust_130,2026-08-11T16:42:00,18902.36,INR,wallet,route_d,Yes Bank,,Mumbai,web,order_1970,success,,819,0
cd008368-4479-41d0-b189-ac9027b965ff,merchant_paymind_demo,cust_1174,2026-08-18T03:14:00,13688.2,INR,debit_card,route_a,Kotak,,Hyderabad,web,order_1971,success,,311,0
defdef41-0db8-4baf-b790-bc099b88e996,merchant_paymind_demo,cust_1129,2026-08-04T07:26:00,2467.61,INR,netbanking,route_a,Axis,,Bengaluru,ios,order_1972,success,,2417,0
99626c58-34c5-4daf-957b-c9c8d965bdf4,merchant_paymind_demo,cust_669,2026-08-15T03:59:00,4658.46,INR,UPI,route_d,Yes Bank,bhim,Bengaluru,web,order_1973,success,,2029,0
23048ef9-710f-4fb2-bbec-61d1476bf977,merchant_paymind_demo,cust_510,2026-08-16T21:40:00,24382.63,INR,wallet,route_d,Yes Bank,,Hyderabad,web,order_1974,success,,2103,0
1c242a7b-a6c2-42b9-a6e4-32bb71ad418a,merchant_paymind_demo,cust_781,2026-08-13T21:46:00,7843.14,INR,debit_card,route_a,SBI,,Bengaluru,web,order_1975,success,,1369,0
e5ef22b1-7485-4025-bfbf-4d4571b0e02c,merchant_paymind_demo,cust_101,2026-08-03T12:25:00,3146.71,INR,debit_card,route_b,Yes Bank,,Hyderabad,web,order_1976,success,,1039,0
b8ab6372-a38d-4a9d-86e6-0c050150e1f9,merchant_paymind_demo,cust_979,2026-08-09T05:19:00,6197.59,INR,UPI,route_d,Yes Bank,gpay,Bengaluru,android,order_1977,success,,588,0
6788fdba-7b7b-4969-a38b-660701a38572,merchant_paymind_demo,cust_127,2026-08-06T04:00:00,20821.47,INR,netbanking,route_d,ICICI,,Chennai,ios,order_1978,success,,1318,0
69045d1d-88dd-4870-bc26-80494515460d,merchant_paymind_demo,cust_258,2026-08-03T06:37:00,12890.96,INR,netbanking,route_c,SBI,,Bengaluru,web,order_1979,success,,528,0
90b708c8-dfb7-40f0-b40d-60a37653390e,merchant_paymind_demo,cust_101,2026-08-01T13:31:00,14873.23,INR,netbanking,route_c,ICICI,,Bengaluru,web,order_1980,success,,1324,0
01369ffb-8c6d-41e8-950f-eea8739db766,merchant_paymind_demo,cust_771,2026-08-09T12:49:00,17076.09,INR,credit_card,route_c,Yes Bank,,Kolkata,web,order_1981,failed,gateway_error,5533,0
eaf2a180-554d-4f47-8d0f-60d1a6e958f2,merchant_paymind_demo,cust_670,2026-08-18T22:59:00,10923.31,INR,netbanking,route_b,HDFC,,Kolkata,ios,order_1982,success,,1589,0
cebfd44b-fe02-4891-b68c-22dfa9650ccb,merchant_paymind_demo,cust_1004,2026-08-18T05:01:00,11105.25,INR,netbanking,route_a,Kotak,,Chennai,ios,order_1983,success,,1606,0
09808c73-7fa2-4fa1-9872-2aca46b92e08,merchant_paymind_demo,cust_1038,2026-08-19T07:46:00,15234.84,INR,credit_card,route_d,ICICI,,Delhi,ios,order_1984,success,,1357,0
64784f30-6ae2-4d10-95c3-2fb8a98fbfc4,merchant_paymind_demo,cust_268,2026-08-20T10:33:00,15856.66,INR,netbanking,route_d,SBI,,Pune,ios,order_1985,success,,521,0
fcddfcfa-09da-4403-a1dc-2c1c86030332,merchant_paymind_demo,cust_685,2026-08-14T17:40:00,15225.59,INR,UPI,route_b,HDFC,gpay,Pune,web,order_1986,success,,2042,0
02be38df-11d4-491b-a0a0-45cafde5ca40,merchant_paymind_demo,cust_243,2026-08-04T23:31:00,3846.29,INR,credit_card,route_b,Axis,,Chennai,ios,order_1987,success,,2241,0
b9992e21-b36d-4cc3-8ab9-af68b398be4e,merchant_paymind_demo,cust_648,2026-08-14T22:55:00,1729.94,INR,debit_card,route_a,HDFC,,Mumbai,android,order_1988,success,,1450,0
dcd62236-0864-41b1-9d5d-0ebfe2b095b4,merchant_paymind_demo,cust_1031,2026-08-19T13:15:00,23915.81,INR,UPI,route_d,HDFC,gpay,Kolkata,web,order_1989,success,,361,0
2df1656c-406b-48df-ad88-dd3408dbf5cc,merchant_paymind_demo,cust_1058,2026-08-10T00:18:00,12055.95,INR,UPI,route_d,Kotak,phonepe,Delhi,android,order_1990,success,,1008,0
f1732b5d-783e-4a78-8315-692b8f845f67,merchant_paymind_demo,cust_734,2026-08-11T02:31:00,23271.59,INR,wallet,route_a,SBI,,Chennai,android,order_1991,success,,1973,0
9591212f-3fee-48ee-9baa-45840fd1be57,merchant_paymind_demo,cust_871,2026-08-02T17:34:00,3724.5,INR,debit_card,route_a,ICICI,,Mumbai,android,order_1992,success,,2465,0
35a3afeb-2b4e-4baf-97d9-dfb1f6916af7,merchant_paymind_demo,cust_981,2026-08-08T18:51:00,5738.0,INR,debit_card,route_c,Yes Bank,,Hyderabad,web,order_1993,success,,1880,0
a3b00342-90fe-4768-9359-a8895fffbc9d,merchant_paymind_demo,cust_1135,2026-08-08T23:20:00,24343.89,INR,wallet,route_b,SBI,,Bengaluru,web,order_1994,failed,bank_timeout,4537,0
d3437549-2378-452b-ad22-3900864495d5,merchant_paymind_demo,cust_1142,2026-08-16T19:24:00,18791.9,INR,credit_card,route_c,SBI,,Bengaluru,ios,order_1995,success,,493,0
f2b9dbdf-45d1-4077-81c0-1c93fd9c4c6b,merchant_paymind_demo,cust_880,2026-08-06T18:58:00,7672.3,INR,UPI,route_c,SBI,bhim,Bengaluru,web,order_1996,success,,896,0
0be71936-17bf-4cfa-957c-7f36fbc7286a,merchant_paymind_demo,cust_158,2026-08-03T12:50:00,3541.6,INR,credit_card,route_b,ICICI,,Pune,ios,order_1997,success,,1469,0
21de7708-da8a-4b61-8fe4-258b034cb850,merchant_paymind_demo,cust_1007,2026-08-16T12:33:00,23505.12,INR,wallet,route_a,Axis,,Chennai,ios,order_1998,success,,1144,0
0bf4cb3e-fb8e-42e8-96b1-f9db9bcb8fc8,merchant_paymind_demo,cust_341,2026-08-12T03:12:00,4284.54,INR,credit_card,route_b,Kotak,,Hyderabad,ios,order_1999,success,,995,0
e7b922f4-8bd2-46e6-91e3-12c9c07afbe6,merchant_paymind_demo,cust_725,2026-08-17T06:03:00,364.76,INR,UPI,route_a,HDFC,,Kolkata,ios,order_2000,success,,1311,0
40561f62-e731-4264-8420-11ca3b90688d,merchant_paymind_demo,cust_399,2026-08-01T18:07:00,9695.99,INR,UPI,route_b,SBI,,Hyderabad,android,order_2001,success,,1392,0
f3b9d5a1-1d61-41eb-9a3d-c68a883867c2,merchant_paymind_demo,cust_678,2026-08-20T06:59:00,5776.48,INR,wallet,route_c,HDFC,,Mumbai,web,order_2002,success,,725,0
98363322-0bd9-44d3-9ef0-4205ab4a0cdc,merchant_paymind_demo,cust_812,2026-08-11T00:35:00,11880.56,INR,wallet,route_c,Kotak,,Mumbai,ios,order_2003,success,,1714,0
334794f1-4755-4e4f-8881-28d09b27eb41,merchant_paymind_demo,cust_521,2026-08-16T05:55:00,23890.01,INR,credit_card,route_c,SBI,,Chennai,android,order_2004,success,,2477,0
104e5cfd-ab00-4e3f-a2ff-71aef74b47a6,merchant_paymind_demo,cust_741,2026-08-16T15:58:00,1695.64,INR,credit_card,route_b,Axis,,Pune,web,order_2005,success,,738,0
7b4508fe-71bb-4f0b-ad6c-e8dbd373654f,merchant_paymind_demo,cust_657,2026-08-06T11:34:00,16109.05,INR,UPI,route_a,ICICI,,Chennai,web,order_2006,success,,2399,0
97e29b5e-52ab-402f-aeef-89eefc8be6db,merchant_paymind_demo,cust_791,2026-08-19T07:02:00,15571.37,INR,debit_card,route_d,Kotak,,Hyderabad,web,order_2007,success,,934,0
bc289cbe-8391-44e9-81fe-b0f3e20e7e11,merchant_paymind_demo,cust_645,2026-08-11T22:49:00,14490.44,INR,wallet,route_b,Axis,,Mumbai,ios,order_2008,success,,2140,0
d570a22d-5665-49d5-a95e-6f6789c604ac,merchant_paymind_demo,cust_477,2026-08-01T19:53:00,20265.08,INR,credit_card,route_d,Yes Bank,,Bengaluru,android,order_2009,success,,1396,0
aa24b123-8bb6-440a-90e7-4d5d6ea60e3b,merchant_paymind_demo,cust_1141,2026-08-15T18:16:00,5698.28,INR,credit_card,route_d,ICICI,,Hyderabad,android,order_2010,success,,1275,0
e3d578de-559f-4330-a54f-bd5e7bb8d6b0,merchant_paymind_demo,cust_310,2026-08-03T13:33:00,24634.0,INR,wallet,route_d,HDFC,,Chennai,android,order_2011,success,,1160,0
a466028b-03f6-4185-b195-9b4f6629ca69,merchant_paymind_demo,cust_1055,2026-08-02T02:57:00,17806.68,INR,credit_card,route_b,ICICI,,Delhi,android,order_2012,success,,483,0
6b895199-1d90-47b6-b323-2e424fbe5c61,merchant_paymind_demo,cust_472,2026-08-04T23:58:00,22229.64,INR,UPI,route_a,HDFC,,Chennai,ios,order_2013,failed,gateway_error,5108,0
9cfccba0-fe3a-4d50-8de3-218ddb944b57,merchant_paymind_demo,cust_62,2026-08-12T13:23:00,21039.81,INR,UPI,route_d,Yes Bank,bhim,Mumbai,android,order_2014,failed,insufficient_funds,8699,0
832dd741-6bf6-4e75-9999-a251fa893c5f,merchant_paymind_demo,cust_786,2026-08-19T03:11:00,2368.86,INR,debit_card,route_a,Yes Bank,,Delhi,web,order_2015,success,,1485,0
9cc2665d-502d-4ffb-a51a-745d5718352b,merchant_paymind_demo,cust_175,2026-08-14T10:01:00,12782.85,INR,debit_card,route_a,Axis,,Bengaluru,ios,order_2016,success,,866,0
c5affb46-c95e-433c-ab7d-3f4dfe5a2827,merchant_paymind_demo,cust_837,2026-08-20T17:08:00,24561.93,INR,credit_card,route_c,Yes Bank,,Kolkata,android,order_2017,success,,442,0
c7519c45-1acd-4343-9c66-66b75f716687,merchant_paymind_demo,cust_35,2026-08-11T09:36:00,20890.76,INR,UPI,route_d,ICICI,gpay,Bengaluru,ios,order_2018,success,,1649,0
226d278c-0323-4c07-a993-8494fb489d4d,merchant_paymind_demo,cust_153,2026-08-08T12:59:00,537.65,INR,wallet,route_a,Axis,,Chennai,web,order_2019,success,,1897,0
372e2a98-ceb1-4ce0-808f-ca30e20bad1e,merchant_paymind_demo,cust_152,2026-08-01T07:07:00,22629.43,INR,netbanking,route_d,SBI,,Bengaluru,android,order_2020,success,,669,0
c34446d7-408a-4fab-be77-541bd952cc14,merchant_paymind_demo,cust_4,2026-08-19T09:08:00,11203.17,INR,credit_card,route_c,HDFC,,Chennai,web,order_2021,success,,1401,0
8ee083a4-1f2f-413e-8cfe-7f7947725656,merchant_paymind_demo,cust_1071,2026-08-14T23:58:00,425.36,INR,wallet,route_b,Axis,,Chennai,web,order_2022,success,,1128,0
277cceff-d7a1-4592-80c6-7751b279bfa1,merchant_paymind_demo,cust_774,2026-08-13T03:47:00,18154.11,INR,debit_card,route_d,ICICI,,Chennai,web,order_2023,success,,2180,0
2dad3495-5fe6-4813-87e9-2028b8b1e01f,merchant_paymind_demo,cust_1106,2026-08-10T20:43:00,13972.85,INR,UPI,route_a,Axis,,Pune,web,order_2024,success,,2287,0
cebccac0-7fe8-4dfb-b3b3-e8a1ae9fe77d,merchant_paymind_demo,cust_63,2026-08-09T10:36:00,20081.13,INR,wallet,route_d,ICICI,,Bengaluru,ios,order_2025,success,,617,0
47e3177f-2c79-4f3a-b628-0a01f1a4959e,merchant_paymind_demo,cust_773,2026-08-01T12:45:00,17345.68,INR,wallet,route_b,ICICI,,Mumbai,android,order_2026,success,,843,0
84d55c01-67d2-4164-978c-818cfce805c8,merchant_paymind_demo,cust_735,2026-08-11T08:14:00,21239.29,INR,netbanking,route_b,Axis,,Mumbai,ios,order_2027,success,,622,0
a6955b89-e084-4bf1-9885-3e670da45f2e,merchant_paymind_demo,cust_1171,2026-08-09T09:16:00,23366.38,INR,wallet,route_a,Axis,,Bengaluru,ios,order_2028,success,,2390,0
1d3a5a13-6586-4481-981d-08566bafc0f4,merchant_paymind_demo,cust_242,2026-08-11T11:31:00,12192.11,INR,debit_card,route_c,Yes Bank,,Mumbai,web,order_2029,success,,865,0
178c4111-80ac-4ccd-90d3-7872b120341b,merchant_paymind_demo,cust_379,2026-08-18T20:12:00,1911.98,INR,netbanking,route_b,SBI,,Mumbai,web,order_2030,success,,1949,0
13b0f3bd-aeac-4bcb-b2fd-af6dc084d025,merchant_paymind_demo,cust_363,2026-08-04T16:51:00,3565.79,INR,credit_card,route_d,SBI,,Hyderabad,web,order_2031,success,,604,0
185fa25c-7c91-4199-ac7a-3e04ce3584bb,merchant_paymind_demo,cust_542,2026-08-17T09:45:00,18298.71,INR,netbanking,route_c,ICICI,,Mumbai,web,order_2032,success,,1719,0
b8d52be9-244d-486c-b855-1bc73677522a,merchant_paymind_demo,cust_93,2026-08-08T06:11:00,10906.19,INR,debit_card,route_b,HDFC,,Kolkata,web,order_2033,success,,879,0
14fe789c-9bbf-47ef-a94a-e92b6c01336c,merchant_paymind_demo,cust_752,2026-08-12T07:23:00,20771.09,INR,credit_card,route_a,Yes Bank,,Mumbai,android,order_2034,success,,1935,0
1bb77f30-f67d-4aa9-a5e5-bdab234b6908,merchant_paymind_demo,cust_701,2026-08-10T07:55:00,6913.97,INR,credit_card,route_a,Axis,,Delhi,android,order_2035,success,,857,0
30538a2c-6172-43e7-90c8-0b10bac47fb2,merchant_paymind_demo,cust_963,2026-08-05T01:00:00,12602.31,INR,debit_card,route_c,Yes Bank,,Kolkata,ios,order_2036,success,,320,0
1ca2318b-a16b-4834-99d8-e782a36b7a00,merchant_paymind_demo,cust_1066,2026-08-15T20:03:00,23635.73,INR,UPI,route_b,ICICI,paytm,Pune,ios,order_2037,success,,1284,0
530d5de3-d8ec-4511-a77a-b703d881f766,merchant_paymind_demo,cust_860,2026-08-02T15:35:00,9767.68,INR,UPI,route_c,HDFC,bhim,Mumbai,android,order_2038,success,,1739,0
5ccaadf5-5104-4762-9608-56ef7a02402f,merchant_paymind_demo,cust_121,2026-08-03T01:57:00,2948.41,INR,wallet,route_c,HDFC,,Hyderabad,android,order_2039,success,,2199,0
0ba1ce59-c35e-475b-a0b1-0935a639541a,merchant_paymind_demo,cust_177,2026-08-08T04:01:00,4688.95,INR,UPI,route_a,Yes Bank,gpay,Pune,ios,order_2040,success,,1231,0
937a3ae8-d66f-4ccf-a732-0f731472931d,merchant_paymind_demo,cust_1167,2026-08-04T02:21:00,5030.26,INR,netbanking,route_a,Axis,,Mumbai,ios,order_2041,success,,1585,0
cc3e5130-3310-4ddf-b6c7-253a06eb75db,merchant_paymind_demo,cust_991,2026-08-06T20:02:00,22655.97,INR,UPI,route_a,Kotak,,Kolkata,ios,order_2042,failed,invalid_otp,7727,0
3f8105de-eee1-42dd-b77b-a0100ccae409,merchant_paymind_demo,cust_289,2026-08-19T03:30:00,14208.8,INR,debit_card,route_d,Axis,,Hyderabad,web,order_2043,success,,1173,0
588cd207-e752-4b09-a466-ad749b06847a,merchant_paymind_demo,cust_527,2026-08-07T08:23:00,23915.92,INR,netbanking,route_a,Axis,,Kolkata,web,order_2044,success,,660,0
dca2c030-8163-4260-b6c2-b0bba905bf44,merchant_paymind_demo,cust_1055,2026-08-04T05:08:00,24436.24,INR,wallet,route_b,SBI,,Kolkata,web,order_2045,success,,638,0
bbbfe32d-1632-4ab5-b2d6-4940a1cb2ba8,merchant_paymind_demo,cust_145,2026-08-01T19:23:00,6482.53,INR,credit_card,route_a,ICICI,,Bengaluru,web,order_2046,success,,1951,0
5f4a4b80-8161-4523-8dae-3013404f873d,merchant_paymind_demo,cust_141,2026-08-11T15:44:00,22315.43,INR,credit_card,route_b,Yes Bank,,Bengaluru,ios,order_2047,success,,1348,0
e1bb2624-5fe0-4ea0-8b0a-b8528059e5f3,merchant_paymind_demo,cust_496,2026-08-08T16:15:00,21790.36,INR,wallet,route_b,Axis,,Hyderabad,android,order_2048,success,,1961,0
1ae7a238-efe1-4ac6-97d7-080f2fd85bff,merchant_paymind_demo,cust_892,2026-08-01T21:15:00,18646.03,INR,debit_card,route_d,ICICI,,Hyderabad,web,order_2049,success,,1197,0
76a3ba7c-4968-42bc-96a7-137c41dc1c3b,merchant_paymind_demo,cust_1110,2026-08-12T10:54:00,4921.04,INR,debit_card,route_c,ICICI,,Bengaluru,android,order_2050,success,,1867,0
b2d19b9b-a5fd-48d5-ab3b-8eccda0a845e,merchant_paymind_demo,cust_283,2026-08-13T07:01:00,1233.45,INR,debit_card,route_c,HDFC,,Chennai,ios,order_2051,success,,1433,0
ca74c74c-bc67-403e-b5f5-4d8e24c3802f,merchant_paymind_demo,cust_920,2026-08-15T02:32:00,8422.31,INR,UPI,route_a,SBI,bhim,Delhi,android,order_2052,success,,1048,0
0fb7c53f-18cc-4108-b255-5071541c9ad7,merchant_paymind_demo,cust_1108,2026-08-08T14:01:00,22562.72,INR,UPI,route_c,HDFC,gpay,Chennai,web,order_2053,success,,1567,0
7034790d-5aed-4581-8c16-d2ea000e4847,merchant_paymind_demo,cust_209,2026-08-06T07:33:00,2538.26,INR,UPI,route_a,HDFC,bhim,Kolkata,web,order_2054,success,,1888,0
783c1b5d-63e8-457c-95f7-04ddfd07f709,merchant_paymind_demo,cust_40,2026-08-04T05:43:00,8246.92,INR,UPI,route_c,Yes Bank,bhim,Pune,ios,order_2055,success,,521,0
a91cde93-39fe-4774-b79d-8fafa72394a7,merchant_paymind_demo,cust_49,2026-08-10T05:47:00,17941.31,INR,credit_card,route_c,ICICI,,Bengaluru,ios,order_2056,success,,640,0
6d6bd480-11dc-4f49-844b-3207082de5cc,merchant_paymind_demo,cust_170,2026-08-16T04:11:00,3424.07,INR,credit_card,route_d,SBI,,Kolkata,web,order_2057,success,,1763,0
40c9afaf-7157-4651-a1f0-5849286f3666,merchant_paymind_demo,cust_856,2026-08-18T06:48:00,20320.78,INR,UPI,route_a,HDFC,paytm,Mumbai,ios,order_2058,failed,bank_timeout,7893,0
c5c31d34-bbb6-499c-95c5-53a04570166d,merchant_paymind_demo,cust_711,2026-08-19T03:47:00,16384.18,INR,credit_card,route_c,Axis,,Pune,web,order_2059,success,,1691,0
fa7b5e5c-8546-4e5d-9c9f-69b492cf8271,merchant_paymind_demo,cust_90,2026-08-19T23:53:00,12333.2,INR,UPI,route_d,Yes Bank,phonepe,Kolkata,android,order_2060,success,,2199,0
a8d74b0a-091c-4d7a-a91d-c36bd85cdc0b,merchant_paymind_demo,cust_725,2026-08-17T02:49:00,18591.93,INR,wallet,route_c,Yes Bank,,Mumbai,android,order_2061,success,,569,0
d79ac32b-193d-4734-aad7-dee7c7bcb6d3,merchant_paymind_demo,cust_805,2026-08-07T13:12:00,23936.95,INR,UPI,route_b,SBI,gpay,Delhi,web,order_2062,failed,insufficient_funds,2024,0
a41859c7-f85d-49fe-8c04-2c4af2a8681b,merchant_paymind_demo,cust_65,2026-08-20T23:39:00,5402.1,INR,debit_card,route_a,Kotak,,Hyderabad,web,order_2063,success,,1464,0
8e0db7e3-254e-4aba-b649-b7a30342e063,merchant_paymind_demo,cust_615,2026-08-15T06:20:00,15355.1,INR,UPI,route_a,ICICI,paytm,Hyderabad,web,order_2064,success,,1013,0
96a4abce-21a8-4a8b-a0c9-0292ba37863d,merchant_paymind_demo,cust_499,2026-08-09T12:08:00,17166.32,INR,wallet,route_c,ICICI,,Mumbai,ios,order_2065,success,,1888,0
eeea9fe8-af32-40c1-92e2-bbe6552a0da9,merchant_paymind_demo,cust_835,2026-08-12T01:54:00,14256.39,INR,UPI,route_a,Yes Bank,gpay,Chennai,web,order_2066,failed,gateway_error,8752,0
5c8b995b-26ff-4143-b898-2c7b0201b2b8,merchant_paymind_demo,cust_1120,2026-08-09T19:16:00,17942.36,INR,wallet,route_d,SBI,,Mumbai,web,order_2067,success,,1289,0
4a0cd8f6-70b7-4383-9825-3adce56e0cd8,merchant_paymind_demo,cust_257,2026-08-17T07:23:00,22249.6,INR,netbanking,route_b,Yes Bank,,Delhi,web,order_2068,success,,1483,0
b7fcd502-5c4a-4810-b5f2-ba6359f8fe46,merchant_paymind_demo,cust_768,2026-08-20T14:42:00,5664.46,INR,debit_card,route_a,Axis,,Chennai,ios,order_2069,success,,1844,0
a3c10a60-55cb-48d4-a2ef-299416e439ca,merchant_paymind_demo,cust_17,2026-08-05T23:02:00,4058.97,INR,credit_card,route_c,HDFC,,Mumbai,ios,order_2070,success,,1170,0
c1045da4-ce83-4cac-9fd9-0655d20f236d,merchant_paymind_demo,cust_267,2026-08-09T21:37:00,4631.94,INR,netbanking,route_a,Axis,,Hyderabad,ios,order_2071,success,,1052,0
df24fd4f-6887-45bb-8fe4-e75db54f68cd,merchant_paymind_demo,cust_383,2026-08-16T01:15:00,23678.27,INR,wallet,route_b,ICICI,,Kolkata,android,order_2072,success,,1560,0
2f9e52e8-c598-4ed1-9c74-019f006ad036,merchant_paymind_demo,cust_143,2026-08-01T08:19:00,18443.86,INR,debit_card,route_a,Kotak,,Mumbai,web,order_2073,success,,2027,0
f43fecbb-bd82-4efe-967a-93dd92a0c3e0,merchant_paymind_demo,cust_12,2026-08-15T11:59:00,19119.42,INR,UPI,route_d,Kotak,paytm,Delhi,android,order_2074,success,,920,0
f6af9b7e-f6d8-4065-b457-4e84f57e93a4,merchant_paymind_demo,cust_805,2026-08-11T02:31:00,5537.6,INR,UPI,route_b,Kotak,gpay,Bengaluru,web,order_2075,success,,1670,0
b40a991d-a671-4b0c-9873-3262e973ad58,merchant_paymind_demo,cust_1153,2026-08-13T15:54:00,19759.36,INR,netbanking,route_d,SBI,,Kolkata,web,order_2076,success,,1062,0
eaeb74c7-fe56-4a1b-b038-928d63801e57,merchant_paymind_demo,cust_868,2026-08-08T02:13:00,4228.8,INR,UPI,route_a,ICICI,phonepe,Chennai,web,order_2077,success,,1033,0
af8b842a-cc75-4a7e-91bc-6b19402689b4,merchant_paymind_demo,cust_290,2026-08-11T09:53:00,9282.6,INR,UPI,route_b,HDFC,paytm,Chennai,ios,order_2078,success,,401,0
1845e968-15b3-4a61-9302-1bdc8a01c027,merchant_paymind_demo,cust_912,2026-08-03T14:33:00,2316.31,INR,wallet,route_c,ICICI,,Delhi,web,order_2079,success,,325,0
0c29ed4f-1358-4153-918d-efc506241bc7,merchant_paymind_demo,cust_345,2026-08-03T06:03:00,16193.52,INR,credit_card,route_b,HDFC,,Bengaluru,web,order_2080,success,,809,0
15e47f96-789a-440e-8315-1cf2ec236011,merchant_paymind_demo,cust_1002,2026-08-17T10:44:00,156.68,INR,wallet,route_c,Kotak,,Mumbai,ios,order_2081,success,,735,0
5e961185-74eb-4441-bb02-34ab406f6648,merchant_paymind_demo,cust_434,2026-08-13T04:28:00,9317.14,INR,UPI,route_a,Yes Bank,,Bengaluru,web,order_2082,success,,2199,0
d39afd58-768e-41a8-8d2d-94c3324e7de5,merchant_paymind_demo,cust_193,2026-08-09T16:28:00,13922.52,INR,netbanking,route_a,Yes Bank,,Mumbai,ios,order_2083,success,,1268,0
77b9900e-b972-4455-a05f-2328b0bfc68c,merchant_paymind_demo,cust_443,2026-08-02T12:40:00,13709.85,INR,netbanking,route_d,Kotak,,Delhi,web,order_2084,success,,2264,0
ddd1e579-767c-4cdd-989b-93593f8fd9c4,merchant_paymind_demo,cust_566,2026-08-08T13:09:00,24038.05,INR,credit_card,route_c,HDFC,,Pune,android,order_2085,success,,2404,0
d1a48aee-e9b0-4710-808e-72c8ade4ca04,merchant_paymind_demo,cust_977,2026-08-04T16:45:00,80.42,INR,credit_card,route_b,Kotak,,Delhi,web,order_2086,success,,1506,0
27ee5241-014a-4d21-a417-4d25814b4721,merchant_paymind_demo,cust_469,2026-08-04T01:52:00,16579.01,INR,wallet,route_b,HDFC,,Bengaluru,android,order_2087,success,,1436,0
6e186dfe-7698-413e-8935-2ff2b125c5f6,merchant_paymind_demo,cust_571,2026-08-15T21:37:00,5324.99,INR,debit_card,route_b,Yes Bank,,Kolkata,web,order_2088,success,,749,0
4936ef1b-2c63-40d7-bc6b-fea5b73efc50,merchant_paymind_demo,cust_738,2026-08-14T03:16:00,15080.96,INR,UPI,route_b,Yes Bank,gpay,Pune,android,order_2089,success,,353,0
7be667f6-107c-46d1-a61f-923e3fc0e76f,merchant_paymind_demo,cust_426,2026-08-02T03:41:00,6961.11,INR,credit_card,route_b,ICICI,,Kolkata,android,order_2090,failed,bank_timeout,7873,0
1a964160-8576-4689-bd43-443bbf922499,merchant_paymind_demo,cust_261,2026-08-16T19:48:00,21901.47,INR,netbanking,route_b,SBI,,Pune,android,order_2091,success,,469,0
ca5073d7-5c2b-497b-8132-e151094fbf04,merchant_paymind_demo,cust_856,2026-08-08T15:12:00,22164.08,INR,credit_card,route_d,SBI,,Chennai,android,order_2092,success,,311,0
1bde7cc7-713d-4dec-91f4-e94b14e03c0d,merchant_paymind_demo,cust_473,2026-08-19T20:17:00,11027.26,INR,UPI,route_d,SBI,bhim,Hyderabad,android,order_2093,success,,2500,0
9e895f4a-3f43-4f53-9e8e-604fdf92a003,merchant_paymind_demo,cust_146,2026-08-16T13:26:00,621.8,INR,credit_card,route_b,Kotak,,Mumbai,ios,order_2094,success,,603,0
c70cc615-f3cc-41e4-86e1-41f7e5eccbce,merchant_paymind_demo,cust_84,2026-08-20T14:00:00,23625.01,INR,netbanking,route_b,HDFC,,Kolkata,android,order_2095,success,,1379,0
e233d819-90a4-4ceb-a81d-1dc9d0b47145,merchant_paymind_demo,cust_1109,2026-08-19T16:28:00,6933.85,INR,credit_card,route_d,Axis,,Delhi,android,order_2096,success,,632,0
c64839e0-216a-4629-96ae-74d821f3b022,merchant_paymind_demo,cust_860,2026-08-12T01:53:00,399.1,INR,credit_card,route_a,SBI,,Chennai,web,order_2097,success,,1809,0
6d028e17-fc31-4caf-87de-f91b80933ea1,merchant_paymind_demo,cust_806,2026-08-11T11:29:00,23853.47,INR,netbanking,route_a,Axis,,Delhi,web,order_2098,success,,1913,0
061db2d0-b0ad-4af2-a154-5380502ed8ac,merchant_paymind_demo,cust_1049,2026-08-19T07:11:00,9873.22,INR,credit_card,route_c,HDFC,,Bengaluru,web,order_2099,success,,1475,0
33f14a12-5e25-4348-b74e-53d107976a8c,merchant_paymind_demo,cust_75,2026-08-11T00:49:00,24134.54,INR,debit_card,route_d,ICICI,,Pune,ios,order_2100,success,,1072,0
2ca7336b-adec-4a93-b490-15a85073f7d7,merchant_paymind_demo,cust_705,2026-08-01T04:39:00,7592.41,INR,credit_card,route_d,ICICI,,Chennai,android,order_2101,success,,830,0
555046dc-5990-4ba7-831b-9dcb64999b25,merchant_paymind_demo,cust_889,2026-08-19T23:29:00,2980.91,INR,credit_card,route_c,ICICI,,Bengaluru,android,order_2102,success,,1983,0
b12266da-91f0-4311-b51b-1ed6e547ddf9,merchant_paymind_demo,cust_704,2026-08-15T21:28:00,13892.39,INR,credit_card,route_c,SBI,,Pune,android,order_2103,success,,715,0
f7862197-b6f6-41cd-93ef-07c3a1e0dc1b,merchant_paymind_demo,cust_81,2026-08-13T03:31:00,18387.06,INR,wallet,route_a,Yes Bank,,Hyderabad,ios,order_2104,success,,904,0
e56b0b5b-9298-4946-9480-4a662859201a,merchant_paymind_demo,cust_174,2026-08-15T23:21:00,15039.59,INR,credit_card,route_d,SBI,,Delhi,android,order_2105,success,,1687,0
f29782be-3bb6-4f89-bb26-53b3d74a9f62,merchant_paymind_demo,cust_577,2026-08-11T11:43:00,24354.0,INR,credit_card,route_b,SBI,,Pune,android,order_2106,success,,1793,0
fc89aa8e-e761-4cf6-bcf5-166a2a70c0c1,merchant_paymind_demo,cust_503,2026-08-06T22:23:00,23733.42,INR,wallet,route_a,Yes Bank,,Delhi,android,order_2107,success,,622,0
2fa1be63-6932-4c16-8b9c-c949ead76eca,merchant_paymind_demo,cust_1084,2026-08-12T08:47:00,10171.41,INR,debit_card,route_c,Yes Bank,,Bengaluru,ios,order_2108,success,,2212,0
fe2d727b-b16d-45f6-b738-67da8eab8a87,merchant_paymind_demo,cust_1155,2026-08-16T08:42:00,6750.65,INR,netbanking,route_c,Axis,,Chennai,web,order_2109,success,,1398,0
c041f0a4-e238-49c0-877e-d325789b80eb,merchant_paymind_demo,cust_739,2026-08-06T11:01:00,10942.82,INR,debit_card,route_d,SBI,,Chennai,ios,order_2110,success,,2359,0
469719b6-7d53-496e-b0b2-ff9707a1f90a,merchant_paymind_demo,cust_131,2026-08-10T19:19:00,5255.11,INR,netbanking,route_c,ICICI,,Mumbai,android,order_2111,success,,1705,0
5df62586-7108-4d7b-8c21-da0ecd06f2a9,merchant_paymind_demo,cust_1097,2026-08-16T21:03:00,22711.06,INR,debit_card,route_c,Kotak,,Bengaluru,web,order_2112,success,,658,0
1ab0ea0f-75ae-4667-8db6-18c446e40606,merchant_paymind_demo,cust_818,2026-08-14T13:27:00,3607.75,INR,debit_card,route_c,Kotak,,Chennai,ios,order_2113,success,,1537,0
03be5f5f-04ee-4353-a365-70c0e9fc7c5c,merchant_paymind_demo,cust_491,2026-08-01T07:23:00,11357.35,INR,netbanking,route_c,ICICI,,Delhi,ios,order_2114,success,,786,0
f19b348f-7807-47c7-a0a7-5016e139cbde,merchant_paymind_demo,cust_251,2026-08-19T12:21:00,7183.58,INR,debit_card,route_c,Yes Bank,,Hyderabad,web,order_2115,success,,1100,0
4be35305-3a94-4226-87b7-07b255922b43,merchant_paymind_demo,cust_323,2026-08-10T10:53:00,20423.62,INR,credit_card,route_c,SBI,,Bengaluru,android,order_2116,success,,528,0
676040a1-d866-467a-8584-132839929b88,merchant_paymind_demo,cust_451,2026-08-15T23:14:00,19269.48,INR,netbanking,route_b,HDFC,,Pune,android,order_2117,success,,422,0
84ec1ac6-e0d3-4308-b78b-4a02c01d4ca4,merchant_paymind_demo,cust_250,2026-08-12T06:42:00,23506.66,INR,wallet,route_c,ICICI,,Delhi,android,order_2118,success,,625,0
fc938bdc-6659-4b93-9f41-c2ace8742dcb,merchant_paymind_demo,cust_915,2026-08-03T02:27:00,22907.95,INR,debit_card,route_c,SBI,,Delhi,android,order_2119,success,,1785,0
c4ecfe53-0cfa-4af8-a55d-049df0496d63,merchant_paymind_demo,cust_361,2026-08-10T20:26:00,22235.04,INR,debit_card,route_d,SBI,,Bengaluru,web,order_2120,success,,2340,0
63df5aee-be8c-484d-99f0-188745d12551,merchant_paymind_demo,cust_398,2026-08-15T15:03:00,24123.59,INR,UPI,route_a,Yes Bank,,Chennai,ios,order_2121,success,,904,0
addade12-531b-4e8e-9706-109d06cf3edf,merchant_paymind_demo,cust_948,2026-08-11T07:22:00,3344.82,INR,credit_card,route_d,Axis,,Pune,ios,order_2122,success,,1965,0
6ceb39cb-0314-4a7a-89c6-e11d9b933864,merchant_paymind_demo,cust_7,2026-08-03T12:52:00,7002.5,INR,credit_card,route_a,Yes Bank,,Kolkata,android,order_2123,success,,1762,0
ea9bb223-15e4-47dc-8817-f4c956e7d358,merchant_paymind_demo,cust_1100,2026-08-02T10:20:00,663.44,INR,credit_card,route_c,SBI,,Pune,web,order_2124,success,,486,0
10bacc0e-a2c5-4d9f-8d1b-6419c0faf125,merchant_paymind_demo,cust_312,2026-08-12T00:14:00,21415.55,INR,UPI,route_b,Yes Bank,phonepe,Mumbai,ios,order_2125,failed,bank_timeout,4619,0
4e8eb5b4-eca5-4a99-9885-2cbb5251a665,merchant_paymind_demo,cust_400,2026-08-03T17:29:00,10664.29,INR,netbanking,route_c,ICICI,,Hyderabad,web,order_2126,success,,805,0
0cb22eab-0738-4f91-8b90-d2c22a42b08a,merchant_paymind_demo,cust_1084,2026-08-19T08:15:00,15707.29,INR,credit_card,route_a,Axis,,Delhi,android,order_2127,success,,1112,0
99dea862-184e-4ca6-b6c3-c87814276494,merchant_paymind_demo,cust_709,2026-08-08T23:43:00,17744.22,INR,UPI,route_d,ICICI,gpay,Hyderabad,web,order_2128,success,,1063,0
1b0fedf9-a850-4537-a6fb-440e6fd60b51,merchant_paymind_demo,cust_993,2026-08-18T20:13:00,6190.97,INR,wallet,route_b,Yes Bank,,Bengaluru,web,order_2129,success,,1742,0
d705eb24-6d67-462f-809c-dd0fd44dcc09,merchant_paymind_demo,cust_304,2026-08-04T20:17:00,3811.87,INR,credit_card,route_d,ICICI,,Pune,web,order_2130,success,,1078,0
8866cdb5-2518-4330-9bb8-e6542d9c7fbb,merchant_paymind_demo,cust_357,2026-08-01T00:46:00,7218.87,INR,wallet,route_d,Yes Bank,,Pune,android,order_2131,success,,1750,0
0e9479e4-33af-4a88-9e64-50253bd29d54,merchant_paymind_demo,cust_867,2026-08-10T17:06:00,2223.33,INR,credit_card,route_c,HDFC,,Chennai,ios,order_2132,success,,675,0
9c58f609-75da-457b-bda1-e7a4e841892d,merchant_paymind_demo,cust_941,2026-08-02T00:52:00,12810.69,INR,UPI,route_d,Kotak,bhim,Kolkata,android,order_2133,success,,2371,0
4f83a3d8-cd06-468b-a237-57c01120876e,merchant_paymind_demo,cust_410,2026-08-09T16:08:00,1012.43,INR,credit_card,route_a,Axis,,Mumbai,android,order_2134,success,,1923,0
ca60f70b-6af9-442b-86c3-c9f05fabc052,merchant_paymind_demo,cust_1134,2026-08-06T01:23:00,22329.06,INR,UPI,route_b,Yes Bank,gpay,Kolkata,ios,order_2135,success,,2080,0
55ac021b-d100-49e4-99c2-1233c870297f,merchant_paymind_demo,cust_529,2026-08-18T17:37:00,10093.3,INR,debit_card,route_b,SBI,,Chennai,ios,order_2136,success,,836,0
964b6e78-5610-4165-9548-23dbaad02821,merchant_paymind_demo,cust_444,2026-08-16T17:17:00,24562.67,INR,credit_card,route_b,ICICI,,Pune,web,order_2137,success,,369,0
669736c3-7961-49af-bf98-e96e0cea4634,merchant_paymind_demo,cust_599,2026-08-06T18:35:00,24928.6,INR,UPI,route_c,Kotak,,Delhi,web,order_2138,success,,1054,0
174886a7-71e7-43a4-a602-b72ffbb7144e,merchant_paymind_demo,cust_725,2026-08-10T05:11:00,1476.14,INR,credit_card,route_b,Kotak,,Bengaluru,android,order_2139,success,,1822,0
bcd03d49-1260-4500-8099-e19665bd63d5,merchant_paymind_demo,cust_497,2026-08-19T22:59:00,22432.37,INR,UPI,route_d,ICICI,gpay,Kolkata,web,order_2140,success,,769,0
4fd9704f-08db-4112-b68c-9b00345835d6,merchant_paymind_demo,cust_813,2026-08-16T13:22:00,19834.92,INR,wallet,route_c,HDFC,,Kolkata,android,order_2141,success,,325,0
c2196a4d-fe4b-4435-86ee-db97564c8f62,merchant_paymind_demo,cust_470,2026-08-20T11:54:00,13994.32,INR,netbanking,route_c,HDFC,,Pune,web,order_2142,success,,1626,0
212c1040-fa62-4956-97e9-af6276377b24,merchant_paymind_demo,cust_147,2026-08-06T00:00:00,19380.47,INR,credit_card,route_b,Axis,,Pune,android,order_2143,failed,invalid_otp,7439,0
cd739dbc-52f2-4a92-b17a-9fbf3112a563,merchant_paymind_demo,cust_970,2026-08-15T22:43:00,9166.11,INR,netbanking,route_a,SBI,,Pune,ios,order_2144,success,,2250,0
ebb59743-2252-48fb-9db0-b990f6e45a3f,merchant_paymind_demo,cust_515,2026-08-13T22:34:00,1864.4,INR,UPI,route_b,Yes Bank,gpay,Bengaluru,android,order_2145,success,,2053,0
28c1b7c9-1ede-45f4-bf24-2ba2814c9166,merchant_paymind_demo,cust_1160,2026-08-18T10:34:00,22961.88,INR,debit_card,route_c,SBI,,Chennai,ios,order_2146,success,,369,0
389e454b-d1a9-461a-8ef1-a85275740238,merchant_paymind_demo,cust_188,2026-08-14T02:41:00,18036.37,INR,wallet,route_b,Kotak,,Bengaluru,ios,order_2147,success,,2334,0
b04fea4d-936f-41dd-8cdf-907f312ad724,merchant_paymind_demo,cust_124,2026-08-11T20:35:00,20095.53,INR,debit_card,route_b,HDFC,,Bengaluru,android,order_2148,success,,2080,0
6415ed7d-b173-4712-97f0-50c385d036be,merchant_paymind_demo,cust_146,2026-08-15T04:06:00,21678.59,INR,credit_card,route_d,HDFC,,Delhi,web,order_2149,success,,667,0
88c3ef7a-f3ed-49e6-b5e2-86e26afd5759,merchant_paymind_demo,cust_414,2026-08-14T00:09:00,6129.09,INR,credit_card,route_d,Kotak,,Chennai,ios,order_2150,success,,2478,0
a021064c-cb70-43fe-bf4c-df3173dad3f3,merchant_paymind_demo,cust_832,2026-08-01T19:50:00,14181.55,INR,wallet,route_d,ICICI,,Mumbai,android,order_2151,success,,2046,0
29d7c9bb-8879-4ee8-84cc-590a659de93d,merchant_paymind_demo,cust_474,2026-08-02T19:38:00,19957.35,INR,netbanking,route_b,ICICI,,Chennai,web,order_2152,success,,1894,0
3d21b30f-8f38-4cee-9616-f0fed39c0de0,merchant_paymind_demo,cust_695,2026-08-16T19:48:00,14440.55,INR,UPI,route_d,Yes Bank,,Chennai,ios,order_2153,success,,1271,0
5becbb36-279b-43cc-98c3-051733ecf472,merchant_paymind_demo,cust_1171,2026-08-16T21:21:00,17339.57,INR,credit_card,route_b,HDFC,,Hyderabad,android,order_2154,success,,1865,0
409451eb-8e7c-4593-a46b-5410b8419959,merchant_paymind_demo,cust_64,2026-08-12T15:53:00,16819.23,INR,debit_card,route_c,ICICI,,Delhi,android,order_2155,success,,892,0
89c900e4-ca77-40de-b49d-ad67a482bae6,merchant_paymind_demo,cust_142,2026-08-09T00:13:00,21062.01,INR,UPI,route_c,Axis,bhim,Bengaluru,ios,order_2156,success,,2168,0
4efb0754-9c7b-43ff-ade4-2dd87a2491da,merchant_paymind_demo,cust_103,2026-08-01T00:39:00,3550.0,INR,debit_card,route_d,Axis,,Bengaluru,ios,order_2157,success,,2082,0
ec6eae71-d297-464d-949f-d736a6e72dc3,merchant_paymind_demo,cust_1173,2026-08-11T04:34:00,14847.49,INR,netbanking,route_c,HDFC,,Chennai,android,order_2158,success,,1879,0
5bc29de1-e4e5-468e-a926-f97b3b60d511,merchant_paymind_demo,cust_70,2026-08-06T20:19:00,21454.63,INR,debit_card,route_a,HDFC,,Chennai,android,order_2159,success,,1745,0
ff763b3b-7424-4847-9a7a-da4111bb60f9,merchant_paymind_demo,cust_964,2026-08-05T12:46:00,988.99,INR,debit_card,route_d,SBI,,Hyderabad,ios,order_2160,success,,1063,0
72da1d75-aa62-40eb-b754-dff65abd40bc,merchant_paymind_demo,cust_226,2026-08-15T10:47:00,14157.54,INR,netbanking,route_c,ICICI,,Hyderabad,web,order_2161,success,,1857,0
fdc67dd7-22d4-49c7-a941-29148bc3d76a,merchant_paymind_demo,cust_102,2026-08-16T19:24:00,9305.5,INR,credit_card,route_d,Yes Bank,,Mumbai,android,order_2162,success,,1807,0
4d0bbbe5-5ecb-472f-b6c4-a3873cb844dd,merchant_paymind_demo,cust_1084,2026-08-04T15:58:00,11593.68,INR,debit_card,route_b,Axis,,Bengaluru,android,order_2163,success,,620,0
5bef5a07-85a4-4604-965e-9688b1fcbcb3,merchant_paymind_demo,cust_1075,2026-08-15T03:01:00,21255.98,INR,debit_card,route_c,Kotak,,Chennai,ios,order_2164,success,,1453,0
bb6b78ab-5972-4bcc-bc04-2c42929019e8,merchant_paymind_demo,cust_508,2026-08-07T19:02:00,24310.75,INR,netbanking,route_c,SBI,,Pune,android,order_2165,success,,1559,0
471c0670-c144-4ee1-b6e1-a12c5a96d0c3,merchant_paymind_demo,cust_626,2026-08-14T22:13:00,3076.74,INR,debit_card,route_b,Kotak,,Delhi,web,order_2166,success,,1358,0
268f4efc-355b-4170-a48b-2b01acd9df53,merchant_paymind_demo,cust_584,2026-08-06T03:39:00,14394.25,INR,debit_card,route_c,Axis,,Bengaluru,android,order_2167,success,,2453,0
c1682f4e-b5e0-4097-a916-a600615012e7,merchant_paymind_demo,cust_460,2026-08-02T02:04:00,14853.36,INR,wallet,route_d,ICICI,,Hyderabad,web,order_2168,success,,2253,0
77a064a6-9118-4793-8a04-7edc29063915,merchant_paymind_demo,cust_1092,2026-08-15T14:54:00,19274.9,INR,credit_card,route_c,HDFC,,Delhi,android,order_2169,success,,724,0
c501ad3c-4f1c-4f3c-87a0-0a8491235fed,merchant_paymind_demo,cust_1170,2026-08-11T03:19:00,3270.76,INR,UPI,route_b,HDFC,bhim,Kolkata,android,order_2170,success,,2261,0
e37eb36b-97ab-42e6-b320-610960a5b4c1,merchant_paymind_demo,cust_1063,2026-08-08T21:54:00,4858.27,INR,debit_card,route_d,SBI,,Bengaluru,ios,order_2171,success,,840,0
ddce2c3c-479b-4988-88ed-8ead7fdc3021,merchant_paymind_demo,cust_21,2026-08-01T23:26:00,7579.19,INR,credit_card,route_d,SBI,,Chennai,android,order_2172,failed,bank_timeout,7927,0
736e9a86-6dd9-4fa1-b397-2df3a3bb7ca5,merchant_paymind_demo,cust_112,2026-08-19T17:26:00,733.28,INR,wallet,route_c,HDFC,,Delhi,android,order_2173,success,,1135,0
a331989c-629c-446e-a859-bef0ba2b26d6,merchant_paymind_demo,cust_806,2026-08-20T16:02:00,8938.16,INR,netbanking,route_d,ICICI,,Bengaluru,web,order_2174,success,,1681,0
5b2d0353-0049-4b5b-9c13-c9d829d09e7c,merchant_paymind_demo,cust_1138,2026-08-10T18:58:00,24272.77,INR,netbanking,route_a,Kotak,,Hyderabad,android,order_2175,success,,581,0
4adb4675-587a-432c-997c-1162a6076390,merchant_paymind_demo,cust_1132,2026-08-07T18:56:00,4769.36,INR,debit_card,route_c,Axis,,Chennai,android,order_2176,success,,646,0
f6957066-60d9-49a1-b244-5f23c576c1d4,merchant_paymind_demo,cust_1111,2026-08-13T12:46:00,9306.12,INR,UPI,route_b,SBI,phonepe,Delhi,ios,order_2177,success,,945,0
c7dc815a-b4d3-4e38-8fba-e1f79eda5f97,merchant_paymind_demo,cust_510,2026-08-05T10:26:00,7785.18,INR,credit_card,route_c,ICICI,,Bengaluru,ios,order_2178,failed,bank_timeout,7374,0
0f18eb4d-6355-439f-b9ee-6859d49bf22b,merchant_paymind_demo,cust_476,2026-08-16T02:14:00,11296.52,INR,UPI,route_d,Kotak,bhim,Kolkata,web,order_2179,failed,insufficient_funds,2267,0
5d35fa6c-b97b-4e6f-9867-f6010b0c11b4,merchant_paymind_demo,cust_643,2026-08-17T04:10:00,17710.77,INR,wallet,route_b,Kotak,,Kolkata,ios,order_2180,success,,1862,0
48cf3f77-cdfe-4ce8-8c84-de53e69c8371,merchant_paymind_demo,cust_314,2026-08-19T07:28:00,16362.77,INR,wallet,route_d,Axis,,Bengaluru,android,order_2181,success,,2207,0
3ed98630-40c5-4e64-b84f-31e8e441126f,merchant_paymind_demo,cust_77,2026-08-07T20:59:00,5235.59,INR,debit_card,route_c,HDFC,,Delhi,android,order_2182,success,,2497,0
4224a958-0de5-48cc-bcce-def5013cf473,merchant_paymind_demo,cust_335,2026-08-04T16:27:00,20385.92,INR,debit_card,route_c,Axis,,Chennai,ios,order_2183,success,,1042,0
09801823-1dd4-43b1-a9bb-c859ec776783,merchant_paymind_demo,cust_327,2026-08-05T12:39:00,5065.99,INR,netbanking,route_b,Kotak,,Kolkata,android,order_2184,success,,338,0
3a4e3dcf-0d49-4b14-b10a-fadca6091f6a,merchant_paymind_demo,cust_677,2026-08-10T03:08:00,14361.74,INR,credit_card,route_a,ICICI,,Delhi,android,order_2185,failed,bank_timeout,2179,0
f8dbf9e4-04b7-4c94-b7cd-8faf23073679,merchant_paymind_demo,cust_837,2026-08-11T15:50:00,11052.28,INR,credit_card,route_a,Yes Bank,,Chennai,ios,order_2186,success,,1795,0
bb54b291-5865-4c0b-963f-0f69f3ce740d,merchant_paymind_demo,cust_875,2026-08-04T05:32:00,19408.85,INR,UPI,route_c,SBI,phonepe,Pune,android,order_2187,success,,1010,0
065887ae-0438-4271-812b-b20841b292b2,merchant_paymind_demo,cust_432,2026-08-02T06:36:00,2002.14,INR,debit_card,route_b,ICICI,,Pune,web,order_2188,success,,1358,0
2abd7ee3-37f1-43bd-960c-395cb6047f5b,merchant_paymind_demo,cust_60,2026-08-05T22:23:00,6807.79,INR,netbanking,route_b,HDFC,,Delhi,web,order_2189,success,,1512,0
38f16298-818f-4809-86a0-5c40dc7703d3,merchant_paymind_demo,cust_1191,2026-08-19T10:05:00,18547.9,INR,netbanking,route_a,HDFC,,Chennai,web,order_2190,success,,967,0
cef270be-b676-407e-888f-bece5f1b9175,merchant_paymind_demo,cust_272,2026-08-07T15:50:00,1350.37,INR,credit_card,route_c,HDFC,,Chennai,web,order_2191,success,,1994,0
6c81d5f6-2eb0-4eb7-bfd4-19ca1adab8e0,merchant_paymind_demo,cust_1120,2026-08-11T12:37:00,18254.7,INR,debit_card,route_a,Axis,,Pune,web,order_2192,success,,2328,0
28573ed3-a990-4fd7-83df-cbb2b0c26ef5,merchant_paymind_demo,cust_848,2026-08-03T09:49:00,15576.35,INR,debit_card,route_b,SBI,,Mumbai,ios,order_2193,success,,1773,0
cbf83753-2e11-49d8-8003-068c375b1346,merchant_paymind_demo,cust_903,2026-08-04T12:09:00,19726.06,INR,wallet,route_d,Yes Bank,,Delhi,ios,order_2194,success,,2371,0
1e0aae59-13bd-460d-991a-a86f96668293,merchant_paymind_demo,cust_649,2026-08-14T15:01:00,1050.58,INR,UPI,route_c,Axis,bhim,Kolkata,web,order_2195,success,,1454,0
49cb7c90-d9e6-4622-93c6-db69a1af7ca6,merchant_paymind_demo,cust_302,2026-08-06T15:06:00,12162.42,INR,debit_card,route_b,Axis,,Hyderabad,android,order_2196,success,,1063,0
2109e897-244a-4751-87dd-cb47343a46e4,merchant_paymind_demo,cust_177,2026-08-02T01:44:00,3024.68,INR,UPI,route_d,Kotak,gpay,Delhi,web,order_2197,success,,1719,0
c39b3467-759c-4c74-b87d-df48ce9897d0,merchant_paymind_demo,cust_103,2026-08-16T05:41:00,22912.45,INR,wallet,route_a,Axis,,Kolkata,android,order_2198,success,,2285,0
dd00b1f7-d20a-4c34-b393-f07a4284cc20,merchant_paymind_demo,cust_462,2026-08-14T14:43:00,3818.71,INR,debit_card,route_a,Kotak,,Hyderabad,web,order_2199,success,,1331,0
c5a38f93-40eb-4fbb-be7d-f6a6e8235a0c,merchant_paymind_demo,cust_652,2026-08-17T17:31:00,22149.45,INR,debit_card,route_a,Axis,,Mumbai,android,order_2200,success,,1018,0
f52dc683-0777-4c9b-92d4-363e5521772e,merchant_paymind_demo,cust_795,2026-08-18T00:44:00,6400.45,INR,credit_card,route_b,Kotak,,Chennai,android,order_2201,success,,969,0
c35dce66-b987-4295-8f56-9a21e29e7d21,merchant_paymind_demo,cust_593,2026-08-04T09:43:00,3651.33,INR,UPI,route_d,ICICI,bhim,Pune,ios,order_2202,success,,1367,0
85fde3b2-ad61-4e55-a609-ba246fa1ea9f,merchant_paymind_demo,cust_784,2026-08-20T08:12:00,23954.94,INR,wallet,route_b,Yes Bank,,Pune,android,order_2203,success,,1100,0
e1e122a0-7391-4fc8-a591-dc8e0c649e1d,merchant_paymind_demo,cust_603,2026-08-07T20:57:00,11098.32,INR,credit_card,route_a,SBI,,Hyderabad,web,order_2204,success,,2344,0
ef8ed54b-fd1b-43fd-8a60-de68ff88eaed,merchant_paymind_demo,cust_678,2026-08-01T06:24:00,6810.5,INR,wallet,route_a,ICICI,,Mumbai,ios,order_2205,success,,1846,0
bb231113-94c3-45e1-adcf-02247b41cf23,merchant_paymind_demo,cust_147,2026-08-14T22:16:00,19163.91,INR,wallet,route_c,ICICI,,Kolkata,web,order_2206,success,,2135,0
81624538-fb9a-46b0-acce-06075ed23d73,merchant_paymind_demo,cust_373,2026-08-10T00:57:00,10707.11,INR,netbanking,route_b,ICICI,,Hyderabad,web,order_2207,success,,1596,0
799232be-a95d-40f5-ae54-d59b6599d878,merchant_paymind_demo,cust_379,2026-08-11T07:02:00,23035.98,INR,netbanking,route_d,SBI,,Kolkata,android,order_2208,success,,955,0
c224afc1-5742-4085-9ec6-e4999efde19d,merchant_paymind_demo,cust_36,2026-08-10T12:28:00,2059.81,INR,debit_card,route_d,SBI,,Hyderabad,android,order_2209,success,,880,0
077ba12e-98c9-4f18-a45b-734fbe68cb23,merchant_paymind_demo,cust_756,2026-08-14T00:46:00,18141.94,INR,wallet,route_b,ICICI,,Hyderabad,ios,order_2210,success,,779,0
c16f348f-11bd-4fff-92b6-4bae4a691028,merchant_paymind_demo,cust_841,2026-08-05T23:15:00,1098.94,INR,UPI,route_c,SBI,,Chennai,android,order_2211,success,,2085,0
85316e7d-4cf6-4bde-9bd9-8e171b2bab8e,merchant_paymind_demo,cust_316,2026-08-15T16:40:00,10244.71,INR,credit_card,route_c,Yes Bank,,Kolkata,android,order_2212,success,,475,0
7c581735-a872-4361-b516-d177f7134596,merchant_paymind_demo,cust_687,2026-08-16T02:13:00,6517.26,INR,netbanking,route_a,Yes Bank,,Pune,web,order_2213,success,,1691,0
3d95e6a9-4676-4f94-b1df-e5ae1cad1542,merchant_paymind_demo,cust_220,2026-08-06T01:48:00,16384.8,INR,UPI,route_a,HDFC,paytm,Hyderabad,web,order_2214,success,,1219,0
91809b69-dd46-4a16-b5cf-b5412e9fd0c2,merchant_paymind_demo,cust_172,2026-08-05T00:32:00,21270.07,INR,credit_card,route_a,ICICI,,Kolkata,android,order_2215,success,,1824,0
58b3101f-904f-4eab-b35f-eb5da825a5e0,merchant_paymind_demo,cust_231,2026-08-17T04:25:00,9343.61,INR,debit_card,route_b,Axis,,Hyderabad,ios,order_2216,success,,2494,0
62bcbdbc-03f0-4b5f-ab33-4dc3c2ad53f7,merchant_paymind_demo,cust_611,2026-08-01T04:36:00,2644.33,INR,netbanking,route_a,Kotak,,Bengaluru,ios,order_2217,success,,2500,0
4e6caef6-aa3d-43d3-9b03-94849f79aeeb,merchant_paymind_demo,cust_626,2026-08-18T01:38:00,3382.45,INR,UPI,route_a,HDFC,bhim,Delhi,web,order_2218,success,,2358,0
fe0e4702-0b2f-4db1-84e1-7f9c7b3cf30a,merchant_paymind_demo,cust_1075,2026-08-11T22:23:00,6151.57,INR,netbanking,route_c,Kotak,,Bengaluru,web,order_2219,success,,1888,0
ead78bcd-a702-4472-af2a-7dbee2cf4a05,merchant_paymind_demo,cust_818,2026-08-18T01:01:00,7804.27,INR,netbanking,route_a,Kotak,,Chennai,web,order_2220,success,,829,0
502e0495-8774-4d2b-8858-0d254d6701f2,merchant_paymind_demo,cust_370,2026-08-03T13:03:00,15282.35,INR,credit_card,route_d,ICICI,,Delhi,android,order_2221,success,,1091,0
91496523-c8e2-45e7-bb29-eb1055dc39f9,merchant_paymind_demo,cust_131,2026-08-02T00:50:00,7143.84,INR,credit_card,route_c,Kotak,,Delhi,android,order_2222,failed,invalid_otp,8002,0
1051b564-0785-4bef-9c1e-c12a987df74c,merchant_paymind_demo,cust_1164,2026-08-18T13:52:00,21553.71,INR,netbanking,route_a,HDFC,,Chennai,web,order_2223,success,,2128,0
6858477e-e27a-4620-a53c-9baf6db70e9c,merchant_paymind_demo,cust_833,2026-08-14T09:11:00,15254.79,INR,credit_card,route_c,Kotak,,Pune,web,order_2224,success,,695,0
9b25fb50-876d-446d-acc4-f2c516c18ad7,merchant_paymind_demo,cust_408,2026-08-03T12:33:00,18397.13,INR,credit_card,route_a,HDFC,,Delhi,ios,order_2225,success,,2029,0
c29d7768-5d2e-4b7f-b160-2e378d851983,merchant_paymind_demo,cust_345,2026-08-17T01:41:00,103.17,INR,netbanking,route_a,SBI,,Delhi,web,order_2226,failed,bank_timeout,6417,0
6261c412-d5cb-4d42-a853-a5da74269245,merchant_paymind_demo,cust_812,2026-08-05T06:58:00,21830.56,INR,debit_card,route_a,SBI,,Pune,android,order_2227,success,,1637,0
b910a901-6f84-4af5-b93b-6eca8001d230,merchant_paymind_demo,cust_1085,2026-08-06T08:18:00,13768.34,INR,credit_card,route_a,SBI,,Hyderabad,web,order_2228,success,,962,0
e665d482-52d1-4603-8359-41ac1b3c7925,merchant_paymind_demo,cust_351,2026-08-16T00:26:00,19469.92,INR,netbanking,route_a,HDFC,,Chennai,ios,order_2229,success,,2487,0
cedd339a-758b-45be-a9fb-259cde0b8820,merchant_paymind_demo,cust_937,2026-08-18T05:01:00,10931.89,INR,netbanking,route_b,ICICI,,Delhi,web,order_2230,success,,1147,0
69a86b6c-6330-40c0-af96-415b03942eef,merchant_paymind_demo,cust_790,2026-08-16T07:38:00,19750.61,INR,wallet,route_b,ICICI,,Kolkata,ios,order_2231,success,,1969,0
80610092-5fc8-4ad6-8d61-9bce55961b60,merchant_paymind_demo,cust_234,2026-08-15T08:40:00,24088.7,INR,UPI,route_d,ICICI,bhim,Chennai,android,order_2232,success,,1315,0
f68e98fb-79e7-46c2-a64d-b585749a8e6d,merchant_paymind_demo,cust_223,2026-08-01T00:26:00,24330.03,INR,netbanking,route_b,ICICI,,Pune,web,order_2233,success,,942,0
fd2aeeca-cca2-4381-b0c4-834554d005c8,merchant_paymind_demo,cust_313,2026-08-03T06:08:00,16842.02,INR,credit_card,route_b,SBI,,Delhi,ios,order_2234,success,,559,0
7b5e3a21-e1d9-47bc-a1d2-e4f10278f66e,merchant_paymind_demo,cust_41,2026-08-10T05:45:00,23819.06,INR,wallet,route_d,Axis,,Chennai,android,order_2235,success,,477,0
30403d87-71f6-437c-8ef7-59cb45548ade,merchant_paymind_demo,cust_759,2026-08-19T18:50:00,14570.93,INR,netbanking,route_a,Yes Bank,,Hyderabad,web,order_2236,success,,711,0
e2395524-c25c-4066-8bf0-e7d08ccdd737,merchant_paymind_demo,cust_154,2026-08-15T03:14:00,3229.52,INR,debit_card,route_d,Axis,,Mumbai,ios,order_2237,success,,2360,0
259f41b8-823f-47f1-ab9f-82cc23772843,merchant_paymind_demo,cust_859,2026-08-14T04:30:00,21338.06,INR,UPI,route_b,Kotak,paytm,Bengaluru,web,order_2238,success,,2337,0
30d07e14-3eef-4dec-8da5-7154eecdb72e,merchant_paymind_demo,cust_35,2026-08-17T07:08:00,20556.62,INR,credit_card,route_b,Yes Bank,,Chennai,ios,order_2239,success,,1809,0
133294f6-12fd-493c-bf18-35fbc923e647,merchant_paymind_demo,cust_350,2026-08-14T22:02:00,21753.45,INR,netbanking,route_a,ICICI,,Bengaluru,ios,order_2240,success,,1136,0
8ed00bd4-6d40-45a6-a4b5-f933b1bb0d32,merchant_paymind_demo,cust_1159,2026-08-04T16:45:00,8618.54,INR,debit_card,route_b,Kotak,,Bengaluru,web,order_2241,success,,2082,0
094d3ee2-db65-4c48-81de-41de70f80052,merchant_paymind_demo,cust_611,2026-08-04T02:32:00,14504.32,INR,UPI,route_a,Axis,paytm,Pune,ios,order_2242,success,,884,0
cb5d9b90-2748-4fab-a801-98a8e80a51ce,merchant_paymind_demo,cust_624,2026-08-02T10:22:00,19123.52,INR,wallet,route_d,Axis,,Mumbai,web,order_2243,success,,315,0
777ab096-2301-473c-91a9-25ef9655b96f,merchant_paymind_demo,cust_937,2026-08-07T23:39:00,17165.74,INR,wallet,route_d,SBI,,Hyderabad,ios,order_2244,success,,1464,0
6a8f6ad1-20db-4b81-936a-6734e2aabe8f,merchant_paymind_demo,cust_1043,2026-08-05T09:41:00,20078.06,INR,netbanking,route_c,HDFC,,Chennai,ios,order_2245,success,,1293,0
35a0d81d-25d7-4418-b3e6-52cf0e7e5b2d,merchant_paymind_demo,cust_1063,2026-08-15T08:01:00,8616.9,INR,debit_card,route_d,Yes Bank,,Hyderabad,web,order_2246,success,,2484,0
328988b0-f7fd-4676-889c-5398bd10fa65,merchant_paymind_demo,cust_600,2026-08-18T16:01:00,14627.78,INR,UPI,route_a,SBI,paytm,Bengaluru,android,order_2247,success,,982,0
2b782c07-a6b2-47e5-a353-e1bad1eb99c1,merchant_paymind_demo,cust_21,2026-08-08T10:24:00,24123.07,INR,wallet,route_a,HDFC,,Delhi,ios,order_2248,success,,871,0
754a2d98-caa9-4733-83f1-ef70dfcfb34f,merchant_paymind_demo,cust_820,2026-08-07T14:18:00,13844.28,INR,netbanking,route_a,HDFC,,Kolkata,web,order_2249,failed,bank_timeout,4216,0
f3ec46b7-4239-4b94-b1e6-f648f6944d8c,merchant_paymind_demo,cust_735,2026-08-12T20:02:00,2654.15,INR,wallet,route_b,HDFC,,Hyderabad,web,order_2250,success,,1078,0
326f71b3-2cfe-4b79-9e24-29ffe767a2f9,merchant_paymind_demo,cust_625,2026-08-16T04:08:00,20379.35,INR,UPI,route_b,Kotak,,Pune,ios,order_2251,success,,1372,0
2665e101-0bda-4f1e-83b0-2406558ebcda,merchant_paymind_demo,cust_852,2026-08-20T16:40:00,5952.23,INR,UPI,route_b,Axis,paytm,Mumbai,android,order_2252,success,,302,0
c8a2dde4-e7c3-4bf7-82b8-6e7cab6c1d80,merchant_paymind_demo,cust_707,2026-08-17T09:19:00,9789.91,INR,credit_card,route_d,HDFC,,Hyderabad,web,order_2253,failed,invalid_otp,7284,0
11667551-e7a3-49c5-9a2b-d923b20ba9af,merchant_paymind_demo,cust_733,2026-08-09T19:34:00,7354.96,INR,credit_card,route_c,Kotak,,Delhi,ios,order_2254,failed,invalid_otp,5538,0
42c954d8-8583-422b-8542-c3f539314514,merchant_paymind_demo,cust_1030,2026-08-18T07:42:00,12022.32,INR,netbanking,route_a,Yes Bank,,Mumbai,web,order_2255,success,,2233,0
1597e39f-b39d-4921-9873-5f5e4d4fbb07,merchant_paymind_demo,cust_72,2026-08-01T17:03:00,2869.31,INR,credit_card,route_b,Axis,,Bengaluru,web,order_2256,success,,803,0
baece489-4cbb-45b8-b70b-2581a15ec5ed,merchant_paymind_demo,cust_606,2026-08-07T21:29:00,23744.86,INR,UPI,route_c,ICICI,,Hyderabad,android,order_2257,success,,1911,0
9f0b9e51-42a0-4547-9105-9fa659211398,merchant_paymind_demo,cust_703,2026-08-10T14:26:00,13987.72,INR,netbanking,route_d,SBI,,Delhi,ios,order_2258,success,,458,0
b19728a8-acd8-4e6c-b761-132b26f6bbf0,merchant_paymind_demo,cust_259,2026-08-03T15:48:00,8124.0,INR,netbanking,route_c,Kotak,,Hyderabad,ios,order_2259,success,,2256,0
2d8d16ac-101d-4a2c-bb2f-4a4fb6a4f820,merchant_paymind_demo,cust_872,2026-08-18T11:29:00,4497.6,INR,credit_card,route_b,HDFC,,Hyderabad,android,order_2260,success,,1658,0
431cfec2-7399-4b0c-991e-68ced23221d8,merchant_paymind_demo,cust_604,2026-08-11T00:04:00,19838.55,INR,credit_card,route_c,Axis,,Bengaluru,ios,order_2261,success,,1892,0
576d8161-2610-4783-b3a3-5c20928ae90d,merchant_paymind_demo,cust_667,2026-08-09T11:21:00,14952.33,INR,debit_card,route_d,SBI,,Delhi,android,order_2262,success,,1249,0
7095fb3d-f1d3-41cc-8454-920f213f7f4c,merchant_paymind_demo,cust_13,2026-08-12T03:06:00,20769.4,INR,wallet,route_b,SBI,,Bengaluru,web,order_2263,success,,1724,0
b1a451b0-3d12-4677-96c1-aea71f364de4,merchant_paymind_demo,cust_116,2026-08-01T01:48:00,18538.51,INR,credit_card,route_d,ICICI,,Pune,android,order_2264,success,,674,0
3890ca9d-cc6f-4b2a-984a-29050185fe8e,merchant_paymind_demo,cust_968,2026-08-06T09:20:00,23082.24,INR,UPI,route_b,Yes Bank,bhim,Chennai,android,order_2265,success,,2043,0
70eaa45a-9c68-44f5-b546-282c9458026f,merchant_paymind_demo,cust_1118,2026-08-17T15:30:00,6197.2,INR,debit_card,route_c,Kotak,,Bengaluru,web,order_2266,success,,1615,0
44f1b111-37fd-41d3-874f-a79673aaadbd,merchant_paymind_demo,cust_371,2026-08-14T07:11:00,16731.4,INR,wallet,route_b,Yes Bank,,Kolkata,ios,order_2267,success,,873,0
96d30832-ae96-41e8-bbb0-ab6f5e63e2d8,merchant_paymind_demo,cust_237,2026-08-12T10:21:00,8225.91,INR,debit_card,route_c,Kotak,,Mumbai,ios,order_2268,success,,572,0
f320af56-baa6-4580-add8-b84f59db8a6a,merchant_paymind_demo,cust_107,2026-08-13T00:57:00,21299.4,INR,UPI,route_a,SBI,paytm,Hyderabad,android,order_2269,success,,1358,0
daffa05c-c028-4b1d-aaf7-f4f538d044f8,merchant_paymind_demo,cust_552,2026-08-11T17:33:00,5796.51,INR,netbanking,route_c,Yes Bank,,Delhi,ios,order_2270,success,,878,0
de6cf052-d5f8-4df7-bc53-f2ac68611833,merchant_paymind_demo,cust_1084,2026-08-17T15:39:00,18596.58,INR,debit_card,route_c,HDFC,,Kolkata,ios,order_2271,success,,787,0
9a46e1df-281e-4c0f-a2e4-ab09c4e99218,merchant_paymind_demo,cust_1170,2026-08-11T10:55:00,5026.0,INR,debit_card,route_c,Kotak,,Delhi,android,order_2272,success,,1665,0
427df612-9854-4169-a11a-ad5df5842129,merchant_paymind_demo,cust_1095,2026-08-01T16:32:00,5595.03,INR,credit_card,route_a,Kotak,,Delhi,ios,order_2273,success,,640,0
a249bdbf-cc0e-47a3-a872-b4a82ba2cea4,merchant_paymind_demo,cust_491,2026-08-19T18:49:00,16125.53,INR,UPI,route_b,Axis,gpay,Hyderabad,ios,order_2274,success,,2372,0
145dc641-eeef-4d6e-8ff4-48acafba21e7,merchant_paymind_demo,cust_1141,2026-08-02T13:18:00,8848.03,INR,wallet,route_b,Axis,,Hyderabad,ios,order_2275,success,,1104,0
0a60ab5f-2d21-49ba-ae51-a7efdcc48e97,merchant_paymind_demo,cust_1137,2026-08-10T21:27:00,4639.66,INR,UPI,route_a,SBI,phonepe,Mumbai,ios,order_2276,success,,1552,0
4225f9b2-4cb1-4812-8de3-6725df8074d7,merchant_paymind_demo,cust_436,2026-08-08T10:49:00,18237.02,INR,netbanking,route_d,Kotak,,Mumbai,android,order_2277,success,,2396,0
75541247-1856-4051-be75-905e98578d00,merchant_paymind_demo,cust_730,2026-08-10T16:01:00,17154.7,INR,wallet,route_b,SBI,,Bengaluru,ios,order_2278,success,,2333,0
bea05b81-6599-4287-9e9d-73c3d01d4d72,merchant_paymind_demo,cust_907,2026-08-17T21:23:00,9503.55,INR,UPI,route_b,Kotak,bhim,Hyderabad,android,order_2279,success,,1571,0
77b25bfa-b2cd-4a87-b665-0aae10526b49,merchant_paymind_demo,cust_812,2026-08-04T02:34:00,14712.14,INR,credit_card,route_c,Axis,,Pune,ios,order_2280,success,,1373,0
b0dc6b1e-16d6-46d4-b19e-ad241de5f86b,merchant_paymind_demo,cust_1178,2026-08-14T07:56:00,19767.9,INR,debit_card,route_a,HDFC,,Mumbai,web,order_2281,success,,1693,0
18e1e182-164f-454e-82af-64e91d68949b,merchant_paymind_demo,cust_35,2026-08-13T02:09:00,22652.73,INR,netbanking,route_c,ICICI,,Mumbai,web,order_2282,success,,648,0
70c1f248-28be-48aa-9fab-3514a5c1997f,merchant_paymind_demo,cust_1070,2026-08-07T14:39:00,22619.82,INR,wallet,route_b,Yes Bank,,Bengaluru,ios,order_2283,success,,1434,0
bea8707c-4769-490b-b65f-9912cf837d58,merchant_paymind_demo,cust_610,2026-08-15T02:11:00,18789.51,INR,wallet,route_d,Kotak,,Bengaluru,ios,order_2284,success,,999,0
98e663cc-774a-4b90-b802-42c5e80f3851,merchant_paymind_demo,cust_760,2026-08-19T17:57:00,19389.5,INR,wallet,route_d,SBI,,Pune,web,order_2285,success,,1727,0
1de1fa00-beeb-4c27-a985-9a8404790e3d,merchant_paymind_demo,cust_1062,2026-08-17T21:10:00,2823.49,INR,wallet,route_a,ICICI,,Delhi,android,order_2286,success,,2106,0
f98fb07a-17fe-45ec-8988-140113f9769d,merchant_paymind_demo,cust_1104,2026-08-14T20:42:00,16525.31,INR,wallet,route_a,ICICI,,Bengaluru,web,order_2287,success,,1068,0
7c7de2d3-d9d9-472a-ab61-107b63b380b3,merchant_paymind_demo,cust_926,2026-08-02T20:45:00,11579.95,INR,wallet,route_c,Kotak,,Hyderabad,ios,order_2288,success,,1375,0
f04cfe8a-da0d-479b-b2d5-74512bd53b6b,merchant_paymind_demo,cust_545,2026-08-19T02:04:00,23152.82,INR,debit_card,route_d,Axis,,Kolkata,android,order_2289,success,,2442,0
070c035a-f1c0-4318-a49d-804b50eddda5,merchant_paymind_demo,cust_215,2026-08-02T21:19:00,4596.52,INR,netbanking,route_b,Yes Bank,,Mumbai,android,order_2290,success,,2463,0
4915732a-e878-47cf-b5f9-82db28f1c75f,merchant_paymind_demo,cust_890,2026-08-20T07:37:00,13432.58,INR,wallet,route_a,Kotak,,Delhi,web,order_2291,success,,2313,0
212ed379-b8cf-4381-b2c6-5d3639eee1a9,merchant_paymind_demo,cust_690,2026-08-14T02:48:00,333.35,INR,wallet,route_a,Yes Bank,,Kolkata,web,order_2292,success,,983,0
9e64d3dd-7030-4e88-aeb5-3f4056aedb78,merchant_paymind_demo,cust_1182,2026-08-02T01:39:00,9291.64,INR,UPI,route_b,Kotak,bhim,Chennai,web,order_2293,success,,1150,0
c8c98367-2699-4738-b0ce-96abda938899,merchant_paymind_demo,cust_766,2026-08-03T00:50:00,15718.7,INR,credit_card,route_c,Yes Bank,,Hyderabad,web,order_2294,success,,384,0
fe88cd2d-ceb3-454b-8a75-184ce72bdc03,merchant_paymind_demo,cust_25,2026-08-18T11:52:00,20911.56,INR,netbanking,route_c,ICICI,,Delhi,web,order_2295,success,,1916,0
b5a53941-963d-4308-8886-7c9dfec56130,merchant_paymind_demo,cust_249,2026-08-03T18:33:00,14413.05,INR,UPI,route_a,HDFC,phonepe,Kolkata,web,order_2296,success,,814,0
78ad1e5b-92d2-4ee8-9b9a-9f9a2cadb303,merchant_paymind_demo,cust_630,2026-08-04T01:24:00,16175.64,INR,wallet,route_c,SBI,,Mumbai,android,order_2297,success,,2047,0
9a06ca5f-7848-463d-bfcd-cd883a302441,merchant_paymind_demo,cust_1088,2026-08-08T11:10:00,20667.48,INR,UPI,route_a,Kotak,gpay,Mumbai,ios,order_2298,success,,1642,0
c6ecbda7-320d-40f8-b60d-ba305d139a17,merchant_paymind_demo,cust_614,2026-08-05T19:52:00,17880.11,INR,UPI,route_b,Axis,gpay,Bengaluru,web,order_2299,success,,2474,0
02110adf-9bd7-4624-a1e5-41783b2c1a71,merchant_paymind_demo,cust_824,2026-08-04T04:22:00,22879.56,INR,netbanking,route_a,ICICI,,Pune,ios,order_2300,success,,2387,0
8fb33035-4194-434a-b241-2fc205aeeb43,merchant_paymind_demo,cust_503,2026-08-05T18:08:00,8863.08,INR,wallet,route_a,Yes Bank,,Mumbai,web,order_2301,success,,1667,0
172f13cd-f6d7-452c-bef2-1e94bc05515e,merchant_paymind_demo,cust_882,2026-08-03T01:20:00,9199.62,INR,wallet,route_c,Axis,,Pune,android,order_2302,success,,652,0
cecbf08f-b15d-4e15-b37f-4ce2940be399,merchant_paymind_demo,cust_770,2026-08-06T10:44:00,14640.34,INR,debit_card,route_b,SBI,,Bengaluru,android,order_2303,success,,714,0
199fd2c3-0afb-4001-b83f-75a0b207ab26,merchant_paymind_demo,cust_805,2026-08-16T10:44:00,15355.44,INR,netbanking,route_b,Kotak,,Delhi,ios,order_2304,success,,2291,0
62b3cdf4-269c-44d2-b7f2-c143083609f6,merchant_paymind_demo,cust_325,2026-08-13T09:28:00,14882.81,INR,credit_card,route_d,Axis,,Mumbai,ios,order_2305,success,,1321,0
420459ce-f149-4faa-820f-1be1beebe4c3,merchant_paymind_demo,cust_169,2026-08-09T14:16:00,20190.59,INR,debit_card,route_c,HDFC,,Kolkata,web,order_2306,success,,1988,0
fae51ee4-ab60-4c6f-85f7-76afbef6a0d6,merchant_paymind_demo,cust_215,2026-08-15T04:29:00,24979.44,INR,UPI,route_d,SBI,phonepe,Bengaluru,web,order_2307,failed,invalid_otp,5355,0
f4807244-09b1-4d3d-abc6-bd2ae63305af,merchant_paymind_demo,cust_765,2026-08-03T19:57:00,984.96,INR,debit_card,route_a,ICICI,,Chennai,android,order_2308,failed,insufficient_funds,4163,0
6e67976e-923d-4cd7-9129-24b74a11ac72,merchant_paymind_demo,cust_428,2026-08-10T14:35:00,3401.31,INR,credit_card,route_a,SBI,,Pune,ios,order_2309,success,,1408,0
f910712a-4bd9-41d7-937f-0be9901f9f8e,merchant_paymind_demo,cust_1186,2026-08-06T05:33:00,14819.84,INR,netbanking,route_b,HDFC,,Hyderabad,ios,order_2310,success,,483,0
4d82e902-d007-4d0f-8785-ba05bb390eb3,merchant_paymind_demo,cust_533,2026-08-16T19:39:00,18916.48,INR,netbanking,route_a,Kotak,,Delhi,android,order_2311,success,,2371,0
c9fc041f-219c-4356-98c8-a224de2f2c64,merchant_paymind_demo,cust_570,2026-08-14T23:08:00,12753.23,INR,wallet,route_c,SBI,,Kolkata,ios,order_2312,success,,758,0
7fd0c723-b970-42ac-81a4-1e1feaaf6788,merchant_paymind_demo,cust_674,2026-08-13T05:37:00,18727.98,INR,credit_card,route_d,ICICI,,Kolkata,ios,order_2313,success,,804,0
20158518-2ab5-4d5b-a195-595a601a6a3e,merchant_paymind_demo,cust_403,2026-08-01T11:37:00,16063.0,INR,netbanking,route_d,Kotak,,Hyderabad,android,order_2314,success,,732,0
1e855bc6-9467-416f-bc7a-ea6c1b39f1e1,merchant_paymind_demo,cust_555,2026-08-18T15:36:00,18035.04,INR,netbanking,route_a,ICICI,,Bengaluru,android,order_2315,success,,2363,0
82bbf4ca-3f1c-4860-812b-b399c4d976af,merchant_paymind_demo,cust_1039,2026-08-12T05:28:00,5178.38,INR,wallet,route_d,Axis,,Pune,web,order_2316,success,,1771,0
9fbe514c-1d7f-491c-8dee-341e9c6c74a7,merchant_paymind_demo,cust_480,2026-08-05T21:07:00,10147.34,INR,wallet,route_d,Axis,,Mumbai,ios,order_2317,success,,686,0
28d6ec02-ef34-42e1-8e10-1be8aca698d0,merchant_paymind_demo,cust_26,2026-08-15T04:04:00,22832.95,INR,credit_card,route_c,ICICI,,Hyderabad,web,order_2318,success,,2016,0
be6dacee-e83e-41cc-8f35-33a0917e11af,merchant_paymind_demo,cust_262,2026-08-10T00:12:00,3374.34,INR,UPI,route_c,ICICI,gpay,Bengaluru,android,order_2319,success,,997,0
29a85210-14d1-40a7-968b-d01521be8475,merchant_paymind_demo,cust_72,2026-08-17T11:29:00,16326.7,INR,credit_card,route_d,Axis,,Delhi,android,order_2320,success,,1399,0
23703d0f-9a80-41d2-b9ce-6da6ce1be77b,merchant_paymind_demo,cust_116,2026-08-17T02:16:00,17269.02,INR,debit_card,route_c,HDFC,,Hyderabad,android,order_2321,success,,953,0
a7d301ab-a559-4adc-9fb5-5b9615e2a970,merchant_paymind_demo,cust_492,2026-08-20T02:51:00,13793.42,INR,debit_card,route_a,HDFC,,Hyderabad,ios,order_2322,success,,1567,0
560ef3fe-caf9-4545-b235-492862f3d23f,merchant_paymind_demo,cust_296,2026-08-04T06:45:00,18778.79,INR,UPI,route_d,HDFC,,Pune,web,order_2323,success,,2244,0
4d96d78d-adf7-4825-b9e5-3db5e48964f6,merchant_paymind_demo,cust_524,2026-08-20T16:42:00,23335.88,INR,credit_card,route_d,ICICI,,Delhi,android,order_2324,success,,1828,0
0f828a53-6a50-4a5e-91f2-91a2537e2c25,merchant_paymind_demo,cust_612,2026-08-19T01:19:00,3646.62,INR,UPI,route_c,HDFC,paytm,Kolkata,web,order_2325,success,,1176,0
f174ed54-a04b-44dd-b10e-8d996884fde1,merchant_paymind_demo,cust_221,2026-08-13T03:24:00,20719.51,INR,credit_card,route_a,HDFC,,Delhi,ios,order_2326,success,,1867,0
fdd73b5d-f1e5-4fa7-9d84-077722ef4779,merchant_paymind_demo,cust_782,2026-08-05T21:28:00,1304.0,INR,wallet,route_a,ICICI,,Hyderabad,ios,order_2327,success,,2137,0
cdb9c9d1-6767-4a2b-b536-a3985dbc433f,merchant_paymind_demo,cust_311,2026-08-18T17:27:00,926.94,INR,credit_card,route_c,ICICI,,Chennai,ios,order_2328,success,,855,0
529855a8-1390-49ce-bca1-d36b399c0566,merchant_paymind_demo,cust_403,2026-08-10T07:30:00,23962.98,INR,UPI,route_a,HDFC,paytm,Chennai,ios,order_2329,success,,1582,0
ac940fee-ab10-434b-9ef6-97b6c71b90e1,merchant_paymind_demo,cust_1014,2026-08-06T12:55:00,3457.21,INR,UPI,route_a,HDFC,bhim,Delhi,web,order_2330,success,,2190,0
d6ac69eb-3ca7-4ed9-939e-7c1aa3e14a02,merchant_paymind_demo,cust_71,2026-08-15T21:21:00,11314.2,INR,UPI,route_b,HDFC,gpay,Delhi,web,order_2331,success,,1859,0
a00cb628-4cea-4b48-94f2-84e4fc6a3a57,merchant_paymind_demo,cust_1044,2026-08-11T18:06:00,22120.76,INR,wallet,route_d,Axis,,Delhi,android,order_2332,failed,insufficient_funds,2204,0
611dab3b-0b2a-4f36-8013-352174a77ece,merchant_paymind_demo,cust_573,2026-08-17T22:02:00,10217.44,INR,debit_card,route_a,Axis,,Mumbai,web,order_2333,success,,984,0
f756b18d-732e-4745-92b4-75165be08149,merchant_paymind_demo,cust_141,2026-08-11T18:50:00,20864.15,INR,wallet,route_d,SBI,,Bengaluru,android,order_2334,success,,1967,0
66c7516d-7fd5-4f5b-88d7-2d39fb6dab01,merchant_paymind_demo,cust_297,2026-08-19T18:35:00,5678.29,INR,UPI,route_c,SBI,phonepe,Delhi,ios,order_2335,success,,890,0
4f1eaa32-015a-43a2-b76a-d4d3c3e91a9f,merchant_paymind_demo,cust_32,2026-08-04T06:40:00,8590.91,INR,UPI,route_b,Kotak,paytm,Kolkata,android,order_2336,success,,881,0
a0b0ff1a-a2c2-4ff8-91e0-8b08b45c70a9,merchant_paymind_demo,cust_625,2026-08-17T21:10:00,20591.16,INR,UPI,route_d,ICICI,bhim,Hyderabad,android,order_2337,success,,1152,0
379ba3ca-2559-479d-a501-d153b78f691d,merchant_paymind_demo,cust_724,2026-08-08T04:28:00,2404.62,INR,credit_card,route_b,Axis,,Chennai,android,order_2338,success,,2207,0
968f2bf2-3e1d-4602-949e-cd93815791c8,merchant_paymind_demo,cust_1142,2026-08-01T13:09:00,24264.26,INR,wallet,route_b,SBI,,Bengaluru,web,order_2339,success,,1770,0
7708ddd9-95d8-479d-a8c6-8342810b99fe,merchant_paymind_demo,cust_230,2026-08-09T16:46:00,974.53,INR,wallet,route_a,HDFC,,Hyderabad,web,order_2340,success,,752,0
eee07819-d1d9-4a54-9844-ccccf4bf103a,merchant_paymind_demo,cust_1100,2026-08-14T05:32:00,23058.57,INR,debit_card,route_a,ICICI,,Kolkata,ios,order_2341,success,,1957,0
65288331-e676-48fc-bcc4-04861dcd7138,merchant_paymind_demo,cust_1098,2026-08-10T09:53:00,6419.72,INR,debit_card,route_d,Kotak,,Pune,ios,order_2342,success,,819,0
30a32d76-8b14-40ec-9726-84ec69f07699,merchant_paymind_demo,cust_121,2026-08-01T05:16:00,12529.99,INR,credit_card,route_c,SBI,,Chennai,ios,order_2343,success,,396,0
90bb873c-2049-4874-9b16-58c8340baa5c,merchant_paymind_demo,cust_898,2026-08-19T16:18:00,16450.86,INR,wallet,route_a,Kotak,,Mumbai,web,order_2344,success,,433,0
354195a9-98c9-483e-9a25-5b981ccac9cb,merchant_paymind_demo,cust_1162,2026-08-03T23:20:00,2189.56,INR,netbanking,route_c,HDFC,,Mumbai,ios,order_2345,success,,2467,0
4b4536be-4e5c-499f-bb66-632a60a2a93c,merchant_paymind_demo,cust_262,2026-08-19T23:15:00,4974.64,INR,credit_card,route_c,ICICI,,Bengaluru,web,order_2346,success,,1401,0
9724c0bd-ca87-464a-b7e3-835d97e22a4b,merchant_paymind_demo,cust_920,2026-08-01T21:20:00,12629.03,INR,wallet,route_a,ICICI,,Hyderabad,web,order_2347,success,,1980,0
43980644-49d2-49f7-9e5d-cdf66e3cfd59,merchant_paymind_demo,cust_384,2026-08-04T08:50:00,17874.68,INR,debit_card,route_a,ICICI,,Mumbai,android,order_2348,success,,1116,0
1becbc4f-02c9-4fe2-ad40-93edc7c1d804,merchant_paymind_demo,cust_304,2026-08-20T17:04:00,412.89,INR,netbanking,route_c,HDFC,,Delhi,android,order_2349,success,,308,0
5064300d-533f-45fb-8902-09fc466dcf3d,merchant_paymind_demo,cust_1124,2026-08-12T19:26:00,9453.74,INR,UPI,route_c,Yes Bank,bhim,Chennai,android,order_2350,failed,insufficient_funds,7015,0
46d39423-57f1-44c5-8f27-bc3974dbd097,merchant_paymind_demo,cust_1068,2026-08-14T00:14:00,19214.54,INR,UPI,route_a,HDFC,paytm,Mumbai,ios,order_2351,failed,insufficient_funds,2189,0
9682ca92-aa3d-4ba2-ac84-350b8fa5dbf4,merchant_paymind_demo,cust_190,2026-08-09T17:58:00,14214.55,INR,wallet,route_b,ICICI,,Delhi,web,order_2352,success,,2325,0
7005cab8-6680-474a-a983-b452ad714f48,merchant_paymind_demo,cust_1192,2026-08-16T07:41:00,13321.72,INR,credit_card,route_d,Yes Bank,,Pune,web,order_2353,success,,483,0
ec54390f-f313-4c90-90ba-3dc65fada497,merchant_paymind_demo,cust_690,2026-08-07T19:57:00,13606.0,INR,netbanking,route_a,Kotak,,Chennai,ios,order_2354,failed,invalid_otp,5182,0
145dd5fb-888c-4a28-b477-e52473058e8c,merchant_paymind_demo,cust_48,2026-08-14T13:53:00,20407.59,INR,credit_card,route_c,Yes Bank,,Delhi,android,order_2355,failed,gateway_error,2972,0
da206883-eaa0-4581-95bf-346ca3f6ace7,merchant_paymind_demo,cust_501,2026-08-11T03:23:00,2107.92,INR,UPI,route_a,Kotak,gpay,Bengaluru,android,order_2356,success,,1812,0
772f111a-a5ad-4251-96be-ce0916b344d4,merchant_paymind_demo,cust_290,2026-08-18T06:38:00,14354.61,INR,debit_card,route_c,ICICI,,Mumbai,android,order_2357,success,,1364,0
87ad31de-288d-4d5e-9225-efdb0ae67d80,merchant_paymind_demo,cust_417,2026-08-08T08:54:00,19077.85,INR,UPI,route_c,Axis,bhim,Mumbai,ios,order_2358,success,,1617,0
ba577520-8f98-4150-9d1f-94d44f6bd299,merchant_paymind_demo,cust_513,2026-08-07T10:45:00,14571.02,INR,netbanking,route_c,Axis,,Chennai,ios,order_2359,success,,907,0
15d6ac3f-6727-4aa2-a9c0-cea05bb6aa35,merchant_paymind_demo,cust_1128,2026-08-04T03:20:00,6711.56,INR,UPI,route_a,ICICI,,Mumbai,web,order_2360,success,,2376,0
c40c361d-3c09-444f-a137-2940296b1cfb,merchant_paymind_demo,cust_456,2026-08-12T16:21:00,11196.12,INR,credit_card,route_c,HDFC,,Delhi,ios,order_2361,success,,876,0
a4c74e45-219b-4b93-9fb5-8a361f76b9fa,merchant_paymind_demo,cust_1026,2026-08-02T14:14:00,12447.17,INR,UPI,route_c,ICICI,bhim,Delhi,ios,order_2362,success,,1089,0
944b8a81-1370-4a04-b2bc-5c01fa538fa3,merchant_paymind_demo,cust_456,2026-08-08T20:06:00,24893.86,INR,netbanking,route_a,HDFC,,Bengaluru,android,order_2363,success,,953,0
2aa4e936-d7bc-4815-a9b3-bc07173a6aa1,merchant_paymind_demo,cust_1147,2026-08-04T04:10:00,13813.93,INR,wallet,route_c,HDFC,,Hyderabad,android,order_2364,success,,2014,0
f5410445-4b62-4665-a2d1-6df686e1fe46,merchant_paymind_demo,cust_671,2026-08-08T20:56:00,14133.3,INR,UPI,route_c,Yes Bank,bhim,Mumbai,android,order_2365,success,,549,0
4c72f117-14d1-42fa-b348-9b9b42ffd7b6,merchant_paymind_demo,cust_449,2026-08-02T06:14:00,6649.33,INR,netbanking,route_d,HDFC,,Mumbai,android,order_2366,success,,823,0
086e035c-ed54-4646-bc32-cf519a549209,merchant_paymind_demo,cust_294,2026-08-11T10:16:00,2212.31,INR,wallet,route_a,Yes Bank,,Pune,android,order_2367,success,,1121,0
e9cb83be-3bad-4d28-bae8-2e9ec29908bd,merchant_paymind_demo,cust_875,2026-08-02T13:29:00,8803.64,INR,credit_card,route_b,HDFC,,Pune,ios,order_2368,success,,2480,0
2cb0edc7-9a2c-4685-bb38-610de6967c6a,merchant_paymind_demo,cust_880,2026-08-10T21:41:00,18798.18,INR,debit_card,route_b,Yes Bank,,Kolkata,ios,order_2369,failed,invalid_otp,5127,0
0b3f662f-8e5a-4053-88f9-b386baf54d97,merchant_paymind_demo,cust_626,2026-08-15T21:46:00,4483.72,INR,UPI,route_b,Axis,bhim,Delhi,web,order_2370,success,,1528,0
affffb4e-e7bd-49ee-b705-7b295580fec0,merchant_paymind_demo,cust_52,2026-08-03T10:28:00,15569.88,INR,netbanking,route_c,ICICI,,Mumbai,ios,order_2371,success,,2344,0
a8e902dd-4746-488a-9731-b5133a43b341,merchant_paymind_demo,cust_634,2026-08-12T04:35:00,21141.34,INR,credit_card,route_c,ICICI,,Bengaluru,web,order_2372,success,,2027,0
32e77d38-97be-4f21-bff5-d588822f3b22,merchant_paymind_demo,cust_840,2026-08-13T04:02:00,4268.47,INR,UPI,route_c,HDFC,phonepe,Kolkata,ios,order_2373,success,,1050,0
f4d515b0-767b-48cc-aa7e-ed47ed123351,merchant_paymind_demo,cust_8,2026-08-12T14:11:00,9830.02,INR,netbanking,route_d,Yes Bank,,Kolkata,ios,order_2374,success,,1738,0
26ec3362-163f-41c1-ae6c-e9b52962f10c,merchant_paymind_demo,cust_267,2026-08-07T06:45:00,24589.95,INR,netbanking,route_d,Axis,,Kolkata,web,order_2375,success,,2110,0
1222dd57-9c2c-4790-9aee-e181dfb37b49,merchant_paymind_demo,cust_553,2026-08-18T23:30:00,15607.46,INR,wallet,route_d,Axis,,Kolkata,android,order_2376,success,,953,0
008061b7-52f1-4df3-829c-94d9fe6b52b3,merchant_paymind_demo,cust_426,2026-08-09T05:29:00,425.37,INR,wallet,route_d,HDFC,,Kolkata,web,order_2377,success,,1542,0
8a9f1cba-a521-4b79-a2e6-ae033434ca5e,merchant_paymind_demo,cust_618,2026-08-04T07:30:00,3182.57,INR,wallet,route_c,SBI,,Kolkata,android,order_2378,success,,1559,0
d824cab4-f298-4d75-9767-e91e0be930c5,merchant_paymind_demo,cust_859,2026-08-20T23:53:00,18486.07,INR,UPI,route_d,Kotak,phonepe,Mumbai,android,order_2379,success,,655,0
14696dd6-e814-4a37-8c82-8116da4b8a4f,merchant_paymind_demo,cust_887,2026-08-20T04:39:00,6356.81,INR,debit_card,route_c,ICICI,,Bengaluru,ios,order_2380,success,,1004,0
16d60539-783e-48ee-84d7-41809e7e6a78,merchant_paymind_demo,cust_567,2026-08-19T05:28:00,7112.22,INR,UPI,route_a,HDFC,gpay,Pune,web,order_2381,success,,2319,0
f4aa7f75-f41a-4012-b7bd-438d8994a352,merchant_paymind_demo,cust_165,2026-08-13T02:06:00,3711.46,INR,credit_card,route_b,HDFC,,Kolkata,web,order_2382,success,,2057,0
4a2fa08c-d1c7-44f0-8b3e-a172a3dbce80,merchant_paymind_demo,cust_691,2026-08-16T09:49:00,14689.65,INR,credit_card,route_c,Kotak,,Kolkata,web,order_2383,success,,1032,0
daaaaee0-2399-470d-9397-d3851fc8e16b,merchant_paymind_demo,cust_568,2026-08-14T08:24:00,20044.2,INR,UPI,route_a,Axis,bhim,Bengaluru,android,order_2384,success,,1722,0
ae220ca4-d1d5-4fe9-aa96-f79d90161364,merchant_paymind_demo,cust_90,2026-08-05T03:15:00,2323.15,INR,UPI,route_c,SBI,phonepe,Pune,web,order_2385,success,,1442,0
2ad726a4-285d-4846-b838-118f6d42ed8f,merchant_paymind_demo,cust_382,2026-08-06T14:58:00,21586.59,INR,UPI,route_a,Yes Bank,bhim,Mumbai,ios,order_2386,success,,2462,0
8c30f425-ac10-4ce4-9dda-0bc6103e6db0,merchant_paymind_demo,cust_491,2026-08-12T07:14:00,3599.83,INR,netbanking,route_d,HDFC,,Mumbai,android,order_2387,failed,bank_timeout,2511,0
93a20486-7c19-449a-ab8c-63b986e3d09e,merchant_paymind_demo,cust_915,2026-08-13T12:47:00,20710.4,INR,credit_card,route_a,HDFC,,Mumbai,ios,order_2388,success,,432,0
fcb36d37-556a-4bec-8a71-a03a2087200f,merchant_paymind_demo,cust_973,2026-08-19T12:09:00,2963.57,INR,UPI,route_a,Yes Bank,bhim,Pune,android,order_2389,success,,2211,0
7ac38a5f-c6b2-4ee2-858f-9524c0057ab3,merchant_paymind_demo,cust_215,2026-08-15T08:15:00,18953.88,INR,wallet,route_b,SBI,,Pune,web,order_2390,success,,508,0
e80df853-adeb-4bd3-a870-5a4cf2a4e9f0,merchant_paymind_demo,cust_1192,2026-08-15T17:54:00,7158.14,INR,wallet,route_d,Kotak,,Bengaluru,ios,order_2391,success,,338,0
9816b9b8-c202-4f4e-9119-e1bd17929c5a,merchant_paymind_demo,cust_897,2026-08-08T18:04:00,5625.25,INR,UPI,route_b,Yes Bank,gpay,Mumbai,ios,order_2392,success,,981,0
6b928766-5652-4baa-992a-ff9fede9aa3e,merchant_paymind_demo,cust_909,2026-08-12T21:24:00,18629.7,INR,wallet,route_d,ICICI,,Kolkata,ios,order_2393,success,,530,0
3717df4a-2bab-4e68-952b-b9e789da8cc5,merchant_paymind_demo,cust_851,2026-08-03T09:46:00,10697.46,INR,credit_card,route_a,Kotak,,Chennai,android,order_2394,success,,831,0
a2a31310-0c8d-4ecf-9065-ae969bec5681,merchant_paymind_demo,cust_787,2026-08-06T17:15:00,12053.99,INR,credit_card,route_a,Kotak,,Delhi,ios,order_2395,success,,1687,0
2a19298b-cb57-464a-bf3b-ebb02a0f5c0b,merchant_paymind_demo,cust_859,2026-08-13T17:38:00,21589.11,INR,credit_card,route_a,ICICI,,Kolkata,ios,order_2396,failed,insufficient_funds,7519,0
b791941b-4292-4783-bc7d-fa837db6fa6c,merchant_paymind_demo,cust_721,2026-08-11T14:14:00,21684.93,INR,wallet,route_a,HDFC,,Delhi,web,order_2397,success,,1352,0
8e9ab44c-659c-48b8-b531-0f7a79fde2df,merchant_paymind_demo,cust_277,2026-08-05T20:28:00,21914.66,INR,debit_card,route_b,ICICI,,Kolkata,android,order_2398,success,,1900,0
e89a97c5-5797-4d94-b3d0-361a510a228e,merchant_paymind_demo,cust_788,2026-08-14T17:01:00,16738.8,INR,wallet,route_d,Kotak,,Bengaluru,ios,order_2399,failed,invalid_otp,5263,0
de57df16-5eef-4545-a45d-971b2a75a6b1,merchant_paymind_demo,cust_907,2026-08-16T12:35:00,17081.85,INR,netbanking,route_a,Axis,,Hyderabad,web,order_2400,failed,insufficient_funds,4014,0
4b6ffdc7-5218-4aee-8696-8112d29bee23,merchant_paymind_demo,cust_747,2026-08-16T20:38:00,18726.77,INR,wallet,route_b,HDFC,,Bengaluru,android,order_2401,success,,772,0
11151db8-a899-4e88-91f7-ed8c62908f59,merchant_paymind_demo,cust_298,2026-08-09T20:06:00,1863.86,INR,netbanking,route_d,HDFC,,Delhi,android,order_2402,success,,1790,0
ddf84b19-6676-4d85-acab-538f6ecd136a,merchant_paymind_demo,cust_1071,2026-08-18T10:47:00,6487.79,INR,UPI,route_b,SBI,phonepe,Pune,web,order_2403,success,,760,0
8a53877a-50dd-4e7e-9df8-5578b25983bf,merchant_paymind_demo,cust_455,2026-08-14T03:36:00,3466.99,INR,wallet,route_c,Kotak,,Mumbai,android,order_2404,success,,396,0
74860cc9-b6f9-46df-aaff-5eb5f652e4a6,merchant_paymind_demo,cust_220,2026-08-17T19:22:00,10655.91,INR,UPI,route_a,HDFC,paytm,Kolkata,android,order_2405,success,,491,0
64259933-0042-418d-9912-28af6d56c3b3,merchant_paymind_demo,cust_146,2026-08-09T13:55:00,11932.97,INR,credit_card,route_c,Yes Bank,,Hyderabad,ios,order_2406,success,,1491,0
66e107c9-1473-4f6d-9bde-1e2cad28102b,merchant_paymind_demo,cust_502,2026-08-06T06:12:00,16710.28,INR,netbanking,route_c,ICICI,,Bengaluru,web,order_2407,success,,671,0
c8e85aa1-4e9d-469e-8038-8327ef9d4325,merchant_paymind_demo,cust_35,2026-08-19T15:55:00,3006.36,INR,UPI,route_c,Axis,bhim,Bengaluru,android,order_2408,failed,gateway_error,6141,0
12c6ee6e-b41b-4a37-a947-11aaf27285ea,merchant_paymind_demo,cust_251,2026-08-08T06:47:00,11837.84,INR,wallet,route_c,SBI,,Pune,android,order_2409,success,,860,0
68a8df88-d923-4fe7-8a98-26e23ee37d02,merchant_paymind_demo,cust_920,2026-08-12T05:04:00,8271.42,INR,wallet,route_a,ICICI,,Delhi,web,order_2410,success,,1824,0
1654cff6-5135-4f6c-bf1f-0ec1c885f1bf,merchant_paymind_demo,cust_202,2026-08-08T18:25:00,9088.9,INR,wallet,route_b,Axis,,Kolkata,web,order_2411,success,,486,0
54e4456c-a731-4552-9188-20d3879f705b,merchant_paymind_demo,cust_466,2026-08-17T17:03:00,9614.64,INR,wallet,route_b,SBI,,Kolkata,ios,order_2412,success,,2082,0
294b952b-1c18-4f4a-8831-044b738bc495,merchant_paymind_demo,cust_866,2026-08-18T14:15:00,11591.27,INR,debit_card,route_b,HDFC,,Bengaluru,android,order_2413,success,,2108,0
0138b597-dabf-462a-88c2-c1f6171881c4,merchant_paymind_demo,cust_417,2026-08-02T09:23:00,20681.41,INR,UPI,route_d,HDFC,paytm,Chennai,ios,order_2414,failed,gateway_error,6354,0
5bf020c1-f2bb-4889-a84a-77c7d2291054,merchant_paymind_demo,cust_126,2026-08-05T22:14:00,2487.68,INR,credit_card,route_c,SBI,,Delhi,web,order_2415,success,,365,0
559087f3-083a-44f1-8648-264fbdb03a04,merchant_paymind_demo,cust_608,2026-08-19T16:33:00,1868.75,INR,credit_card,route_c,Kotak,,Kolkata,ios,order_2416,success,,2180,0
048a912c-100e-4b5e-aca5-b28c033606b9,merchant_paymind_demo,cust_332,2026-08-13T19:16:00,4360.32,INR,credit_card,route_c,Axis,,Pune,web,order_2417,success,,1949,0
0b5cd8ba-fc3e-4852-9412-b3d00de40c62,merchant_paymind_demo,cust_381,2026-08-13T15:06:00,12929.05,INR,credit_card,route_c,HDFC,,Chennai,ios,order_2418,success,,2055,0
4e071243-0938-4c34-be84-b1fe18b90eb8,merchant_paymind_demo,cust_913,2026-08-15T20:27:00,22314.58,INR,debit_card,route_b,ICICI,,Chennai,android,order_2419,success,,1145,0
1967390a-dcfa-4895-9c9b-c64b841d1ba6,merchant_paymind_demo,cust_1124,2026-08-10T02:56:00,11923.41,INR,debit_card,route_b,SBI,,Hyderabad,android,order_2420,success,,1192,0
ddd1fa76-a89b-4dba-a2c0-55e533bec0cd,merchant_paymind_demo,cust_1033,2026-08-20T00:30:00,11905.83,INR,wallet,route_a,Axis,,Pune,web,order_2421,success,,423,0
7c2b21f0-a8e3-4bbb-bfa9-f99fb86e373e,merchant_paymind_demo,cust_1072,2026-08-09T22:50:00,14803.48,INR,debit_card,route_b,ICICI,,Mumbai,web,order_2422,success,,1670,0
05e81487-8ae1-423b-87c1-d3767e38b298,merchant_paymind_demo,cust_532,2026-08-01T03:17:00,8703.99,INR,debit_card,route_a,Yes Bank,,Hyderabad,web,order_2423,success,,893,0
6d71d3e6-02e6-4a0b-aec7-a90a7b494acd,merchant_paymind_demo,cust_857,2026-08-17T21:20:00,2141.01,INR,netbanking,route_c,Kotak,,Kolkata,ios,order_2424,success,,2057,0
97b4d546-6fe4-4b0a-b300-aac0011b100f,merchant_paymind_demo,cust_644,2026-08-05T08:46:00,17061.2,INR,debit_card,route_c,Axis,,Chennai,android,order_2425,success,,2240,0
82c2465b-21d3-48d6-bb07-b0699c6363ce,merchant_paymind_demo,cust_949,2026-08-12T08:57:00,17781.46,INR,wallet,route_c,SBI,,Delhi,ios,order_2426,success,,615,0
e3f6e465-376d-4168-acbc-796c6de0805b,merchant_paymind_demo,cust_57,2026-08-06T11:44:00,20787.78,INR,wallet,route_c,ICICI,,Kolkata,android,order_2427,success,,2253,0
659942ec-dafc-40fc-bf0c-27b1ff21fb62,merchant_paymind_demo,cust_267,2026-08-11T08:43:00,18229.64,INR,credit_card,route_b,HDFC,,Pune,android,order_2428,success,,1018,0
adcb3ad8-1042-41d2-b42d-a4cfc9ea5c91,merchant_paymind_demo,cust_218,2026-08-18T07:55:00,1921.53,INR,credit_card,route_d,SBI,,Pune,ios,order_2429,success,,2044,0
90e96838-edb2-4890-b621-593d1e6f9de5,merchant_paymind_demo,cust_1008,2026-08-03T10:13:00,10602.21,INR,wallet,route_a,SBI,,Delhi,web,order_2430,success,,1823,0
821b152c-92d8-4b77-840b-6ccf601e0f1b,merchant_paymind_demo,cust_1132,2026-08-10T04:43:00,14449.26,INR,UPI,route_b,HDFC,paytm,Delhi,android,order_2431,success,,2040,0
0e38918a-9358-47a6-acd7-55cf954ac2ce,merchant_paymind_demo,cust_1198,2026-08-20T11:45:00,20171.47,INR,wallet,route_b,HDFC,,Delhi,web,order_2432,failed,gateway_error,6658,0
fc2b7947-d8ef-4a08-b3d1-b455367b5de2,merchant_paymind_demo,cust_546,2026-08-05T04:41:00,16981.28,INR,wallet,route_c,Axis,,Kolkata,android,order_2433,failed,insufficient_funds,5459,0
b55dfa4c-2926-4624-bcb8-910089855fd9,merchant_paymind_demo,cust_147,2026-08-11T06:04:00,11640.6,INR,wallet,route_a,ICICI,,Kolkata,android,order_2434,failed,gateway_error,3589,0
341089d1-629d-4239-bb4a-74bec8c72abd,merchant_paymind_demo,cust_81,2026-08-08T19:00:00,17147.01,INR,netbanking,route_a,SBI,,Hyderabad,android,order_2435,success,,1154,0
9cf7d7c8-1f06-418d-8c6c-f79c7c9f2503,merchant_paymind_demo,cust_940,2026-08-05T04:14:00,6382.44,INR,credit_card,route_c,Axis,,Hyderabad,android,order_2436,success,,763,0
ef74222f-ac96-4b93-a790-12de427afa6a,merchant_paymind_demo,cust_571,2026-08-18T19:21:00,11117.85,INR,netbanking,route_b,Kotak,,Mumbai,web,order_2437,success,,1210,0
300bddfc-df6b-4a2f-bacb-a9e6aaecd4c7,merchant_paymind_demo,cust_815,2026-08-18T05:00:00,23244.22,INR,wallet,route_c,HDFC,,Delhi,ios,order_2438,failed,invalid_otp,2890,0
35c1b493-be02-48f1-9aa9-a5414192bc19,merchant_paymind_demo,cust_461,2026-08-03T21:28:00,11577.33,INR,wallet,route_b,Axis,,Delhi,web,order_2439,success,,656,0
19636c5e-a22f-4b35-99da-e27c1278aa5a,merchant_paymind_demo,cust_242,2026-08-19T17:03:00,9721.04,INR,credit_card,route_c,Yes Bank,,Mumbai,ios,order_2440,success,,2058,0
fb395233-fd01-4726-bf18-33c72d5e0850,merchant_paymind_demo,cust_882,2026-08-17T08:24:00,10523.54,INR,UPI,route_d,Yes Bank,paytm,Kolkata,android,order_2441,success,,2158,0
4ea23588-c2b4-46f1-834c-15a62dfb1a0c,merchant_paymind_demo,cust_623,2026-08-09T02:22:00,24431.9,INR,credit_card,route_d,SBI,,Hyderabad,web,order_2442,success,,1830,0
1414c100-2147-41c0-acb8-b3358ba3b775,merchant_paymind_demo,cust_2,2026-08-12T12:09:00,21486.1,INR,UPI,route_d,SBI,gpay,Chennai,web,order_2443,success,,2328,0
d7ca9d43-a373-49cb-b01d-372bae40b1c3,merchant_paymind_demo,cust_45,2026-08-04T20:38:00,1162.64,INR,debit_card,route_a,Yes Bank,,Pune,android,order_2444,success,,1003,0
8449a5f8-ef54-4beb-81b4-24cb3b401ff7,merchant_paymind_demo,cust_382,2026-08-18T13:25:00,1989.97,INR,wallet,route_c,SBI,,Kolkata,android,order_2445,failed,insufficient_funds,4289,0
cfcf11ec-be04-4801-96ed-e85fe293141c,merchant_paymind_demo,cust_71,2026-08-14T07:22:00,5668.01,INR,debit_card,route_b,SBI,,Delhi,android,order_2446,success,,1144,0
2b36b0b4-c694-4c5f-b683-91b381f9b0d4,merchant_paymind_demo,cust_344,2026-08-06T13:37:00,8970.15,INR,credit_card,route_a,ICICI,,Kolkata,ios,order_2447,failed,invalid_otp,4818,0
9efb3387-8760-411e-82f1-55f1d2add77f,merchant_paymind_demo,cust_464,2026-08-08T16:23:00,7127.81,INR,UPI,route_a,ICICI,bhim,Hyderabad,web,order_2448,success,,1466,0
1a613c90-89c9-418f-a518-a35a981d9941,merchant_paymind_demo,cust_503,2026-08-05T09:15:00,21884.92,INR,credit_card,route_c,ICICI,,Chennai,android,order_2449,success,,2047,0
0e2f09a7-57fd-47b0-976d-fe8c59de2ca9,merchant_paymind_demo,cust_1101,2026-08-01T14:33:00,8703.15,INR,credit_card,route_b,HDFC,,Delhi,ios,order_2450,failed,invalid_otp,2741,0
40f3aaf4-12bc-4607-be38-17126927fb3a,merchant_paymind_demo,cust_118,2026-08-11T02:39:00,19512.89,INR,credit_card,route_d,SBI,,Kolkata,web,order_2451,success,,848,0
6aa1f629-b373-41da-b80b-8a8a6c0d9f2b,merchant_paymind_demo,cust_498,2026-08-12T07:06:00,10067.14,INR,UPI,route_a,Axis,bhim,Bengaluru,web,order_2452,success,,1822,0
02858022-e94e-48db-8730-144eb4b36c31,merchant_paymind_demo,cust_31,2026-08-09T17:40:00,4597.2,INR,debit_card,route_c,Yes Bank,,Mumbai,web,order_2453,success,,1132,0
a1ece477-6786-4c07-948d-b6125823fcfc,merchant_paymind_demo,cust_201,2026-08-14T08:00:00,3354.36,INR,netbanking,route_d,Axis,,Mumbai,web,order_2454,success,,1238,0
1a669733-e42a-42af-90f0-6cf90c1bf252,merchant_paymind_demo,cust_476,2026-08-17T10:36:00,10049.52,INR,UPI,route_d,SBI,bhim,Bengaluru,android,order_2455,success,,2383,0
6cc6de98-9c0c-43c4-9fb4-213f43ffe734,merchant_paymind_demo,cust_211,2026-08-04T05:28:00,17545.43,INR,netbanking,route_d,HDFC,,Chennai,android,order_2456,success,,408,0
72771623-b6a2-4fc3-8871-48f924669ce7,merchant_paymind_demo,cust_325,2026-08-16T00:21:00,18558.58,INR,UPI,route_c,SBI,phonepe,Bengaluru,android,order_2457,success,,1082,0
6ca8cd48-7821-46ed-bec1-c1071cf74486,merchant_paymind_demo,cust_129,2026-08-09T01:14:00,17292.53,INR,credit_card,route_c,SBI,,Mumbai,ios,order_2458,success,,685,0
389e4d30-9d56-4ee1-9054-10325183fca5,merchant_paymind_demo,cust_286,2026-08-03T06:48:00,14568.07,INR,debit_card,route_a,SBI,,Delhi,web,order_2459,success,,502,0
0fbb809a-17c2-4055-a3e3-7d8083024c40,merchant_paymind_demo,cust_994,2026-08-14T10:55:00,11551.84,INR,wallet,route_b,SBI,,Chennai,web,order_2460,success,,819,0
91ad3d9d-af0c-4814-9a09-1c4279c24a76,merchant_paymind_demo,cust_515,2026-08-20T13:39:00,3325.74,INR,debit_card,route_a,Kotak,,Hyderabad,android,order_2461,success,,1341,0
f29465cc-6b26-45e5-8aa5-4f5dbc4c236f,merchant_paymind_demo,cust_1106,2026-08-19T00:06:00,2781.06,INR,debit_card,route_b,Yes Bank,,Mumbai,ios,order_2462,success,,2278,0
748133e7-a47b-401f-b8ff-8a39af519950,merchant_paymind_demo,cust_1010,2026-08-15T10:16:00,9585.99,INR,netbanking,route_b,ICICI,,Delhi,android,order_2463,failed,gateway_error,4902,0
3c9cdcc5-f1f6-4247-95d3-050fa8119e7b,merchant_paymind_demo,cust_118,2026-08-04T18:37:00,8540.32,INR,UPI,route_c,Axis,paytm,Mumbai,web,order_2464,success,,1666,0
d1c491bd-c975-46c3-a4f9-4c90ff313b36,merchant_paymind_demo,cust_736,2026-08-17T17:32:00,13205.93,INR,wallet,route_b,Yes Bank,,Hyderabad,android,order_2465,success,,1613,0
20788b8c-bafa-484b-992d-ea4d103d12e8,merchant_paymind_demo,cust_979,2026-08-04T01:42:00,10143.04,INR,netbanking,route_b,HDFC,,Pune,web,order_2466,success,,1390,0
46cdecad-1087-4b73-863e-c69fdfba7123,merchant_paymind_demo,cust_1198,2026-08-18T17:23:00,4248.63,INR,netbanking,route_c,ICICI,,Kolkata,web,order_2467,success,,1606,0
2d1d0c43-241c-42ba-9b5c-69d1e22e7ae1,merchant_paymind_demo,cust_1200,2026-08-09T21:58:00,4260.89,INR,debit_card,route_b,ICICI,,Delhi,ios,order_2468,success,,335,0
6ac67c94-89de-4b60-9269-dbba837ad751,merchant_paymind_demo,cust_723,2026-08-17T14:18:00,19905.57,INR,UPI,route_d,ICICI,paytm,Chennai,android,order_2469,success,,1984,0
c75df498-e15d-4dfb-a153-5c33bb8aa258,merchant_paymind_demo,cust_516,2026-08-05T02:27:00,16170.67,INR,credit_card,route_a,ICICI,,Kolkata,android,order_2470,success,,1306,0
e2d2e16c-761f-4955-918a-e7de04d429c2,merchant_paymind_demo,cust_1167,2026-08-14T01:09:00,4416.33,INR,debit_card,route_a,HDFC,,Hyderabad,web,order_2471,success,,2010,0
ed7f047c-b761-4e23-92c4-a3d86ee86435,merchant_paymind_demo,cust_909,2026-08-01T21:42:00,3402.75,INR,netbanking,route_d,HDFC,,Bengaluru,ios,order_2472,success,,515,0
11c68570-cf4a-404b-ba2f-82c6e22c9c58,merchant_paymind_demo,cust_398,2026-08-05T05:05:00,1715.5,INR,wallet,route_c,Yes Bank,,Mumbai,android,order_2473,success,,1248,0
8e51038a-094b-4fbd-98fa-18a7b7439b9c,merchant_paymind_demo,cust_173,2026-08-14T01:59:00,5529.17,INR,wallet,route_c,ICICI,,Hyderabad,web,order_2474,success,,1027,0
1eb4fc81-0e9f-48d4-bac5-7d6f00611ca6,merchant_paymind_demo,cust_950,2026-08-03T03:08:00,2216.75,INR,credit_card,route_b,Axis,,Kolkata,android,order_2475,success,,491,0
5967e95e-158f-4890-8485-b96ddeffb747,merchant_paymind_demo,cust_1084,2026-08-04T06:24:00,11562.02,INR,netbanking,route_a,SBI,,Chennai,ios,order_2476,success,,1939,0
d294c035-08e4-456e-badf-4bbd70ae64c1,merchant_paymind_demo,cust_857,2026-08-19T21:48:00,21021.55,INR,UPI,route_d,Axis,phonepe,Chennai,ios,order_2477,success,,1194,0
b1dff28f-680b-4e01-888d-644760ac8b10,merchant_paymind_demo,cust_725,2026-08-01T05:38:00,417.4,INR,wallet,route_c,ICICI,,Chennai,android,order_2478,success,,1118,0
e53a4e5a-1449-4eae-906c-83afa33385dc,merchant_paymind_demo,cust_911,2026-08-19T19:11:00,10668.99,INR,debit_card,route_b,ICICI,,Pune,android,order_2479,success,,1142,0
07b10193-ae23-4285-99f8-7291341a612c,merchant_paymind_demo,cust_235,2026-08-01T06:47:00,16090.71,INR,credit_card,route_c,SBI,,Pune,android,order_2480,success,,2082,0
8df415ed-c4f2-483b-9631-2459b9fa3d72,merchant_paymind_demo,cust_410,2026-08-17T06:42:00,2523.59,INR,debit_card,route_c,SBI,,Kolkata,ios,order_2481,success,,776,0
ac7cda41-3093-4ed8-84cb-8c6f383fe539,merchant_paymind_demo,cust_951,2026-08-11T16:36:00,16479.38,INR,credit_card,route_d,Kotak,,Bengaluru,ios,order_2482,success,,2021,0
dc4ad91b-4ba0-4d81-bfac-8f2cb1552b95,merchant_paymind_demo,cust_427,2026-08-18T23:28:00,6312.65,INR,UPI,route_c,ICICI,,Mumbai,ios,order_2483,success,,2055,0
15702e1d-3e4c-4ee3-9b6e-dce38b1510eb,merchant_paymind_demo,cust_697,2026-08-03T06:39:00,12814.35,INR,UPI,route_d,HDFC,gpay,Kolkata,ios,order_2484,success,,1073,0
df6c8d3f-6fe5-4e88-a0f6-4001c670ee17,merchant_paymind_demo,cust_375,2026-08-01T22:29:00,22061.01,INR,credit_card,route_c,Kotak,,Delhi,ios,order_2485,success,,1560,0
15211d6e-93e7-4541-93a0-d5eb671f1e49,merchant_paymind_demo,cust_160,2026-08-18T11:44:00,12430.45,INR,debit_card,route_b,SBI,,Bengaluru,ios,order_2486,success,,1673,0
baf0e0cc-43aa-4a22-b4ea-dea09be9672f,merchant_paymind_demo,cust_797,2026-08-14T00:42:00,6425.43,INR,credit_card,route_a,ICICI,,Bengaluru,ios,order_2487,success,,2495,0
741e0b48-4f32-4d10-98cb-80533bce5700,merchant_paymind_demo,cust_776,2026-08-20T03:52:00,19038.58,INR,debit_card,route_d,Kotak,,Hyderabad,android,order_2488,success,,1450,0
79178f53-63bb-46ae-95f9-5f0d16e33865,merchant_paymind_demo,cust_1057,2026-08-10T20:57:00,18361.86,INR,netbanking,route_c,HDFC,,Pune,android,order_2489,success,,313,0
45d8a54d-554a-49b5-9f11-06c200618cb7,merchant_paymind_demo,cust_1026,2026-08-20T21:32:00,8463.54,INR,wallet,route_c,Axis,,Pune,ios,order_2490,success,,1014,0
5c8c5c05-76a1-47c1-a110-93ae1aa3ae9e,merchant_paymind_demo,cust_571,2026-08-06T08:02:00,8066.11,INR,UPI,route_a,HDFC,,Kolkata,android,order_2491,success,,2253,0
41c64648-b4e8-4e94-8b6a-c33834631680,merchant_paymind_demo,cust_876,2026-08-02T03:15:00,7652.88,INR,wallet,route_d,Yes Bank,,Mumbai,ios,order_2492,success,,1209,0
736efd1a-c113-40bf-a06e-76213bdd7b23,merchant_paymind_demo,cust_1071,2026-08-06T23:02:00,6931.39,INR,netbanking,route_d,HDFC,,Chennai,web,order_2493,success,,1836,0
316ef529-0ff6-4a6d-a58e-b67ded76bb24,merchant_paymind_demo,cust_925,2026-08-20T04:31:00,16313.04,INR,UPI,route_c,Axis,paytm,Chennai,ios,order_2494,success,,838,0
18ecfa66-e548-427d-aa54-5086a5da481f,merchant_paymind_demo,cust_828,2026-08-13T14:15:00,23119.18,INR,netbanking,route_a,SBI,,Pune,ios,order_2495,success,,656,0
72fdcb67-53f1-4d5d-b640-e93af02b8e1e,merchant_paymind_demo,cust_1060,2026-08-17T23:42:00,15242.77,INR,wallet,route_a,HDFC,,Delhi,ios,order_2496,success,,2247,0
5176dd66-794c-40ff-b428-32ff2d4e7750,merchant_paymind_demo,cust_226,2026-08-01T06:03:00,19437.92,INR,credit_card,route_c,SBI,,Mumbai,web,order_2497,success,,2161,0
b702cb98-9118-40ef-a4fc-3b6e6a360e67,merchant_paymind_demo,cust_595,2026-08-06T08:59:00,9115.36,INR,wallet,route_d,HDFC,,Bengaluru,android,order_2498,success,,1233,0
f4a5ab86-fefd-4d20-8bca-9ed97795a237,merchant_paymind_demo,cust_871,2026-08-14T11:23:00,12754.44,INR,credit_card,route_b,HDFC,,Chennai,ios,order_2499,success,,2102,0
e5a78728-7a0d-4060-9c19-261c179db6f8,merchant_paymind_demo,cust_829,2026-08-11T17:13:00,17536.03,INR,credit_card,route_a,Kotak,,Delhi,android,order_2500,failed,bank_timeout,5445,0
5ed01f8f-05cc-469e-9841-895dbd11d7c9,merchant_paymind_demo,cust_974,2026-08-14T01:49:00,16077.21,INR,netbanking,route_a,Kotak,,Mumbai,web,order_2501,success,,2151,0
294d1222-2a92-43d6-a38b-6991d500e0be,merchant_paymind_demo,cust_883,2026-08-08T11:43:00,5489.85,INR,wallet,route_c,Yes Bank,,Hyderabad,android,order_2502,success,,1886,0
350a5035-45df-4a9d-84ae-54895ef49fdf,merchant_paymind_demo,cust_1173,2026-08-10T10:29:00,5148.54,INR,netbanking,route_b,Yes Bank,,Hyderabad,web,order_2503,success,,2363,0
350902de-188f-4019-a599-1c36f7077dbb,merchant_paymind_demo,cust_50,2026-08-17T21:10:00,21103.67,INR,netbanking,route_c,HDFC,,Kolkata,web,order_2504,success,,1539,0
fd92d753-28be-4772-b187-f23a79bc23f5,merchant_paymind_demo,cust_242,2026-08-16T19:16:00,11412.51,INR,wallet,route_c,Yes Bank,,Kolkata,web,order_2505,success,,2030,0
d71ca301-aace-4a51-a822-4a5d20832764,merchant_paymind_demo,cust_823,2026-08-16T12:53:00,18096.05,INR,UPI,route_a,Axis,bhim,Delhi,android,order_2506,success,,550,0
7cd2c37a-49c3-466c-a5f9-a0ee3418827c,merchant_paymind_demo,cust_334,2026-08-14T03:35:00,23276.77,INR,UPI,route_a,Axis,phonepe,Kolkata,web,order_2507,success,,1026,0
4f2aa6ec-cfb4-4b0d-9195-6d3c2f060ea5,merchant_paymind_demo,cust_165,2026-08-16T07:29:00,24880.15,INR,wallet,route_b,Axis,,Mumbai,web,order_2508,success,,930,0
7f4f910c-2ed7-4322-b417-96f3c0263817,merchant_paymind_demo,cust_418,2026-08-18T13:57:00,20116.86,INR,netbanking,route_d,HDFC,,Chennai,web,order_2509,success,,324,0
242ebfba-0810-413c-ae04-3abbda4c32f4,merchant_paymind_demo,cust_631,2026-08-14T21:32:00,6597.24,INR,wallet,route_d,Kotak,,Bengaluru,android,order_2510,success,,423,0
cd7d2ee6-96ea-4c9a-a31e-bb2602df1986,merchant_paymind_demo,cust_1097,2026-08-16T15:10:00,23844.33,INR,credit_card,route_b,HDFC,,Pune,android,order_2511,success,,1638,0
29e4e5aa-2c89-4338-8783-21a644f42ce4,merchant_paymind_demo,cust_40,2026-08-03T13:41:00,7092.81,INR,debit_card,route_d,Axis,,Mumbai,ios,order_2512,success,,1035,0
148de899-eb42-42ed-9275-9ff3d499dc81,merchant_paymind_demo,cust_1104,2026-08-10T23:51:00,4786.78,INR,UPI,route_c,SBI,,Hyderabad,android,order_2513,success,,1412,0
bf110379-5af1-45b8-9e0f-0085dbc7240a,merchant_paymind_demo,cust_1050,2026-08-17T21:30:00,19405.56,INR,credit_card,route_b,HDFC,,Pune,android,order_2514,success,,608,0
88f956c1-af5e-4a46-90f4-2ac7cdbb75da,merchant_paymind_demo,cust_229,2026-08-10T10:15:00,11813.33,INR,netbanking,route_a,Axis,,Pune,ios,order_2515,success,,1410,0
ddc515ec-5faa-4d7e-8765-fc78a075e2fd,merchant_paymind_demo,cust_704,2026-08-15T16:21:00,13216.21,INR,credit_card,route_a,HDFC,,Chennai,web,order_2516,success,,1334,0
cf8546c0-136f-4526-ab17-390fcd34bbd9,merchant_paymind_demo,cust_291,2026-08-20T08:10:00,16368.52,INR,wallet,route_a,SBI,,Mumbai,android,order_2517,success,,2138,0
6a0e5e9d-9d94-4c8c-b62a-a7b2e39efebd,merchant_paymind_demo,cust_112,2026-08-14T15:10:00,24434.3,INR,UPI,route_d,Yes Bank,paytm,Mumbai,ios,order_2518,success,,496,0
42df4d75-5023-4b99-bf37-4849b00080cc,merchant_paymind_demo,cust_1105,2026-08-01T17:10:00,12963.66,INR,credit_card,route_a,Axis,,Delhi,ios,order_2519,failed,bank_timeout,6331,0
afe3b9ee-9bef-4230-9689-9b876e87f3cb,merchant_paymind_demo,cust_850,2026-08-13T12:31:00,4387.64,INR,credit_card,route_c,SBI,,Kolkata,web,order_2520,success,,1636,0
62f1da47-e63b-473b-8b3f-756bb0ec0a23,merchant_paymind_demo,cust_40,2026-08-11T09:56:00,3725.26,INR,UPI,route_c,Kotak,phonepe,Pune,web,order_2521,success,,2212,0
b4c6cf24-fe1c-4b82-9843-57379404b8f0,merchant_paymind_demo,cust_859,2026-08-13T06:49:00,104.45,INR,debit_card,route_a,Yes Bank,,Hyderabad,ios,order_2522,success,,751,0
3e337363-3e30-4e27-96b6-25750f25f527,merchant_paymind_demo,cust_832,2026-08-09T22:02:00,3354.17,INR,credit_card,route_a,Kotak,,Delhi,android,order_2523,success,,1283,0
9f47e1e5-618e-4bb9-98c1-197e647ab13a,merchant_paymind_demo,cust_117,2026-08-15T11:07:00,18947.38,INR,wallet,route_b,Axis,,Delhi,web,order_2524,success,,1383,0
56e1b493-a402-4e7d-b8d6-9ebd87b47b90,merchant_paymind_demo,cust_668,2026-08-19T06:34:00,14891.81,INR,debit_card,route_b,Yes Bank,,Bengaluru,ios,order_2525,success,,2437,0
9c977ea9-1396-4dbf-a7bd-5c02b2e1d7f6,merchant_paymind_demo,cust_167,2026-08-05T01:33:00,323.25,INR,netbanking,route_c,Yes Bank,,Pune,android,order_2526,success,,1521,0
41e0cf2f-ba90-40a8-8e20-cc7a1e735acb,merchant_paymind_demo,cust_766,2026-08-05T21:23:00,10225.16,INR,credit_card,route_a,Kotak,,Mumbai,android,order_2527,success,,1212,0
f21eaece-8c7e-4fb0-9572-f8f8c261310e,merchant_paymind_demo,cust_19,2026-08-05T03:44:00,13805.43,INR,netbanking,route_c,Kotak,,Chennai,ios,order_2528,success,,540,0
e24a9efd-c596-436d-a3b9-d889bdc0bb43,merchant_paymind_demo,cust_920,2026-08-01T00:25:00,3339.89,INR,credit_card,route_c,ICICI,,Chennai,ios,order_2529,success,,844,0
51645e5a-87e9-43c3-895d-f032c30e62f3,merchant_paymind_demo,cust_727,2026-08-06T01:24:00,17475.11,INR,debit_card,route_d,SBI,,Hyderabad,android,order_2530,failed,gateway_error,8469,0
e30ac8dc-03a7-4143-b50b-ef16e50340b5,merchant_paymind_demo,cust_571,2026-08-16T11:11:00,455.89,INR,debit_card,route_b,Axis,,Kolkata,web,order_2531,success,,1414,0
7faf2c62-144c-48e5-b32d-21bd50517d71,merchant_paymind_demo,cust_244,2026-08-09T00:23:00,21863.24,INR,wallet,route_d,Axis,,Delhi,web,order_2532,success,,1813,0
19eff557-c3cb-445a-a998-3db40c288af0,merchant_paymind_demo,cust_820,2026-08-10T08:31:00,3849.14,INR,debit_card,route_b,ICICI,,Delhi,ios,order_2533,success,,457,0
645afd72-4e09-4bea-b532-54d5a969498c,merchant_paymind_demo,cust_950,2026-08-14T18:02:00,19397.8,INR,netbanking,route_d,SBI,,Hyderabad,android,order_2534,success,,829,0
43a7a7d2-381e-4be0-940a-9624dbb2c6a0,merchant_paymind_demo,cust_1162,2026-08-19T13:58:00,12140.82,INR,debit_card,route_b,ICICI,,Pune,android,order_2535,success,,1350,0
17d83655-8e22-499d-8fb9-5c504bfb8b6c,merchant_paymind_demo,cust_793,2026-08-05T04:46:00,4186.35,INR,credit_card,route_d,Kotak,,Hyderabad,android,order_2536,success,,345,0
ec767150-497a-45b2-ac0b-2c17c15e52fc,merchant_paymind_demo,cust_149,2026-08-11T07:47:00,23718.26,INR,netbanking,route_d,ICICI,,Delhi,ios,order_2537,success,,1844,0
0c23bbe6-b9d0-4a13-ba95-179be68b2673,merchant_paymind_demo,cust_317,2026-08-14T09:07:00,22874.59,INR,wallet,route_b,ICICI,,Bengaluru,web,order_2538,success,,2255,0
138a7582-5b57-4b50-a087-bfdf24d89e43,merchant_paymind_demo,cust_951,2026-08-17T03:49:00,12411.03,INR,netbanking,route_b,SBI,,Kolkata,ios,order_2539,success,,350,0
947c1abc-7e4d-4847-98db-dd1ef28495e0,merchant_paymind_demo,cust_522,2026-08-12T22:49:00,4358.03,INR,debit_card,route_c,Kotak,,Kolkata,android,order_2540,success,,691,0
75bcee6c-77fa-497e-aadc-98203e2b7a17,merchant_paymind_demo,cust_1082,2026-08-17T23:26:00,4780.5,INR,debit_card,route_a,ICICI,,Delhi,ios,order_2541,success,,340,0
72e4341d-cd6d-46e6-8728-8b577c6c0392,merchant_paymind_demo,cust_137,2026-08-07T14:09:00,7472.4,INR,UPI,route_d,Axis,phonepe,Kolkata,web,order_2542,failed,insufficient_funds,8491,0
10688b43-bfdd-40cf-abee-a9cfd8d327a9,merchant_paymind_demo,cust_465,2026-08-20T09:48:00,892.2,INR,debit_card,route_c,Yes Bank,,Hyderabad,android,order_2543,success,,1191,0
1c805989-2ee5-42e1-a581-6ccf390a765b,merchant_paymind_demo,cust_419,2026-08-12T18:07:00,20297.61,INR,debit_card,route_d,SBI,,Delhi,web,order_2544,success,,2225,0
b68b51e5-d016-40d1-a71d-9cb600a71fcc,merchant_paymind_demo,cust_1107,2026-08-10T21:26:00,16128.46,INR,credit_card,route_d,SBI,,Delhi,web,order_2545,failed,bank_timeout,4431,0
64e93143-c902-4159-84ef-52ae6104cbe8,merchant_paymind_demo,cust_310,2026-08-02T06:22:00,12988.83,INR,UPI,route_b,SBI,phonepe,Mumbai,web,order_2546,success,,2284,0
d25d2740-a1d9-4f79-9b30-2f47c5d004ac,merchant_paymind_demo,cust_210,2026-08-15T03:54:00,23584.77,INR,netbanking,route_d,ICICI,,Hyderabad,web,order_2547,success,,439,0
4c34f5cc-0a4e-47df-8211-2c70870cd7be,merchant_paymind_demo,cust_270,2026-08-01T02:21:00,2175.12,INR,debit_card,route_c,ICICI,,Pune,android,order_2548,success,,2137,0
5059446c-23c8-49b6-bc63-b4dc9034b1b3,merchant_paymind_demo,cust_206,2026-08-12T23:22:00,10793.81,INR,wallet,route_c,Axis,,Delhi,web,order_2549,success,,1489,0
256e254a-0076-4961-977c-4f3c4847927f,merchant_paymind_demo,cust_630,2026-08-12T04:00:00,6477.81,INR,UPI,route_b,SBI,phonepe,Mumbai,web,order_2550,success,,1095,0
823c2c9a-cb0d-4c33-92be-dbf9c7e91fbc,merchant_paymind_demo,cust_647,2026-08-20T08:26:00,10147.37,INR,netbanking,route_a,HDFC,,Chennai,ios,order_2551,success,,2331,0
23aa2745-c3df-4ded-bc72-1ed5a46b422a,merchant_paymind_demo,cust_151,2026-08-12T07:03:00,24764.95,INR,credit_card,route_c,HDFC,,Delhi,ios,order_2552,success,,652,0
d2d83d35-fd8c-447d-add7-9a841377c288,merchant_paymind_demo,cust_368,2026-08-02T00:34:00,3707.99,INR,wallet,route_c,Kotak,,Pune,web,order_2553,success,,590,0
993f7be3-d333-4525-a239-146ac265d7cb,merchant_paymind_demo,cust_992,2026-08-05T09:36:00,5288.68,INR,wallet,route_a,ICICI,,Bengaluru,web,order_2554,success,,1053,0
4cb6f326-8b96-457e-a9b3-c34f689fa302,merchant_paymind_demo,cust_636,2026-08-07T06:13:00,21173.38,INR,debit_card,route_c,Kotak,,Hyderabad,android,order_2555,success,,1409,0
99b1ad19-364f-47b4-a05d-8824184fafe8,merchant_paymind_demo,cust_910,2026-08-18T01:29:00,23971.29,INR,netbanking,route_d,ICICI,,Kolkata,android,order_2556,success,,1591,0
e8de103d-200b-4e3b-91f4-710237edccfb,merchant_paymind_demo,cust_11,2026-08-16T17:49:00,20931.67,INR,UPI,route_d,SBI,gpay,Kolkata,web,order_2557,success,,592,0
7777e3e9-4ff8-447c-b607-351c879441fe,merchant_paymind_demo,cust_1142,2026-08-20T10:01:00,19542.16,INR,netbanking,route_c,HDFC,,Chennai,web,order_2558,success,,1278,0
30e6aff5-9289-44e1-9730-1fd985d17b6a,merchant_paymind_demo,cust_711,2026-08-02T18:50:00,6736.21,INR,credit_card,route_d,ICICI,,Bengaluru,android,order_2559,success,,600,0
40e9e507-37e7-43d3-b76d-1b605cb0f6dd,merchant_paymind_demo,cust_1043,2026-08-01T00:47:00,8640.61,INR,wallet,route_a,Yes Bank,,Pune,android,order_2560,success,,1614,0
93f6acc9-cacd-44a5-af59-bd9665c98968,merchant_paymind_demo,cust_804,2026-08-16T05:24:00,9175.35,INR,netbanking,route_a,Axis,,Mumbai,web,order_2561,success,,2314,0
875a1a59-0666-4abf-9acb-23ce3f1a38f1,merchant_paymind_demo,cust_584,2026-08-01T06:10:00,14716.41,INR,netbanking,route_a,Yes Bank,,Bengaluru,ios,order_2562,failed,invalid_otp,2960,0
46cff55a-bded-4e63-ba2d-6959c9894aa1,merchant_paymind_demo,cust_38,2026-08-18T07:41:00,6253.68,INR,wallet,route_b,ICICI,,Mumbai,web,order_2563,success,,398,0
f051840b-052a-42d0-a89e-4d7d0d3aa160,merchant_paymind_demo,cust_807,2026-08-18T11:56:00,4049.95,INR,credit_card,route_a,ICICI,,Hyderabad,ios,order_2564,success,,1935,0
2d9b7b1f-e288-45c2-a597-cef6caacacfc,merchant_paymind_demo,cust_44,2026-08-16T00:29:00,11148.16,INR,debit_card,route_a,ICICI,,Chennai,ios,order_2565,success,,944,0
de2df394-be90-4f74-9692-6b235bea640f,merchant_paymind_demo,cust_186,2026-08-09T16:41:00,7097.99,INR,wallet,route_d,Yes Bank,,Hyderabad,android,order_2566,success,,1134,0
9af20a23-43da-4d27-8164-ec1fb7d060e4,merchant_paymind_demo,cust_856,2026-08-04T00:10:00,5042.18,INR,credit_card,route_b,Kotak,,Chennai,ios,order_2567,success,,1379,0
1f88e120-09d7-4c95-aa5b-995a8339a7bc,merchant_paymind_demo,cust_1039,2026-08-02T05:10:00,19064.07,INR,UPI,route_d,Axis,gpay,Hyderabad,web,order_2568,success,,2278,0
e7f9ec0f-14b2-4dfc-9724-89af2688cacc,merchant_paymind_demo,cust_85,2026-08-16T11:05:00,17905.19,INR,UPI,route_a,Kotak,paytm,Kolkata,android,order_2569,success,,623,0
081022f9-5338-4096-b96c-7290c5529659,merchant_paymind_demo,cust_298,2026-08-19T10:46:00,9775.45,INR,UPI,route_a,HDFC,paytm,Hyderabad,ios,order_2570,success,,1686,0
e4f5644f-cb9f-453b-9fe4-1723e95c1c6e,merchant_paymind_demo,cust_334,2026-08-19T05:05:00,10013.55,INR,wallet,route_b,Yes Bank,,Mumbai,android,order_2571,failed,gateway_error,2264,0
a7792972-0774-444f-aabf-d2857b560f5e,merchant_paymind_demo,cust_326,2026-08-04T08:08:00,501.33,INR,debit_card,route_b,Kotak,,Chennai,web,order_2572,success,,328,0
8918ae1f-efdf-4334-9637-9ec255592519,merchant_paymind_demo,cust_559,2026-08-09T06:26:00,17793.64,INR,netbanking,route_c,Axis,,Pune,web,order_2573,success,,532,0
6c6fe6ff-9819-49f5-a42e-241f43d34f0a,merchant_paymind_demo,cust_282,2026-08-15T13:50:00,22390.23,INR,wallet,route_a,Axis,,Kolkata,android,order_2574,success,,1484,0
537bf286-9016-458a-8d38-1dab7c6ba157,merchant_paymind_demo,cust_1173,2026-08-08T17:06:00,18243.41,INR,netbanking,route_c,Axis,,Kolkata,ios,order_2575,success,,1887,0
c8fc9289-abf1-48aa-b0e5-af740ec9ca88,merchant_paymind_demo,cust_835,2026-08-05T02:11:00,6242.52,INR,netbanking,route_d,HDFC,,Bengaluru,android,order_2576,success,,355,0
a6fce39b-3cbc-4cf5-909e-96ecd44c8bc8,merchant_paymind_demo,cust_151,2026-08-17T20:03:00,13388.78,INR,credit_card,route_a,ICICI,,Bengaluru,ios,order_2577,success,,2136,0
f30a5e66-6821-4280-9cb2-92ded15f2c41,merchant_paymind_demo,cust_796,2026-08-12T18:18:00,10062.05,INR,UPI,route_c,HDFC,bhim,Delhi,android,order_2578,success,,1922,0
6faf5c82-cd8b-49cf-997b-cb59802c8e37,merchant_paymind_demo,cust_18,2026-08-09T10:35:00,1148.22,INR,netbanking,route_a,Yes Bank,,Pune,ios,order_2579,success,,1389,0
14a82c7d-8880-4c23-b87a-30c814638502,merchant_paymind_demo,cust_248,2026-08-01T05:58:00,21496.55,INR,UPI,route_a,Kotak,gpay,Delhi,android,order_2580,success,,1271,0
3ab4c0d4-fbeb-4d9c-aa96-cb1c1399581f,merchant_paymind_demo,cust_278,2026-08-01T12:43:00,15227.34,INR,UPI,route_c,ICICI,phonepe,Kolkata,ios,order_2581,success,,1819,0
2771c8a2-5a43-4f08-973f-79250322881e,merchant_paymind_demo,cust_751,2026-08-06T06:18:00,21443.83,INR,wallet,route_b,Axis,,Mumbai,android,order_2582,success,,2484,0
28fed1c0-5a72-4c5c-93ce-8a6c1a130564,merchant_paymind_demo,cust_950,2026-08-08T22:30:00,22934.92,INR,netbanking,route_d,SBI,,Pune,ios,order_2583,failed,invalid_otp,8646,0
2462bc92-91ad-446d-84fe-0bc72ce90eb5,merchant_paymind_demo,cust_281,2026-08-01T23:56:00,8009.62,INR,debit_card,route_c,Yes Bank,,Bengaluru,ios,order_2584,success,,1222,0
d45f728c-1be8-4aec-bc70-0ef6d84b793d,merchant_paymind_demo,cust_1142,2026-08-01T08:53:00,15784.01,INR,wallet,route_a,Yes Bank,,Hyderabad,web,order_2585,success,,1894,0
3a220f7f-7753-4556-8076-32da57a49d8e,merchant_paymind_demo,cust_1085,2026-08-05T19:25:00,7120.67,INR,debit_card,route_c,SBI,,Chennai,ios,order_2586,success,,942,0
ded2b71b-2c3c-457f-aebe-0d21f985883d,merchant_paymind_demo,cust_760,2026-08-04T09:35:00,3127.53,INR,credit_card,route_d,HDFC,,Bengaluru,web,order_2587,success,,1968,0
b3e976fe-c462-493b-81da-b2683b2b0341,merchant_paymind_demo,cust_837,2026-08-03T08:00:00,20280.96,INR,netbanking,route_b,SBI,,Hyderabad,ios,order_2588,failed,insufficient_funds,5667,0
c2307e87-3e0c-404b-ae99-c80042a09cac,merchant_paymind_demo,cust_316,2026-08-18T05:50:00,10568.9,INR,UPI,route_d,HDFC,phonepe,Delhi,ios,order_2589,success,,557,0
d1090678-3d5d-4e26-89de-cca07414a605,merchant_paymind_demo,cust_56,2026-08-02T14:46:00,9392.75,INR,debit_card,route_b,Yes Bank,,Mumbai,android,order_2590,success,,2107,0
ced4c40e-f2b8-4ed1-8624-5e5f87c22a80,merchant_paymind_demo,cust_185,2026-08-10T15:06:00,12451.41,INR,credit_card,route_a,SBI,,Chennai,android,order_2591,success,,1720,0
2b202c3a-cfb4-4e0d-ba8e-61d6b364778b,merchant_paymind_demo,cust_127,2026-08-09T11:56:00,3267.27,INR,wallet,route_c,SBI,,Mumbai,android,order_2592,success,,1304,0
cb073370-f2e2-4ffe-89ed-27adff9be5db,merchant_paymind_demo,cust_906,2026-08-13T21:44:00,6670.44,INR,wallet,route_d,SBI,,Pune,web,order_2593,success,,1796,0
16167f6b-8203-42e9-a5a2-74c7181bae7c,merchant_paymind_demo,cust_656,2026-08-16T19:13:00,23477.28,INR,credit_card,route_d,Kotak,,Mumbai,ios,order_2594,success,,2185,0
521e012c-f919-441d-a704-a724bd63aaf4,merchant_paymind_demo,cust_164,2026-08-18T06:13:00,16092.5,INR,UPI,route_d,Axis,paytm,Kolkata,web,order_2595,success,,1957,0
8da6b847-f981-45e3-a48c-52fe94c631a7,merchant_paymind_demo,cust_677,2026-08-09T20:05:00,22135.11,INR,wallet,route_b,ICICI,,Bengaluru,web,order_2596,success,,2327,0
53d26401-2e47-4fe2-a235-bcb5113a06ac,merchant_paymind_demo,cust_1146,2026-08-11T11:13:00,9929.9,INR,debit_card,route_a,SBI,,Pune,ios,order_2597,success,,501,0
6da1a948-10c1-4ef8-a939-c54f902c4d9d,merchant_paymind_demo,cust_980,2026-08-20T06:53:00,11877.49,INR,credit_card,route_a,Kotak,,Bengaluru,android,order_2598,success,,324,0
52c5ebdb-ba84-4327-a1c2-04c4f8b1b5a7,merchant_paymind_demo,cust_336,2026-08-01T13:56:00,15106.58,INR,UPI,route_d,Axis,phonepe,Delhi,android,order_2599,success,,888,0
ab0e792c-f447-4c7b-8794-027f1ee381fa,merchant_paymind_demo,cust_436,2026-08-18T21:20:00,17081.18,INR,wallet,route_b,Kotak,,Kolkata,ios,order_2600,success,,1484,0
6ade7eef-e907-41ca-8026-3bd3f92dcb0e,merchant_paymind_demo,cust_1149,2026-08-04T00:50:00,8087.89,INR,debit_card,route_b,Axis,,Kolkata,ios,order_2601,failed,gateway_error,7057,0
10dba356-acaa-45c1-a697-837b3199f106,merchant_paymind_demo,cust_529,2026-08-04T18:17:00,11010.44,INR,wallet,route_b,Kotak,,Pune,android,order_2602,success,,1216,0
fc2f8a9c-0bd4-4007-96c8-aeb19df7c0d6,merchant_paymind_demo,cust_289,2026-08-02T01:31:00,3459.68,INR,wallet,route_b,HDFC,,Hyderabad,android,order_2603,success,,1329,0
42086ec3-21b1-487e-b6f1-8b43e900187a,merchant_paymind_demo,cust_387,2026-08-06T04:29:00,19040.58,INR,UPI,route_b,Kotak,paytm,Bengaluru,android,order_2604,success,,1170,0
74f6ce06-155c-4b12-b43d-3342f0ab296f,merchant_paymind_demo,cust_145,2026-08-14T18:13:00,14795.19,INR,debit_card,route_b,Kotak,,Mumbai,web,order_2605,success,,2279,0
03ab150f-b5f1-4200-b6f7-89a70f719fcc,merchant_paymind_demo,cust_173,2026-08-08T11:16:00,21076.39,INR,debit_card,route_c,ICICI,,Chennai,android,order_2606,success,,2112,0
28f1fcbd-e579-4002-bfb4-563281310367,merchant_paymind_demo,cust_143,2026-08-05T14:10:00,13800.3,INR,debit_card,route_b,HDFC,,Mumbai,android,order_2607,success,,1911,0
0f96f078-96ce-47d9-8156-ed95ad230368,merchant_paymind_demo,cust_438,2026-08-16T07:47:00,3910.4,INR,debit_card,route_d,Yes Bank,,Pune,android,order_2608,success,,825,0
3d2fe38d-abe5-4ae6-939c-4b52714c8372,merchant_paymind_demo,cust_957,2026-08-05T23:14:00,5133.61,INR,netbanking,route_a,Axis,,Pune,web,order_2609,success,,438,0
7dcf2b09-f456-4e3d-adff-bdec25b996e3,merchant_paymind_demo,cust_612,2026-08-17T14:44:00,11979.65,INR,netbanking,route_d,HDFC,,Delhi,web,order_2610,success,,1780,0
1523c5f7-66ee-438a-9b58-f85e793ebff6,merchant_paymind_demo,cust_71,2026-08-08T14:59:00,15378.35,INR,UPI,route_b,Kotak,,Kolkata,ios,order_2611,success,,854,0
ecf6e9a1-ef86-46ae-87fa-5e11469869ba,merchant_paymind_demo,cust_77,2026-08-15T13:41:00,11849.27,INR,debit_card,route_c,Yes Bank,,Mumbai,android,order_2612,success,,2331,0
d859dfd4-61fd-4167-8de2-193ab3212b8f,merchant_paymind_demo,cust_890,2026-08-11T18:27:00,19548.46,INR,debit_card,route_c,Kotak,,Delhi,ios,order_2613,failed,gateway_error,5442,0
f82ab16f-7c06-463b-8d32-d83569654314,merchant_paymind_demo,cust_5,2026-08-20T03:45:00,23152.37,INR,credit_card,route_b,HDFC,,Kolkata,android,order_2614,success,,1303,0
959a58aa-dc8c-433b-b19d-3729668da21f,merchant_paymind_demo,cust_1042,2026-08-16T01:44:00,24553.69,INR,netbanking,route_d,SBI,,Chennai,web,order_2615,success,,590,0
0f07e149-6e6d-42cf-b089-8dba45d42a9d,merchant_paymind_demo,cust_548,2026-08-08T04:03:00,14895.56,INR,debit_card,route_b,HDFC,,Hyderabad,android,order_2616,success,,2284,0
95435523-f71e-419a-8864-27cb06ac4d75,merchant_paymind_demo,cust_569,2026-08-20T03:54:00,24931.53,INR,wallet,route_a,SBI,,Hyderabad,web,order_2617,success,,2372,0
5cf9e69f-6b4d-448d-8e29-accd80cf858d,merchant_paymind_demo,cust_646,2026-08-19T12:28:00,7873.89,INR,netbanking,route_c,Kotak,,Pune,web,order_2618,failed,bank_timeout,3170,0
328fcb44-e9a1-45f6-ad7b-a35f5b7da907,merchant_paymind_demo,cust_894,2026-08-07T17:58:00,5451.13,INR,netbanking,route_b,Yes Bank,,Delhi,web,order_2619,success,,1353,0
ca3524a5-ca74-4aec-af98-9b69b0acc5cc,merchant_paymind_demo,cust_207,2026-08-04T13:42:00,17979.1,INR,netbanking,route_a,Yes Bank,,Kolkata,android,order_2620,success,,1649,0
00556338-5ca5-4387-83a1-e99b9796d896,merchant_paymind_demo,cust_696,2026-08-06T04:30:00,6324.37,INR,wallet,route_a,Yes Bank,,Mumbai,android,order_2621,success,,2144,0
fab15c5d-6db3-4e02-826e-6c4abc264ca5,merchant_paymind_demo,cust_335,2026-08-04T03:04:00,22745.0,INR,netbanking,route_c,Axis,,Bengaluru,android,order_2622,success,,961,0
4a2798b7-5113-4b8e-8098-c45a37558c84,merchant_paymind_demo,cust_945,2026-08-17T23:42:00,12625.19,INR,debit_card,route_d,HDFC,,Kolkata,web,order_2623,success,,2352,0
571df95e-8ac8-4559-b64c-dad8d4d62598,merchant_paymind_demo,cust_264,2026-08-05T15:58:00,11283.77,INR,wallet,route_d,HDFC,,Bengaluru,web,order_2624,success,,1488,0
e9167a43-c793-402b-903d-0ad4d3719045,merchant_paymind_demo,cust_102,2026-08-09T17:56:00,17453.34,INR,UPI,route_b,Yes Bank,paytm,Hyderabad,web,order_2625,success,,1815,0
3780c3cd-04cb-4f90-b894-86008348ae5b,merchant_paymind_demo,cust_1178,2026-08-14T15:23:00,13435.18,INR,netbanking,route_c,Axis,,Mumbai,web,order_2626,success,,1629,0
87e729d1-2706-4b91-b1ae-9cbb38e0d6e9,merchant_paymind_demo,cust_909,2026-08-15T04:31:00,6770.02,INR,wallet,route_d,ICICI,,Pune,web,order_2627,success,,1288,0
3760b736-116b-40fa-b793-9b7bd3577b83,merchant_paymind_demo,cust_911,2026-08-04T12:11:00,5073.2,INR,UPI,route_a,HDFC,,Mumbai,web,order_2628,success,,876,0
fbb166db-cc63-485d-9393-5413f26fa01c,merchant_paymind_demo,cust_821,2026-08-04T00:18:00,234.85,INR,netbanking,route_d,SBI,,Bengaluru,ios,order_2629,success,,2141,0
47a07a90-6396-46f0-851e-7e85c4a4b682,merchant_paymind_demo,cust_569,2026-08-08T12:31:00,12506.59,INR,wallet,route_d,SBI,,Bengaluru,ios,order_2630,success,,2321,0
5055602f-82c1-4f21-8dbd-aa9400d506c8,merchant_paymind_demo,cust_353,2026-08-06T19:08:00,11782.99,INR,debit_card,route_c,HDFC,,Mumbai,android,order_2631,success,,1882,0
304c002e-ae84-4e91-a4a5-16623b094148,merchant_paymind_demo,cust_1068,2026-08-18T21:45:00,20241.91,INR,wallet,route_b,SBI,,Pune,android,order_2632,success,,1763,0
cce2fae2-7081-4688-a8af-2759452d7ca9,merchant_paymind_demo,cust_723,2026-08-06T19:27:00,8161.15,INR,UPI,route_b,ICICI,paytm,Kolkata,ios,order_2633,success,,1365,0
21f73864-8a51-49d4-9c15-d726a13144c7,merchant_paymind_demo,cust_968,2026-08-07T17:42:00,173.21,INR,UPI,route_b,ICICI,,Chennai,web,order_2634,success,,2044,0
cefd36e5-06b8-46ad-b609-6da202fa52d9,merchant_paymind_demo,cust_478,2026-08-20T00:50:00,7991.02,INR,UPI,route_d,HDFC,gpay,Chennai,android,order_2635,success,,1304,0
745f62bd-c246-4cd1-a3e8-525e46ca008e,merchant_paymind_demo,cust_611,2026-08-19T10:18:00,23418.41,INR,netbanking,route_b,ICICI,,Hyderabad,web,order_2636,success,,1984,0
e535ff92-82e4-4f2c-aa98-f6bb9a05b8eb,merchant_paymind_demo,cust_682,2026-08-17T15:23:00,1260.36,INR,UPI,route_b,HDFC,,Kolkata,ios,order_2637,success,,583,0
c3d7fe88-6b5c-4af8-81a4-007ce20c9dc3,merchant_paymind_demo,cust_1185,2026-08-01T06:37:00,14617.85,INR,credit_card,route_d,Yes Bank,,Mumbai,web,order_2638,success,,2248,0
a6caede7-99d5-45e6-bca0-fb0ce1865cb1,merchant_paymind_demo,cust_1180,2026-08-20T23:18:00,12200.12,INR,wallet,route_c,SBI,,Delhi,web,order_2639,success,,1400,0
213ff2ec-8019-4508-aa9c-76fddaae881d,merchant_paymind_demo,cust_798,2026-08-14T20:48:00,6794.03,INR,UPI,route_a,SBI,paytm,Mumbai,ios,order_2640,success,,1138,0
1a46d652-0200-40f7-8b8d-40782fe40b73,merchant_paymind_demo,cust_774,2026-08-18T02:34:00,17297.97,INR,debit_card,route_c,Kotak,,Mumbai,web,order_2641,success,,1618,0
bae781af-819a-4941-b50c-dab6e35b2d87,merchant_paymind_demo,cust_457,2026-08-14T00:57:00,6317.81,INR,netbanking,route_a,SBI,,Hyderabad,web,order_2642,success,,484,0
b4003c9a-d293-4931-933d-f269ed8a807f,merchant_paymind_demo,cust_886,2026-08-01T00:35:00,4256.22,INR,credit_card,route_c,SBI,,Delhi,web,order_2643,success,,481,0
ee160d04-af08-4944-94a3-9a66ae9521ec,merchant_paymind_demo,cust_725,2026-08-13T01:41:00,15031.59,INR,credit_card,route_b,SBI,,Hyderabad,ios,order_2644,success,,371,0
97bd06a3-b9ef-4abd-a1c1-53661de7c72b,merchant_paymind_demo,cust_640,2026-08-04T11:52:00,1069.68,INR,netbanking,route_a,Kotak,,Pune,ios,order_2645,success,,2183,0
2097c3a4-1599-4200-8601-51362e4aa73c,merchant_paymind_demo,cust_895,2026-08-11T11:22:00,9096.23,INR,netbanking,route_c,HDFC,,Pune,ios,order_2646,success,,573,0
fa916a0b-27cc-4376-9930-36596122d108,merchant_paymind_demo,cust_548,2026-08-16T15:02:00,13090.89,INR,wallet,route_b,ICICI,,Mumbai,web,order_2647,success,,2438,0
cf8a37ed-df7f-4b88-b760-80e846346fab,merchant_paymind_demo,cust_656,2026-08-18T21:38:00,16052.63,INR,credit_card,route_d,Yes Bank,,Hyderabad,ios,order_2648,success,,734,0
e5579829-3f0a-4b7d-bbe1-644412d25f01,merchant_paymind_demo,cust_502,2026-08-15T17:11:00,19173.0,INR,wallet,route_b,Axis,,Mumbai,web,order_2649,success,,1776,0
4ee1e769-9af3-4167-abae-8cba56a44ba1,merchant_paymind_demo,cust_574,2026-08-04T18:31:00,11508.2,INR,wallet,route_d,SBI,,Hyderabad,android,order_2650,success,,704,0
ed359f3a-79ea-4286-aec0-5f59f74615ee,merchant_paymind_demo,cust_6,2026-08-09T17:41:00,10101.24,INR,netbanking,route_b,Yes Bank,,Pune,web,order_2651,success,,654,0
2ea1a7c4-d10a-408e-99c2-f2c6af88cfeb,merchant_paymind_demo,cust_1085,2026-08-19T03:56:00,19120.69,INR,debit_card,route_d,Kotak,,Hyderabad,android,order_2652,success,,1507,0
2bb0705f-a240-4b7b-96cb-f91dfa35c996,merchant_paymind_demo,cust_741,2026-08-19T16:45:00,8530.15,INR,credit_card,route_c,Axis,,Hyderabad,web,order_2653,success,,395,0
b82a8b3d-d739-4ead-8dda-df71fbb94b47,merchant_paymind_demo,cust_483,2026-08-04T00:55:00,11531.2,INR,netbanking,route_b,ICICI,,Pune,ios,order_2654,success,,787,0
f1605968-fe1b-4fc1-9347-7de6c7662bb7,merchant_paymind_demo,cust_1187,2026-08-01T14:43:00,24518.37,INR,netbanking,route_b,ICICI,,Chennai,web,order_2655,success,,531,0
9e0f7184-5b1d-429f-b741-bf404e226275,merchant_paymind_demo,cust_878,2026-08-08T04:46:00,20606.86,INR,UPI,route_d,HDFC,,Bengaluru,ios,order_2656,success,,2129,0
9554db1e-43df-4f27-8990-c4f2980fbf5f,merchant_paymind_demo,cust_532,2026-08-02T14:33:00,15696.64,INR,wallet,route_d,Axis,,Chennai,ios,order_2657,success,,1585,0
2958c7f8-5fa8-4b74-a94c-f239735cb974,merchant_paymind_demo,cust_159,2026-08-19T15:02:00,21969.27,INR,credit_card,route_a,Axis,,Pune,android,order_2658,success,,2195,0
7660c5a5-e3e8-44d2-8c4e-6704677d9e2c,merchant_paymind_demo,cust_1195,2026-08-02T11:23:00,8044.12,INR,wallet,route_a,Kotak,,Hyderabad,ios,order_2659,success,,1813,0
ef62cfc4-59ec-49b3-b505-4d3858884c3a,merchant_paymind_demo,cust_800,2026-08-04T19:33:00,10154.43,INR,wallet,route_b,Kotak,,Bengaluru,web,order_2660,success,,2396,0
afbae2e1-4e4d-4cea-9191-d2e535d1d9ae,merchant_paymind_demo,cust_1076,2026-08-01T12:28:00,21538.05,INR,netbanking,route_a,Yes Bank,,Chennai,ios,order_2661,success,,624,0
22cb60d0-56b6-4d8d-bf75-f8ebc965c73a,merchant_paymind_demo,cust_818,2026-08-16T12:03:00,2763.92,INR,credit_card,route_a,Yes Bank,,Kolkata,web,order_2662,success,,414,0
cbad43cc-e562-4fa1-a795-dfb3c80404b7,merchant_paymind_demo,cust_1121,2026-08-20T23:46:00,20191.64,INR,debit_card,route_a,ICICI,,Hyderabad,web,order_2663,success,,2442,0
2e000bc5-ed9a-4e4e-a782-48169580a3b8,merchant_paymind_demo,cust_202,2026-08-12T14:56:00,19187.05,INR,netbanking,route_a,Yes Bank,,Kolkata,ios,order_2664,success,,328,0
914f2f09-5b2e-4ec8-bbc5-db921be77871,merchant_paymind_demo,cust_76,2026-08-20T20:48:00,3004.62,INR,netbanking,route_d,Kotak,,Delhi,android,order_2665,success,,2270,0
563da8da-864f-404e-b372-a488747b7e02,merchant_paymind_demo,cust_295,2026-08-09T19:41:00,13854.32,INR,credit_card,route_b,ICICI,,Bengaluru,web,order_2666,success,,2394,0
6d7ddfd4-dad0-472b-8122-f6d60040980a,merchant_paymind_demo,cust_931,2026-08-02T01:14:00,6103.13,INR,netbanking,route_c,HDFC,,Chennai,ios,order_2667,success,,1643,0
310d718b-b0f5-446c-bd40-92f1db845fc8,merchant_paymind_demo,cust_848,2026-08-20T14:54:00,12988.18,INR,netbanking,route_b,ICICI,,Bengaluru,ios,order_2668,success,,2127,0
ce7c1456-6103-40cc-a0d3-b033d01456b7,merchant_paymind_demo,cust_906,2026-08-06T08:57:00,18506.39,INR,UPI,route_b,Yes Bank,phonepe,Mumbai,ios,order_2669,success,,1648,0
bebda7e6-5ee5-43e5-b760-3820c7824d66,merchant_paymind_demo,cust_652,2026-08-11T00:17:00,16919.17,INR,debit_card,route_a,SBI,,Delhi,web,order_2670,success,,683,0
c0fb0815-e937-4179-9613-9072684e8dab,merchant_paymind_demo,cust_456,2026-08-12T18:07:00,6882.52,INR,wallet,route_c,SBI,,Mumbai,ios,order_2671,success,,1805,0
01e6f7f0-2963-4a96-8d5c-963741c4e54d,merchant_paymind_demo,cust_215,2026-08-02T17:41:00,7818.51,INR,wallet,route_c,Axis,,Mumbai,web,order_2672,success,,719,0
7eb1e91f-2133-4cd3-857c-0ab31a360a79,merchant_paymind_demo,cust_661,2026-08-20T08:40:00,1278.03,INR,credit_card,route_d,Kotak,,Chennai,android,order_2673,success,,1628,0
e74e9ee6-483c-48f8-9a2b-c121103d0397,merchant_paymind_demo,cust_1094,2026-08-14T16:37:00,1912.46,INR,netbanking,route_a,Kotak,,Pune,ios,order_2674,success,,2144,0
b0228254-f59a-4a74-82a3-444a544d6003,merchant_paymind_demo,cust_110,2026-08-20T21:09:00,22067.88,INR,wallet,route_b,Yes Bank,,Bengaluru,web,order_2675,success,,1393,0
89c452e1-b2f3-450a-a403-cfe0cac613a7,merchant_paymind_demo,cust_598,2026-08-06T23:51:00,10329.74,INR,debit_card,route_d,Kotak,,Kolkata,ios,order_2676,success,,401,0
1077a710-1e92-4e73-a7d7-db494c498bf4,merchant_paymind_demo,cust_867,2026-08-17T12:17:00,21412.81,INR,credit_card,route_c,HDFC,,Mumbai,ios,order_2677,success,,1192,0
8399c885-31f0-4951-96d0-38781eaf940c,merchant_paymind_demo,cust_983,2026-08-05T23:24:00,18971.64,INR,credit_card,route_b,HDFC,,Bengaluru,web,order_2678,success,,2340,0
c0911baf-fc98-4ef2-ada9-410784e3b14f,merchant_paymind_demo,cust_329,2026-08-14T16:27:00,22754.8,INR,debit_card,route_b,Yes Bank,,Chennai,android,order_2679,success,,727,0
c95f4bb1-41ec-474b-a6f3-e9272c7441e0,merchant_paymind_demo,cust_1146,2026-08-18T14:43:00,18588.83,INR,wallet,route_a,ICICI,,Hyderabad,android,order_2680,success,,1657,0
8e25ce62-2d57-4dd2-8bd9-8d8926afdc91,merchant_paymind_demo,cust_624,2026-08-15T14:54:00,4133.75,INR,wallet,route_b,ICICI,,Delhi,ios,order_2681,success,,670,0
16ab1112-6350-4e0e-9e50-26a3b3537b92,merchant_paymind_demo,cust_764,2026-08-02T13:40:00,13772.26,INR,netbanking,route_c,Kotak,,Delhi,web,order_2682,success,,2072,0
356d3301-1646-4655-98e8-36a8503a2558,merchant_paymind_demo,cust_956,2026-08-05T17:12:00,7532.28,INR,netbanking,route_d,Axis,,Pune,ios,order_2683,failed,gateway_error,3447,0
9163c44e-1755-4805-9d53-cb19393cf43a,merchant_paymind_demo,cust_1173,2026-08-09T02:49:00,13642.0,INR,UPI,route_a,Yes Bank,bhim,Bengaluru,web,order_2684,success,,770,0
4e2762dd-d0fb-47a8-b6d2-8bf6e73d25a3,merchant_paymind_demo,cust_7,2026-08-08T15:52:00,377.54,INR,netbanking,route_b,ICICI,,Mumbai,web,order_2685,success,,685,0
f5f29940-f037-4fe4-940c-65f3f0636e83,merchant_paymind_demo,cust_148,2026-08-15T16:32:00,20861.52,INR,netbanking,route_c,HDFC,,Delhi,ios,order_2686,success,,1420,0
c926c3c8-7d05-46b0-bc42-3839bb959e5c,merchant_paymind_demo,cust_120,2026-08-17T01:09:00,14790.43,INR,netbanking,route_b,Yes Bank,,Chennai,ios,order_2687,success,,1478,0
26c8cede-95dd-48e7-b4d6-9f5b21fb9771,merchant_paymind_demo,cust_264,2026-08-14T11:01:00,20268.6,INR,UPI,route_b,Kotak,bhim,Bengaluru,web,order_2688,success,,1288,0
dd5853fa-962d-42c0-bf2f-2968b1290ff6,merchant_paymind_demo,cust_59,2026-08-19T11:24:00,3831.49,INR,credit_card,route_c,Yes Bank,,Mumbai,web,order_2689,success,,1874,0
16dc492f-68f2-4e0b-824f-4da3015fa18e,merchant_paymind_demo,cust_387,2026-08-10T10:58:00,9458.93,INR,credit_card,route_d,HDFC,,Hyderabad,web,order_2690,success,,1846,0
47c0d001-40c0-4136-a9f7-bce4510d8244,merchant_paymind_demo,cust_160,2026-08-01T00:49:00,3531.77,INR,netbanking,route_c,Yes Bank,,Chennai,android,order_2691,success,,1438,0
ef321f66-f29a-4eb1-af44-7bfc633d13f0,merchant_paymind_demo,cust_66,2026-08-04T01:24:00,19846.17,INR,credit_card,route_b,ICICI,,Pune,web,order_2692,success,,1201,0
c115f9d0-4595-4aa6-b16f-1af44165a2ce,merchant_paymind_demo,cust_1115,2026-08-01T21:38:00,1855.64,INR,debit_card,route_b,Yes Bank,,Chennai,ios,order_2693,success,,1204,0
71bbf0f2-c8f0-4d56-aa4a-e8838e31002a,merchant_paymind_demo,cust_34,2026-08-03T03:13:00,11885.11,INR,netbanking,route_d,Kotak,,Mumbai,ios,order_2694,success,,913,0
43e8a9f9-c406-4068-91c9-3709f2908884,merchant_paymind_demo,cust_827,2026-08-03T17:41:00,6894.98,INR,debit_card,route_a,Kotak,,Delhi,android,order_2695,success,,1304,0
b2e6004f-c3c8-41ea-b22e-b0eda0d66200,merchant_paymind_demo,cust_623,2026-08-20T09:00:00,9916.55,INR,debit_card,route_c,Axis,,Bengaluru,android,order_2696,success,,1843,0
7c4b2794-d0c6-4bae-83dd-4ed5781a1c15,merchant_paymind_demo,cust_786,2026-08-06T14:31:00,12265.93,INR,UPI,route_b,Axis,phonepe,Mumbai,web,order_2697,success,,1761,0
90532e0d-08dd-4361-879b-81fe52f95b2c,merchant_paymind_demo,cust_686,2026-08-09T02:25:00,14587.06,INR,netbanking,route_b,Yes Bank,,Delhi,ios,order_2698,success,,2096,0
ac691efe-861a-4300-a21e-8bcc2cf3d691,merchant_paymind_demo,cust_539,2026-08-19T11:24:00,2362.4,INR,netbanking,route_a,HDFC,,Delhi,web,order_2699,success,,1624,0
4b0e9e56-ce7c-457a-96e4-964e80d44309,merchant_paymind_demo,cust_686,2026-08-08T19:28:00,1635.47,INR,UPI,route_b,SBI,paytm,Pune,ios,order_2700,success,,1935,0
cbb26e87-906d-4b13-86ec-eb5923610aec,merchant_paymind_demo,cust_1093,2026-08-13T04:41:00,5755.91,INR,netbanking,route_a,SBI,,Chennai,android,order_2701,success,,1256,0
259118e6-3cd4-4fdf-97f3-5693a23abbcd,merchant_paymind_demo,cust_740,2026-08-07T06:43:00,9480.37,INR,UPI,route_a,SBI,bhim,Bengaluru,web,order_2702,success,,1110,0
ee9f9e8b-8736-4944-ae73-8b1481432913,merchant_paymind_demo,cust_235,2026-08-06T22:23:00,17432.22,INR,credit_card,route_d,Kotak,,Hyderabad,ios,order_2703,success,,1597,0
94f4da94-fa64-43e3-bccf-2dbde17d2502,merchant_paymind_demo,cust_17,2026-08-07T14:06:00,398.4,INR,credit_card,route_c,SBI,,Delhi,ios,order_2704,success,,2329,0
2e87e72a-0e5d-42fa-98fb-9e977652d563,merchant_paymind_demo,cust_1053,2026-08-05T10:07:00,1341.6,INR,netbanking,route_c,Kotak,,Mumbai,android,order_2705,success,,709,0
7a1eab90-9f0b-4da6-add4-ed4764d54671,merchant_paymind_demo,cust_499,2026-08-02T22:50:00,7834.9,INR,wallet,route_a,SBI,,Mumbai,android,order_2706,success,,1324,0
6ef89648-6691-4a89-8155-a1f4007875a6,merchant_paymind_demo,cust_1096,2026-08-10T09:18:00,4312.21,INR,credit_card,route_a,HDFC,,Chennai,web,order_2707,success,,617,0
6daf907f-c861-45b1-9e18-aa52b9f06bf1,merchant_paymind_demo,cust_93,2026-08-14T23:56:00,16801.13,INR,wallet,route_c,Axis,,Bengaluru,android,order_2708,success,,1654,0
80ec3433-4bdb-4d9b-afa3-3ac22c832f9e,merchant_paymind_demo,cust_833,2026-08-15T14:47:00,13720.5,INR,netbanking,route_a,ICICI,,Kolkata,ios,order_2709,success,,1110,0
720643fe-f60b-42b4-965d-e1e75848e958,merchant_paymind_demo,cust_148,2026-08-09T11:19:00,23554.54,INR,credit_card,route_b,Yes Bank,,Pune,android,order_2710,success,,350,0
87670feb-3502-4b0a-a340-0abab64f2f1f,merchant_paymind_demo,cust_379,2026-08-05T10:37:00,1403.03,INR,netbanking,route_d,SBI,,Pune,web,order_2711,failed,invalid_otp,7696,0
ed38be5e-d5db-403f-969c-d20a82f514ab,merchant_paymind_demo,cust_283,2026-08-04T19:51:00,7243.25,INR,UPI,route_a,HDFC,paytm,Kolkata,android,order_2712,success,,411,0
bf4f13c6-1879-403c-b2e4-91f871391d68,merchant_paymind_demo,cust_76,2026-08-03T08:18:00,7910.18,INR,netbanking,route_c,SBI,,Pune,web,order_2713,success,,880,0
a08cca75-7556-4263-af13-f34bdb2516d4,merchant_paymind_demo,cust_823,2026-08-10T15:47:00,22326.27,INR,UPI,route_b,Yes Bank,,Delhi,android,order_2714,success,,855,0
8139184a-6d3e-44bc-8249-ddcc66729587,merchant_paymind_demo,cust_65,2026-08-08T06:29:00,5841.07,INR,credit_card,route_b,ICICI,,Pune,android,order_2715,success,,493,0
ab3ba525-1f9a-4553-ae3a-2169bbb504c9,merchant_paymind_demo,cust_57,2026-08-03T04:12:00,24023.96,INR,debit_card,route_a,HDFC,,Mumbai,android,order_2716,success,,1348,0
2f6f2325-1b04-4634-ad02-7f90768f12af,merchant_paymind_demo,cust_458,2026-08-14T02:30:00,2570.67,INR,wallet,route_b,Yes Bank,,Delhi,ios,order_2717,success,,1043,0
a357fc17-8967-4ba6-be12-a30e9ad0728f,merchant_paymind_demo,cust_240,2026-08-19T03:03:00,5406.2,INR,wallet,route_b,Yes Bank,,Hyderabad,ios,order_2718,success,,1674,0
4499e8fe-d266-4cce-bde2-411baf20af1f,merchant_paymind_demo,cust_683,2026-08-03T20:56:00,5453.63,INR,netbanking,route_b,Kotak,,Chennai,ios,order_2719,success,,1520,0
25a2fa7a-aa78-4942-b802-84f2ac27077a,merchant_paymind_demo,cust_11,2026-08-04T22:37:00,6629.54,INR,wallet,route_d,Axis,,Delhi,ios,order_2720,success,,1012,0
4285282b-dfa1-46ad-a5cc-484eb46b612e,merchant_paymind_demo,cust_1195,2026-08-09T02:45:00,6225.55,INR,UPI,route_d,Yes Bank,bhim,Pune,android,order_2721,success,,1433,0
95bba5aa-03d0-4d92-9478-1dc94427c167,merchant_paymind_demo,cust_739,2026-08-05T00:51:00,15564.67,INR,wallet,route_b,SBI,,Chennai,android,order_2722,success,,1670,0
4d4d2e92-2fa0-47ea-94f3-4ae5ea2ddcb2,merchant_paymind_demo,cust_828,2026-08-09T10:34:00,20361.15,INR,credit_card,route_a,SBI,,Chennai,ios,order_2723,success,,945,0
c9bd17a4-db26-4da6-8ed4-38dbd9686289,merchant_paymind_demo,cust_1047,2026-08-02T09:05:00,15508.73,INR,debit_card,route_d,Axis,,Bengaluru,android,order_2724,success,,1391,0
9822798c-9556-48c4-8cdd-2810bd5767a6,merchant_paymind_demo,cust_757,2026-08-05T23:41:00,6267.88,INR,netbanking,route_c,ICICI,,Bengaluru,ios,order_2725,success,,1409,0
9b61a6b8-82db-4e63-9e1e-4a9b15bd809f,merchant_paymind_demo,cust_651,2026-08-16T04:13:00,5871.46,INR,netbanking,route_b,Kotak,,Hyderabad,web,order_2726,success,,1970,0
c8589236-5c67-4a4f-a330-2701bbfbc11e,merchant_paymind_demo,cust_1181,2026-08-13T13:09:00,22211.25,INR,credit_card,route_b,ICICI,,Bengaluru,android,order_2727,success,,1890,0
b480d8d9-83a6-4379-b93e-d50a77b7bed8,merchant_paymind_demo,cust_309,2026-08-07T18:38:00,2626.28,INR,netbanking,route_d,HDFC,,Delhi,web,order_2728,success,,2174,0
73e47c26-4932-49c9-9210-3e582f8e9ece,merchant_paymind_demo,cust_1121,2026-08-06T02:39:00,8133.34,INR,netbanking,route_b,Yes Bank,,Bengaluru,ios,order_2729,success,,1645,0
4f5aef1e-2e5f-469f-8336-c7c7c6600fe1,merchant_paymind_demo,cust_505,2026-08-16T05:13:00,14464.89,INR,wallet,route_d,HDFC,,Chennai,web,order_2730,success,,902,0
15ed0d57-4574-4b25-b775-158aaad110c1,merchant_paymind_demo,cust_485,2026-08-15T00:22:00,15230.04,INR,debit_card,route_a,Axis,,Mumbai,ios,order_2731,success,,1219,0
c6791b80-e6fd-4273-9509-a7cd740a3fc8,merchant_paymind_demo,cust_807,2026-08-18T18:51:00,12905.96,INR,wallet,route_b,Yes Bank,,Chennai,android,order_2732,success,,419,0
a09d6bbb-5e11-4a6b-80a5-bc6d13509140,merchant_paymind_demo,cust_427,2026-08-11T18:51:00,3313.43,INR,credit_card,route_a,Axis,,Pune,android,order_2733,failed,insufficient_funds,2781,0
9d4b2d59-86b0-43f8-bdfb-da324d748729,merchant_paymind_demo,cust_868,2026-08-19T12:50:00,12075.24,INR,debit_card,route_a,Kotak,,Delhi,ios,order_2734,success,,1426,0
a4e43109-06b7-4ddf-95a1-1073b754630c,merchant_paymind_demo,cust_270,2026-08-03T18:53:00,24477.19,INR,wallet,route_d,ICICI,,Hyderabad,ios,order_2735,success,,2110,0
b927c13a-9d84-4653-98b6-de5297a1f2c4,merchant_paymind_demo,cust_570,2026-08-20T01:50:00,3646.54,INR,netbanking,route_b,Axis,,Kolkata,web,order_2736,success,,1514,0
0e9c4dae-ae40-477d-8cb0-8fe8ddf2d2fe,merchant_paymind_demo,cust_421,2026-08-19T13:36:00,4821.81,INR,debit_card,route_a,Axis,,Delhi,web,order_2737,success,,1531,0
6ecc663c-dc84-442a-9a01-7e9384a1e47b,merchant_paymind_demo,cust_1173,2026-08-06T23:13:00,12665.4,INR,UPI,route_a,Yes Bank,gpay,Delhi,web,order_2738,success,,1994,0
1da2f317-243d-4448-a460-2aff728e0391,merchant_paymind_demo,cust_1162,2026-08-11T11:18:00,2256.36,INR,netbanking,route_d,Axis,,Pune,android,order_2739,success,,1986,0
c052d2dc-bce9-4a31-87fd-66e5c570cf63,merchant_paymind_demo,cust_674,2026-08-06T00:31:00,15022.05,INR,wallet,route_a,HDFC,,Chennai,android,order_2740,success,,995,0
0f4f88b8-a6aa-4109-8614-a00670abafc9,merchant_paymind_demo,cust_1170,2026-08-01T15:02:00,2884.03,INR,debit_card,route_b,Kotak,,Hyderabad,ios,order_2741,success,,438,0
cc334b23-37f6-4d24-98ea-71910d29684c,merchant_paymind_demo,cust_475,2026-08-07T04:38:00,24302.97,INR,UPI,route_b,Axis,bhim,Kolkata,ios,order_2742,success,,1140,0
4b669f12-915e-4e61-a961-ab91dd4a81e8,merchant_paymind_demo,cust_206,2026-08-07T09:42:00,1187.48,INR,debit_card,route_c,HDFC,,Pune,android,order_2743,success,,591,0
fdb1661a-c448-4429-a94b-22219150bfb3,merchant_paymind_demo,cust_444,2026-08-01T20:35:00,1894.14,INR,netbanking,route_c,Kotak,,Mumbai,android,order_2744,success,,1940,0
00b68c89-ed3a-47c4-b77d-1cba1c043411,merchant_paymind_demo,cust_1185,2026-08-15T21:25:00,17773.91,INR,UPI,route_a,HDFC,gpay,Kolkata,ios,order_2745,success,,961,0
13aa4672-9e27-495c-abc7-9f53f3d9d6a3,merchant_paymind_demo,cust_1151,2026-08-19T21:43:00,22048.42,INR,UPI,route_d,HDFC,bhim,Hyderabad,android,order_2746,success,,596,0
4576aba7-2fd3-4469-a3a8-c3e8bcfc5eb8,merchant_paymind_demo,cust_505,2026-08-07T15:27:00,3652.27,INR,wallet,route_b,SBI,,Hyderabad,web,order_2747,success,,1648,0
0fa0392d-8ca1-4301-adf6-220819bd03e5,merchant_paymind_demo,cust_320,2026-08-02T08:43:00,5277.77,INR,debit_card,route_b,HDFC,,Chennai,android,order_2748,success,,2258,0
830d09aa-1790-458a-8181-bd692c15f2ac,merchant_paymind_demo,cust_197,2026-08-12T01:14:00,20941.47,INR,wallet,route_a,ICICI,,Hyderabad,ios,order_2749,success,,540,0
5d24abf8-9b38-4626-830f-80dc2f2478b6,merchant_paymind_demo,cust_985,2026-08-03T06:00:00,21387.56,INR,UPI,route_a,Axis,gpay,Delhi,android,order_2750,success,,700,0
7bde5dd0-63af-46f1-b7a9-c71bb4d27147,merchant_paymind_demo,cust_34,2026-08-04T01:55:00,7621.21,INR,wallet,route_d,Yes Bank,,Kolkata,android,order_2751,success,,961,0
01d3d414-df3b-479b-846e-dab139c6f181,merchant_paymind_demo,cust_181,2026-08-07T14:00:00,2345.79,INR,wallet,route_b,Kotak,,Chennai,web,order_2752,success,,1525,0
2e6d8db8-7c4d-4e66-a8b0-a3e0ebcf49f9,merchant_paymind_demo,cust_993,2026-08-16T20:45:00,1923.32,INR,debit_card,route_b,Axis,,Chennai,web,order_2753,success,,1809,0
c8f1d964-0bdf-49b6-a824-819f27f143b0,merchant_paymind_demo,cust_878,2026-08-05T06:24:00,15149.65,INR,netbanking,route_b,Kotak,,Kolkata,android,order_2754,success,,453,0
1858cc17-d2ad-4c0e-b751-9b806a03c96d,merchant_paymind_demo,cust_228,2026-08-15T23:08:00,24647.54,INR,netbanking,route_a,Kotak,,Bengaluru,android,order_2755,success,,1321,0
28a59dbf-3c82-45af-bbf1-3ed276b6c298,merchant_paymind_demo,cust_582,2026-08-20T22:56:00,1244.73,INR,credit_card,route_b,HDFC,,Bengaluru,android,order_2756,success,,1657,0
e77409b7-449e-4d51-aed8-30d27884fa09,merchant_paymind_demo,cust_888,2026-08-16T01:28:00,4679.38,INR,UPI,route_a,Axis,,Bengaluru,ios,order_2757,success,,1680,0
67b46096-e274-4a75-a32d-163f7e2b5d10,merchant_paymind_demo,cust_360,2026-08-18T05:47:00,16416.9,INR,credit_card,route_c,HDFC,,Mumbai,android,order_2758,success,,1788,0
6c3aea05-1ee0-496e-8569-ad53753eca1d,merchant_paymind_demo,cust_134,2026-08-17T02:26:00,11690.29,INR,debit_card,route_c,Kotak,,Hyderabad,ios,order_2759,success,,2044,0
63f87a55-fbc9-444e-bbd2-9adf3d6da4ba,merchant_paymind_demo,cust_1038,2026-08-13T23:24:00,24550.27,INR,netbanking,route_b,HDFC,,Mumbai,ios,order_2760,success,,734,0
5a9f574e-6381-4f1a-b625-2d20925620d7,merchant_paymind_demo,cust_698,2026-08-10T20:18:00,11312.87,INR,wallet,route_d,ICICI,,Bengaluru,ios,order_2761,success,,2367,0
d860a59d-1547-40fa-8534-3e7a6508610d,merchant_paymind_demo,cust_378,2026-08-11T04:48:00,15971.88,INR,debit_card,route_a,Axis,,Delhi,ios,order_2762,success,,1955,0
faedffd2-3642-42b2-80f2-17c67d36b5c8,merchant_paymind_demo,cust_741,2026-08-10T05:14:00,9205.61,INR,credit_card,route_c,Axis,,Kolkata,android,order_2763,success,,2251,0
8b5e32f0-e74f-4304-8508-dc557080bc6c,merchant_paymind_demo,cust_170,2026-08-07T16:35:00,21482.58,INR,UPI,route_c,HDFC,phonepe,Mumbai,ios,order_2764,success,,2385,0
f448c507-fde8-4f61-b59e-d3799949f36b,merchant_paymind_demo,cust_534,2026-08-01T22:07:00,19696.96,INR,netbanking,route_d,HDFC,,Mumbai,android,order_2765,success,,1986,0
8d80f7ee-bd18-4981-b9ae-5dfe80a3eb2c,merchant_paymind_demo,cust_121,2026-08-16T07:10:00,6834.99,INR,netbanking,route_a,Axis,,Delhi,web,order_2766,success,,876,0
f78c510c-fb2c-4aa2-8a78-bedfb0215729,merchant_paymind_demo,cust_346,2026-08-05T08:57:00,12562.48,INR,UPI,route_a,HDFC,paytm,Kolkata,web,order_2767,success,,960,0
56db0a30-aff6-48e6-961f-519ce598d208,merchant_paymind_demo,cust_1131,2026-08-04T08:52:00,4565.48,INR,credit_card,route_b,SBI,,Mumbai,web,order_2768,success,,1437,0
4d9588e6-ca14-4576-8ffa-c7351b353b2d,merchant_paymind_demo,cust_319,2026-08-12T23:16:00,4855.49,INR,netbanking,route_c,HDFC,,Mumbai,ios,order_2769,success,,677,0
a93e1e6a-90a0-48d7-a02b-4aa0e5c9abda,merchant_paymind_demo,cust_1136,2026-08-07T02:21:00,11336.66,INR,UPI,route_a,ICICI,paytm,Kolkata,android,order_2770,success,,772,0
2fdc7e51-9656-41d7-889e-669808c1ed62,merchant_paymind_demo,cust_61,2026-08-19T19:07:00,21332.2,INR,credit_card,route_c,ICICI,,Bengaluru,ios,order_2771,success,,896,0
4d4d667e-ab95-4d46-a0a8-1af8a5f1af9a,merchant_paymind_demo,cust_1087,2026-08-14T11:20:00,3324.74,INR,credit_card,route_a,Axis,,Bengaluru,android,order_2772,success,,1772,0
893443fc-bd3d-42ce-a5be-0a8882c29d93,merchant_paymind_demo,cust_84,2026-08-14T15:01:00,18991.31,INR,netbanking,route_b,HDFC,,Delhi,web,order_2773,success,,370,0
3d8f4973-d5ec-4735-962c-bea62439b37a,merchant_paymind_demo,cust_615,2026-08-03T07:53:00,15570.39,INR,UPI,route_c,ICICI,paytm,Mumbai,web,order_2774,failed,invalid_otp,8218,0
3a8dcedb-eb42-4d87-a2da-0181d9e62c75,merchant_paymind_demo,cust_1046,2026-08-18T07:34:00,22664.43,INR,credit_card,route_c,SBI,,Chennai,web,order_2775,success,,1979,0
60343e3b-8e05-4911-8101-a5b9bb43a594,merchant_paymind_demo,cust_264,2026-08-13T12:42:00,958.5,INR,netbanking,route_a,Yes Bank,,Hyderabad,web,order_2776,success,,1214,0
7c6adca4-ab97-4aa8-ba1c-15181b0da1dc,merchant_paymind_demo,cust_706,2026-08-12T07:49:00,24534.4,INR,UPI,route_a,Yes Bank,phonepe,Chennai,web,order_2777,success,,772,0
9e209940-b4df-47fd-807a-e826b10cc6a3,merchant_paymind_demo,cust_911,2026-08-06T16:51:00,23282.52,INR,credit_card,route_b,Yes Bank,,Chennai,web,order_2778,success,,356,0
2b8cedd0-b5db-45a6-b3a4-b09ab80b25e3,merchant_paymind_demo,cust_1132,2026-08-08T08:29:00,23947.65,INR,debit_card,route_d,SBI,,Hyderabad,web,order_2779,success,,1553,0
9ca10e70-6197-444d-84e2-b2c795847765,merchant_paymind_demo,cust_570,2026-08-05T05:53:00,14419.02,INR,UPI,route_a,Axis,,Chennai,web,order_2780,success,,500,0
6370bcaa-d759-4900-8701-db69a3ccc750,merchant_paymind_demo,cust_314,2026-08-12T19:53:00,15213.04,INR,debit_card,route_d,HDFC,,Chennai,android,order_2781,success,,498,0
319c4e02-a975-48b8-8c91-bbdaf1ea588f,merchant_paymind_demo,cust_942,2026-08-06T11:23:00,5876.53,INR,netbanking,route_c,SBI,,Chennai,android,order_2782,success,,639,0
723897e2-8d13-4d9b-ade6-0a3a12d2d637,merchant_paymind_demo,cust_910,2026-08-10T10:18:00,2376.17,INR,netbanking,route_b,Axis,,Pune,web,order_2783,success,,583,0
76270968-6127-4b6d-ab3a-8961c28d1e95,merchant_paymind_demo,cust_1131,2026-08-02T07:59:00,3543.33,INR,debit_card,route_b,Yes Bank,,Mumbai,web,order_2784,success,,1448,0
2f22980f-9976-49d2-a020-6f1ce1523aa6,merchant_paymind_demo,cust_817,2026-08-15T00:23:00,15363.83,INR,credit_card,route_d,SBI,,Bengaluru,ios,order_2785,success,,2183,0
bb5b1c02-c956-4d22-9247-cc89c3cc08d9,merchant_paymind_demo,cust_370,2026-08-08T08:27:00,20077.55,INR,netbanking,route_a,Kotak,,Bengaluru,web,order_2786,success,,1054,0
d8d07194-dae8-4d69-b9e3-40deb70ed4b8,merchant_paymind_demo,cust_514,2026-08-04T23:05:00,5354.17,INR,credit_card,route_a,HDFC,,Bengaluru,android,order_2787,success,,2161,0
1c68f811-c1e3-4221-ba1f-9a625db9cd60,merchant_paymind_demo,cust_678,2026-08-08T18:46:00,6202.68,INR,credit_card,route_d,Kotak,,Mumbai,ios,order_2788,success,,2489,0
9702d380-224c-42d6-83f4-dba72ed044f9,merchant_paymind_demo,cust_578,2026-08-20T05:56:00,23919.37,INR,debit_card,route_a,Axis,,Delhi,ios,order_2789,success,,1851,0
a2ba0eac-d4f8-423f-adea-039c0595166f,merchant_paymind_demo,cust_337,2026-08-09T09:28:00,11331.85,INR,UPI,route_b,ICICI,phonepe,Pune,android,order_2790,success,,1684,0
26b1bf60-c951-4dbd-833a-701e78d86b5f,merchant_paymind_demo,cust_372,2026-08-06T01:22:00,21215.67,INR,wallet,route_c,Yes Bank,,Hyderabad,android,order_2791,success,,2451,0
1ffb889b-7e10-4721-957d-b4a034aa19bd,merchant_paymind_demo,cust_573,2026-08-01T11:03:00,22795.63,INR,netbanking,route_b,Kotak,,Chennai,ios,order_2792,success,,1052,0
73970b5f-9c6e-481c-b8ec-2f18a357233c,merchant_paymind_demo,cust_907,2026-08-04T14:15:00,2525.26,INR,wallet,route_c,ICICI,,Hyderabad,android,order_2793,success,,836,0
2d61a0cc-b8ad-4649-b5c6-6617db67d8d3,merchant_paymind_demo,cust_835,2026-08-11T13:24:00,13562.27,INR,UPI,route_b,HDFC,paytm,Pune,android,order_2794,success,,1021,0
806b93b0-6c3f-47d8-a57a-af492c7df134,merchant_paymind_demo,cust_430,2026-08-11T19:19:00,21468.02,INR,netbanking,route_a,Axis,,Delhi,android,order_2795,success,,1753,0
43334905-4806-4e32-8cbe-8f9672ffd3f1,merchant_paymind_demo,cust_249,2026-08-20T02:12:00,5804.17,INR,UPI,route_b,Kotak,gpay,Bengaluru,web,order_2796,success,,1767,0
5e8545c5-ab99-45cb-816b-e243aa5b3ddf,merchant_paymind_demo,cust_93,2026-08-10T12:16:00,2425.73,INR,UPI,route_a,HDFC,,Delhi,web,order_2797,success,,1297,0
e905af88-09c9-4005-b7d2-1688d69e7df7,merchant_paymind_demo,cust_463,2026-08-12T03:16:00,15124.67,INR,credit_card,route_a,Kotak,,Mumbai,android,order_2798,success,,538,0
89f2b23a-be43-4552-90a0-8a2c98d05336,merchant_paymind_demo,cust_1192,2026-08-15T17:54:00,8572.71,INR,UPI,route_a,Axis,phonepe,Delhi,ios,order_2799,success,,1842,0
b26f1d9d-903e-4534-9e4f-866aae071130,merchant_paymind_demo,cust_132,2026-08-12T16:46:00,18512.05,INR,debit_card,route_c,Kotak,,Bengaluru,android,order_2800,success,,2141,0
7e711e44-61ae-48d1-a8f3-b39a097c41bc,merchant_paymind_demo,cust_293,2026-08-06T03:55:00,61.74,INR,wallet,route_c,Yes Bank,,Kolkata,android,order_2801,success,,859,0
c67f48b4-1eed-4c97-9a87-c1c56b4f45c4,merchant_paymind_demo,cust_789,2026-08-15T19:28:00,15706.74,INR,credit_card,route_d,Kotak,,Kolkata,android,order_2802,success,,1466,0
e1177996-e70f-40f0-89a8-d3f938b5ec9e,merchant_paymind_demo,cust_904,2026-08-17T16:48:00,7234.1,INR,debit_card,route_b,Axis,,Mumbai,web,order_2803,success,,784,0
37899dcf-7acd-477c-9e9c-9d7e0640a1a7,merchant_paymind_demo,cust_723,2026-08-05T10:56:00,16958.1,INR,wallet,route_a,HDFC,,Pune,ios,order_2804,success,,2343,0
a1372d3f-f2d1-4a09-9fe8-9378490ed3ec,merchant_paymind_demo,cust_877,2026-08-08T17:40:00,1507.41,INR,netbanking,route_b,Yes Bank,,Chennai,web,order_2805,success,,2012,0
c307bbfe-8218-4ba5-806d-5653f8be75ed,merchant_paymind_demo,cust_1179,2026-08-04T15:26:00,13866.67,INR,UPI,route_c,Axis,,Mumbai,ios,order_2806,success,,603,0
74ce4e75-5e22-4e2f-8270-4f15b6dd672e,merchant_paymind_demo,cust_271,2026-08-06T14:17:00,1777.72,INR,wallet,route_a,Axis,,Chennai,web,order_2807,success,,2109,0
8880a2a6-1bfa-42e2-ba58-02303236fa73,merchant_paymind_demo,cust_979,2026-08-15T09:29:00,10718.07,INR,UPI,route_c,ICICI,phonepe,Delhi,android,order_2808,success,,2291,0
bae77e91-4b09-47c3-800a-26533f0742a7,merchant_paymind_demo,cust_1200,2026-08-04T12:49:00,1836.73,INR,UPI,route_b,Axis,,Pune,ios,order_2809,success,,2399,0
a6c77deb-d857-4885-9aa7-d484583a192d,merchant_paymind_demo,cust_1020,2026-08-02T21:45:00,2124.0,INR,debit_card,route_b,Kotak,,Bengaluru,android,order_2810,success,,388,0
86ee839b-c5b1-40b0-a022-5d2257e615c6,merchant_paymind_demo,cust_502,2026-08-11T07:42:00,20762.94,INR,UPI,route_b,Kotak,,Hyderabad,web,order_2811,failed,bank_timeout,3993,0
c8e986f1-0ac6-40cd-bdf2-626686b94a22,merchant_paymind_demo,cust_532,2026-08-10T22:51:00,8647.26,INR,UPI,route_d,Axis,,Delhi,android,order_2812,success,,2260,0
20c1b365-13bc-4efe-8919-19c0974528f9,merchant_paymind_demo,cust_212,2026-08-12T04:05:00,16494.82,INR,wallet,route_b,Yes Bank,,Chennai,ios,order_2813,success,,1702,0
f9c6d1c6-77cc-4116-a8b5-1b1bd903a34b,merchant_paymind_demo,cust_699,2026-08-05T18:51:00,22987.78,INR,wallet,route_b,HDFC,,Mumbai,android,order_2814,success,,1425,0
bef5fa0b-2172-4264-8ae9-4980f000d580,merchant_paymind_demo,cust_724,2026-08-04T17:23:00,17523.22,INR,UPI,route_d,SBI,phonepe,Chennai,ios,order_2815,success,,1202,0
65d1c57b-7b64-49e6-883a-ee01a991d856,merchant_paymind_demo,cust_296,2026-08-12T02:25:00,4617.81,INR,debit_card,route_c,SBI,,Bengaluru,android,order_2816,success,,1319,0
450cb21d-44e7-41ca-966f-24f2b231f7dc,merchant_paymind_demo,cust_749,2026-08-16T07:21:00,9836.68,INR,netbanking,route_d,Kotak,,Chennai,ios,order_2817,success,,1365,0
3b2f2151-8fdc-4d7e-9d60-64280acae14c,merchant_paymind_demo,cust_602,2026-08-14T09:29:00,10675.22,INR,wallet,route_b,SBI,,Kolkata,web,order_2818,success,,1479,0
e79a9ba6-ad22-4eee-be8d-365147977586,merchant_paymind_demo,cust_45,2026-08-07T23:34:00,10199.56,INR,debit_card,route_b,SBI,,Mumbai,ios,order_2819,success,,830,0
92def969-1e8d-4fb0-8482-6da662b4a3c8,merchant_paymind_demo,cust_785,2026-08-13T03:32:00,23223.79,INR,wallet,route_a,ICICI,,Kolkata,web,order_2820,success,,522,0
411d1804-2cdb-4307-9404-7ad8a3b7f7c9,merchant_paymind_demo,cust_917,2026-08-20T22:18:00,10476.37,INR,netbanking,route_d,ICICI,,Hyderabad,android,order_2821,success,,1608,0
2bc8c5a2-14bb-4e39-9480-c43e15171ffb,merchant_paymind_demo,cust_1197,2026-08-18T16:41:00,5427.0,INR,UPI,route_c,ICICI,gpay,Delhi,web,order_2822,success,,751,0
76d75ebc-7561-49c9-88f3-8043430d3cf5,merchant_paymind_demo,cust_761,2026-08-01T02:23:00,4691.86,INR,debit_card,route_b,SBI,,Chennai,ios,order_2823,success,,325,0
8ed0397e-de82-4bf6-a4ba-dbcfcc01ba88,merchant_paymind_demo,cust_1010,2026-08-17T10:52:00,14202.58,INR,debit_card,route_b,SBI,,Mumbai,web,order_2824,success,,1493,0
2c5f8c84-5e9e-451d-bbb7-932846b274d5,merchant_paymind_demo,cust_417,2026-08-06T05:42:00,16260.77,INR,UPI,route_b,HDFC,paytm,Chennai,web,order_2825,success,,889,0
fc278d3c-1987-4951-b11e-98aa7b5113fb,merchant_paymind_demo,cust_320,2026-08-16T18:41:00,1449.7,INR,credit_card,route_c,SBI,,Mumbai,web,order_2826,success,,1916,0
2c9354ab-4562-4ad0-8ed5-6d598d011326,merchant_paymind_demo,cust_912,2026-08-01T06:25:00,9915.83,INR,netbanking,route_d,Yes Bank,,Delhi,web,order_2827,success,,875,0
4fa60c8c-f305-4048-abbb-fda926f1b0b1,merchant_paymind_demo,cust_9,2026-08-03T13:37:00,1730.72,INR,wallet,route_b,ICICI,,Mumbai,android,order_2828,success,,2421,0
d8d2bece-1160-4354-a1f9-1c730db67d89,merchant_paymind_demo,cust_550,2026-08-03T21:05:00,9723.07,INR,debit_card,route_c,Kotak,,Delhi,android,order_2829,success,,1170,0
883f513c-8e9e-478b-823d-2eefb9deb5d7,merchant_paymind_demo,cust_1181,2026-08-09T16:05:00,622.38,INR,netbanking,route_b,Yes Bank,,Hyderabad,web,order_2830,success,,1960,0
6a656bed-703d-4824-abcc-920241796e4f,merchant_paymind_demo,cust_176,2026-08-16T20:49:00,5210.8,INR,netbanking,route_a,SBI,,Pune,web,order_2831,success,,1337,0
e67d1980-8800-4541-8575-0569cb38bd09,merchant_paymind_demo,cust_891,2026-08-20T22:47:00,22903.73,INR,wallet,route_b,HDFC,,Hyderabad,ios,order_2832,success,,2017,0
b3979c79-7ffe-4f26-acc6-2d4861cf9966,merchant_paymind_demo,cust_107,2026-08-03T14:06:00,21683.82,INR,debit_card,route_b,SBI,,Hyderabad,ios,order_2833,success,,683,0
cb7d2016-9dfa-43b4-971d-6acdca71dcc2,merchant_paymind_demo,cust_767,2026-08-02T03:15:00,20630.51,INR,wallet,route_a,HDFC,,Mumbai,ios,order_2834,success,,1495,0
c5296dcb-6faf-4dcc-957f-d1136fb768a8,merchant_paymind_demo,cust_707,2026-08-18T21:51:00,22495.77,INR,netbanking,route_a,Kotak,,Mumbai,android,order_2835,success,,2445,0
688011db-183f-49f6-8c46-88947bbaf0fd,merchant_paymind_demo,cust_74,2026-08-07T12:06:00,6419.26,INR,wallet,route_a,HDFC,,Bengaluru,android,order_2836,success,,1413,0
38b52e21-fb60-41b9-8e4b-e5a3815ff1a1,merchant_paymind_demo,cust_831,2026-08-09T18:14:00,22345.94,INR,credit_card,route_c,HDFC,,Pune,android,order_2837,success,,1652,0
0c8200e6-f748-4881-b6a8-ff9d9b92601f,merchant_paymind_demo,cust_212,2026-08-07T05:52:00,12900.54,INR,credit_card,route_b,Axis,,Bengaluru,ios,order_2838,success,,1609,0
91d4ee33-0891-4616-a784-d8c3de409f40,merchant_paymind_demo,cust_404,2026-08-01T22:58:00,15630.41,INR,debit_card,route_a,HDFC,,Chennai,web,order_2839,success,,1601,0
6c3a306b-ed13-411d-b900-31436fc03275,merchant_paymind_demo,cust_226,2026-08-12T01:59:00,21027.83,INR,netbanking,route_d,Kotak,,Bengaluru,android,order_2840,success,,673,0
1b2fa736-92ea-4e45-af2d-aac8e76213e3,merchant_paymind_demo,cust_948,2026-08-18T23:36:00,22801.83,INR,wallet,route_a,Axis,,Hyderabad,web,order_2841,failed,bank_timeout,5962,0
2f56ca70-78bd-4e7a-8a4b-8779d4ddcdbe,merchant_paymind_demo,cust_219,2026-08-09T07:46:00,12923.12,INR,UPI,route_d,Axis,,Chennai,android,order_2842,success,,648,0
e6baa8dd-7484-4a3e-b0cb-ca0560d07be4,merchant_paymind_demo,cust_790,2026-08-10T23:30:00,8938.38,INR,wallet,route_b,Yes Bank,,Delhi,android,order_2843,success,,1995,0
115c5130-6811-48f2-a406-13c2c10a798e,merchant_paymind_demo,cust_86,2026-08-17T08:53:00,8055.15,INR,UPI,route_a,SBI,,Delhi,ios,order_2844,success,,1076,0
482a14bc-596a-4c3f-9c13-bbb37d37b378,merchant_paymind_demo,cust_1105,2026-08-02T12:34:00,14722.16,INR,debit_card,route_d,SBI,,Chennai,web,order_2845,success,,914,0
46064475-62f4-43bf-8e68-fef33c3f34e9,merchant_paymind_demo,cust_747,2026-08-06T10:45:00,24685.35,INR,wallet,route_b,SBI,,Delhi,ios,order_2846,success,,1939,0
2f8d3156-e664-473d-b4fc-8b784cdf4700,merchant_paymind_demo,cust_988,2026-08-08T15:02:00,14010.97,INR,credit_card,route_a,Yes Bank,,Bengaluru,web,order_2847,success,,1396,0
84aba59d-98d8-44e8-8c24-00711d057f38,merchant_paymind_demo,cust_994,2026-08-14T18:16:00,21731.72,INR,netbanking,route_a,ICICI,,Mumbai,android,order_2848,success,,2411,0
b0dc31bc-237d-45e2-af64-618e29567f7b,merchant_paymind_demo,cust_947,2026-08-05T01:37:00,12000.8,INR,debit_card,route_d,Axis,,Hyderabad,web,order_2849,success,,1209,0
1f89d83c-a904-4ecf-af14-6cda02b30014,merchant_paymind_demo,cust_760,2026-08-19T10:55:00,18479.38,INR,debit_card,route_a,ICICI,,Bengaluru,android,order_2850,success,,2421,0
10fc1fe1-02a7-4b34-a769-9d83e2ffd6db,merchant_paymind_demo,cust_874,2026-08-03T10:09:00,24208.61,INR,debit_card,route_a,Kotak,,Chennai,android,order_2851,success,,331,0
c84469a7-2ae9-44d8-9966-f7e38726f919,merchant_paymind_demo,cust_967,2026-08-03T20:18:00,22155.73,INR,wallet,route_a,Yes Bank,,Chennai,android,order_2852,success,,983,0
126e321a-e6fe-4548-94e1-03dfe1d15204,merchant_paymind_demo,cust_961,2026-08-11T08:58:00,23000.35,INR,netbanking,route_a,HDFC,,Kolkata,web,order_2853,success,,1498,0
e825f8be-ae48-4677-bb04-92aa75b11fc4,merchant_paymind_demo,cust_985,2026-08-15T20:20:00,12623.66,INR,credit_card,route_d,ICICI,,Mumbai,web,order_2854,success,,551,0
a1df9268-6b36-4ec7-b9c3-5f894a2232ab,merchant_paymind_demo,cust_170,2026-08-04T07:58:00,1875.92,INR,UPI,route_b,Yes Bank,paytm,Delhi,android,order_2855,success,,1509,0
393c9fa7-1c33-4cbc-b398-8666d648a2bf,merchant_paymind_demo,cust_107,2026-08-08T22:29:00,18484.54,INR,debit_card,route_d,Yes Bank,,Pune,ios,order_2856,success,,2223,0
02ea845a-eb58-4430-bcef-7c945f5a4da4,merchant_paymind_demo,cust_875,2026-08-03T17:42:00,16962.5,INR,UPI,route_d,HDFC,bhim,Bengaluru,web,order_2857,success,,2079,0
d3a16483-5dfe-4ef4-88d3-c1043e63d791,merchant_paymind_demo,cust_825,2026-08-18T12:20:00,11408.71,INR,debit_card,route_c,HDFC,,Hyderabad,web,order_2858,success,,1846,0
7c47c694-89fc-4b7e-9634-267ad2b8fed2,merchant_paymind_demo,cust_399,2026-08-07T13:03:00,19485.52,INR,wallet,route_a,HDFC,,Hyderabad,web,order_2859,success,,1801,0
311704e1-bac1-4e3a-a2b2-d47945bd2228,merchant_paymind_demo,cust_577,2026-08-04T03:35:00,24661.02,INR,credit_card,route_d,Yes Bank,,Pune,ios,order_2860,success,,1103,0
b326ae7e-5a94-45df-8f17-bc7f12724c6d,merchant_paymind_demo,cust_374,2026-08-03T21:27:00,20952.82,INR,netbanking,route_a,SBI,,Delhi,web,order_2861,success,,354,0
97228e7d-b3e4-49d5-a603-62906ac1ccac,merchant_paymind_demo,cust_583,2026-08-11T21:10:00,16810.46,INR,netbanking,route_d,HDFC,,Kolkata,android,order_2862,failed,invalid_otp,6037,0
bdc07b42-3988-44b3-8346-40d866858ed1,merchant_paymind_demo,cust_674,2026-08-01T20:17:00,18643.28,INR,wallet,route_a,HDFC,,Mumbai,ios,order_2863,success,,920,0
f91e3b3c-badd-4214-8af6-cae4875ce905,merchant_paymind_demo,cust_1033,2026-08-01T17:51:00,3407.03,INR,netbanking,route_c,Kotak,,Hyderabad,web,order_2864,failed,bank_timeout,7483,0
3b2b5fd6-1cff-425a-a433-1505a1c41e8a,merchant_paymind_demo,cust_689,2026-08-14T14:31:00,11420.07,INR,debit_card,route_b,ICICI,,Bengaluru,ios,order_2865,success,,2379,0
3943b3de-c521-4dee-9087-584c095835db,merchant_paymind_demo,cust_734,2026-08-12T04:41:00,22366.05,INR,wallet,route_b,HDFC,,Bengaluru,web,order_2866,success,,1950,0
c04f0f1c-b82d-431c-bd06-d5ce0678b8e3,merchant_paymind_demo,cust_517,2026-08-09T17:56:00,6099.53,INR,netbanking,route_d,Yes Bank,,Chennai,ios,order_2867,success,,1283,0
1f8ef1fb-04db-4d1b-9f68-0618abbfd26d,merchant_paymind_demo,cust_426,2026-08-03T02:02:00,23563.16,INR,credit_card,route_d,Yes Bank,,Delhi,web,order_2868,failed,gateway_error,5467,0
068fe9d4-9760-479c-8dd8-6ec6de6d27bc,merchant_paymind_demo,cust_1062,2026-08-04T05:32:00,7793.93,INR,debit_card,route_c,SBI,,Kolkata,web,order_2869,success,,981,0
15a88ca1-12bb-4c71-942f-4dda5a728dfe,merchant_paymind_demo,cust_595,2026-08-01T01:25:00,1032.97,INR,netbanking,route_a,Yes Bank,,Pune,web,order_2870,success,,878,0
98706c09-695e-4433-b08a-c607636829a6,merchant_paymind_demo,cust_102,2026-08-02T23:09:00,7639.65,INR,UPI,route_d,HDFC,paytm,Mumbai,web,order_2871,success,,398,0
117e4b58-05d0-4ad8-95c5-b9bd7112b0f5,merchant_paymind_demo,cust_574,2026-08-05T17:51:00,20606.34,INR,wallet,route_d,HDFC,,Chennai,web,order_2872,success,,1131,0
336fb943-81db-4f8f-aaaf-b689e46c4c7e,merchant_paymind_demo,cust_406,2026-08-06T08:03:00,8040.69,INR,UPI,route_d,Yes Bank,phonepe,Chennai,web,order_2873,success,,1122,0
9905e29f-5344-468d-85e8-c563f46a723b,merchant_paymind_demo,cust_120,2026-08-02T07:03:00,18073.43,INR,UPI,route_a,Kotak,,Hyderabad,android,order_2874,success,,570,0
87b4e1bf-adc5-4044-ac58-5207ffe02517,merchant_paymind_demo,cust_234,2026-08-17T13:06:00,138.61,INR,wallet,route_c,Kotak,,Mumbai,android,order_2875,success,,2457,0
512e06a6-da5b-475a-a1f4-32c3c963f524,merchant_paymind_demo,cust_571,2026-08-02T11:12:00,8410.82,INR,credit_card,route_b,Kotak,,Pune,android,order_2876,success,,1242,0
b533a201-178a-4372-b2ef-cfcf6fc3e922,merchant_paymind_demo,cust_452,2026-08-15T09:53:00,11114.86,INR,UPI,route_d,HDFC,phonepe,Kolkata,ios,order_2877,success,,1913,0
a72710b2-ca07-4baa-ae14-2b97c6c7e83e,merchant_paymind_demo,cust_51,2026-08-12T15:32:00,19732.3,INR,credit_card,route_a,ICICI,,Delhi,web,order_2878,success,,2057,0
cfdf685d-47d6-49c7-92a6-82844a8a1115,merchant_paymind_demo,cust_1172,2026-08-07T21:31:00,19506.25,INR,wallet,route_c,Axis,,Kolkata,android,order_2879,success,,1723,0
382243be-0e4b-4003-9e95-251ac461f952,merchant_paymind_demo,cust_181,2026-08-01T19:50:00,24487.98,INR,credit_card,route_b,Yes Bank,,Kolkata,web,order_2880,success,,1301,0
852aedc0-9485-4c5d-99bc-f9d4a06ed892,merchant_paymind_demo,cust_887,2026-08-12T07:32:00,23250.22,INR,UPI,route_d,Kotak,,Bengaluru,android,order_2881,success,,687,0
8a263286-6bdb-4ef7-818e-7d0bf70d2be2,merchant_paymind_demo,cust_256,2026-08-17T23:57:00,7745.2,INR,wallet,route_d,Kotak,,Delhi,ios,order_2882,success,,1971,0
38afbf0e-0ad0-4589-8222-62194cda33b1,merchant_paymind_demo,cust_213,2026-08-10T05:28:00,20316.75,INR,debit_card,route_d,Axis,,Pune,android,order_2883,success,,2385,0
324f038a-5e82-49aa-b927-9eb7f8884761,merchant_paymind_demo,cust_257,2026-08-15T23:27:00,13292.72,INR,netbanking,route_b,Axis,,Delhi,ios,order_2884,success,,2454,0
07b106fe-f449-42ea-806c-7f51d2201bf2,merchant_paymind_demo,cust_813,2026-08-18T15:45:00,19568.8,INR,debit_card,route_b,Axis,,Chennai,android,order_2885,failed,bank_timeout,3507,0
c40a3f42-f54e-4575-802a-e793eb3de173,merchant_paymind_demo,cust_910,2026-08-12T17:06:00,20778.52,INR,netbanking,route_a,Kotak,,Pune,web,order_2886,success,,1097,0
49e73512-ad61-4b02-8145-4d20f6590525,merchant_paymind_demo,cust_176,2026-08-09T23:49:00,24738.29,INR,netbanking,route_c,ICICI,,Delhi,web,order_2887,success,,302,0
eaff19fe-7cce-4727-923e-09daf68480df,merchant_paymind_demo,cust_1196,2026-08-06T12:04:00,20220.17,INR,netbanking,route_a,ICICI,,Bengaluru,ios,order_2888,success,,2252,0
b5c4bfe8-c65e-40cb-a6e0-0f546019f07c,merchant_paymind_demo,cust_889,2026-08-08T08:14:00,24364.56,INR,netbanking,route_d,Axis,,Bengaluru,android,order_2889,success,,1069,0
374ea021-1836-4cd8-a05a-c564e6501c5e,merchant_paymind_demo,cust_1090,2026-08-01T13:27:00,7961.34,INR,wallet,route_a,Yes Bank,,Bengaluru,android,order_2890,success,,2105,0
4af68ebe-1e5a-407c-8b48-ea4682a4d790,merchant_paymind_demo,cust_794,2026-08-08T12:02:00,12097.01,INR,UPI,route_b,Kotak,gpay,Kolkata,android,order_2891,success,,1743,0
f575fd90-c68a-4bc0-b3a8-6a5f6014a9a3,merchant_paymind_demo,cust_191,2026-08-13T03:50:00,13345.28,INR,netbanking,route_a,Yes Bank,,Mumbai,ios,order_2892,success,,2452,0
8f454953-67e7-4049-a2eb-5559ec250b7c,merchant_paymind_demo,cust_740,2026-08-18T14:38:00,1137.49,INR,netbanking,route_b,SBI,,Bengaluru,web,order_2893,failed,bank_timeout,6283,0
8d55307e-ec9f-485e-932f-a3fc2b96dcb5,merchant_paymind_demo,cust_1007,2026-08-08T22:55:00,16004.33,INR,netbanking,route_a,Yes Bank,,Delhi,web,order_2894,success,,368,0
adc23331-b8f6-486d-90ac-61a92d2c73a2,merchant_paymind_demo,cust_37,2026-08-03T19:26:00,2586.8,INR,credit_card,route_b,SBI,,Pune,android,order_2895,success,,561,0
e349e271-15d4-499b-b5e2-138d72f5c4e4,merchant_paymind_demo,cust_74,2026-08-12T05:27:00,6917.16,INR,wallet,route_a,Axis,,Pune,web,order_2896,success,,1711,0
7cc71558-b249-4b55-8ba6-89333b2e7434,merchant_paymind_demo,cust_332,2026-08-06T04:00:00,21282.0,INR,credit_card,route_d,Kotak,,Delhi,android,order_2897,success,,364,0
b55690b6-14f7-4dcb-9584-e9c1f1b89b73,merchant_paymind_demo,cust_86,2026-08-01T07:26:00,19572.35,INR,netbanking,route_d,Yes Bank,,Delhi,android,order_2898,success,,857,0
d6a86653-3745-4915-9d6e-c93bdae26890,merchant_paymind_demo,cust_789,2026-08-15T19:38:00,17779.11,INR,debit_card,route_b,SBI,,Pune,web,order_2899,success,,2148,0
7650ab20-bb31-4a83-9aa8-8289dd52dcaa,merchant_paymind_demo,cust_591,2026-08-01T13:35:00,17447.29,INR,debit_card,route_c,Axis,,Kolkata,web,order_2900,success,,676,0
fd260a35-f7be-4d95-97fa-96520d17f10b,merchant_paymind_demo,cust_753,2026-08-10T06:49:00,16973.32,INR,debit_card,route_d,SBI,,Mumbai,web,order_2901,success,,1858,0
8856a556-cd0b-4db7-882b-87bb12c29e20,merchant_paymind_demo,cust_427,2026-08-09T05:38:00,16166.23,INR,wallet,route_c,SBI,,Delhi,ios,order_2902,success,,1652,0
12190cac-faff-4f40-b592-fae220efb6f9,merchant_paymind_demo,cust_879,2026-08-13T11:48:00,24380.82,INR,UPI,route_d,SBI,,Delhi,web,order_2903,success,,1396,0
48665fa8-b484-4f69-895e-2214d578b28d,merchant_paymind_demo,cust_608,2026-08-13T18:41:00,18548.16,INR,wallet,route_b,Yes Bank,,Bengaluru,web,order_2904,success,,2057,0
2beb0a82-f5aa-4de6-a8c5-ca44d02cc0a2,merchant_paymind_demo,cust_1013,2026-08-05T21:52:00,10882.71,INR,credit_card,route_d,SBI,,Hyderabad,ios,order_2905,success,,1284,0
eef1ffab-1ceb-4fe0-95b5-417903856586,merchant_paymind_demo,cust_944,2026-08-11T18:11:00,9154.72,INR,credit_card,route_d,HDFC,,Hyderabad,web,order_2906,failed,invalid_otp,3996,0
fae2abed-9d42-4142-928b-34ff7dd4299f,merchant_paymind_demo,cust_837,2026-08-18T13:18:00,20114.34,INR,credit_card,route_b,Yes Bank,,Kolkata,web,order_2907,success,,1331,0
aba9e34d-555b-4ba2-b884-176bd41f4725,merchant_paymind_demo,cust_882,2026-08-14T14:04:00,17278.2,INR,debit_card,route_a,SBI,,Mumbai,web,order_2908,success,,1551,0
514fde87-67cd-4de0-92b0-e1caf60f0fea,merchant_paymind_demo,cust_740,2026-08-17T09:36:00,845.43,INR,debit_card,route_b,Kotak,,Bengaluru,ios,order_2909,success,,2198,0
4036e82f-ff0f-4252-97c1-df704cf78a48,merchant_paymind_demo,cust_17,2026-08-02T03:55:00,11474.25,INR,credit_card,route_c,ICICI,,Kolkata,web,order_2910,success,,1103,0
d496b76b-ae84-4f7a-9f46-a01e2e409f18,merchant_paymind_demo,cust_958,2026-08-11T04:01:00,5720.55,INR,wallet,route_d,ICICI,,Kolkata,web,order_2911,failed,invalid_otp,4208,0
6deb8c39-6b77-48be-8a58-ea61a7468d45,merchant_paymind_demo,cust_10,2026-08-06T11:59:00,14077.59,INR,debit_card,route_a,HDFC,,Chennai,android,order_2912,success,,1672,0
8d8a3b2b-6795-4962-9af5-3f9f16d03566,merchant_paymind_demo,cust_226,2026-08-09T01:31:00,1009.37,INR,wallet,route_b,Yes Bank,,Pune,web,order_2913,success,,319,0
3da56967-dbed-4d7c-ab28-95c7dc4529c0,merchant_paymind_demo,cust_48,2026-08-15T23:19:00,4665.54,INR,debit_card,route_a,SBI,,Delhi,ios,order_2914,success,,1229,0
c02bc670-bf8e-4e16-8592-b02e88567b2c,merchant_paymind_demo,cust_951,2026-08-14T13:50:00,6657.34,INR,UPI,route_b,ICICI,bhim,Hyderabad,ios,order_2915,success,,1070,0
56e6ad64-01fc-4494-9390-d8ff4b0c5492,merchant_paymind_demo,cust_206,2026-08-03T12:59:00,3598.79,INR,UPI,route_c,Kotak,gpay,Bengaluru,android,order_2916,success,,1942,0
a7d413b4-da4f-4349-9bbd-d88af134afd1,merchant_paymind_demo,cust_944,2026-08-19T14:15:00,6641.6,INR,debit_card,route_d,Yes Bank,,Chennai,android,order_2917,success,,1708,0
9037a34d-4290-4387-ab71-11756b366c22,merchant_paymind_demo,cust_1073,2026-08-09T06:30:00,12422.96,INR,UPI,route_b,Kotak,paytm,Bengaluru,ios,order_2918,success,,1701,0
0a3216b7-f217-4604-be46-6f4e98b3196a,merchant_paymind_demo,cust_884,2026-08-01T22:22:00,19964.75,INR,UPI,route_a,Kotak,phonepe,Bengaluru,android,order_2919,success,,621,0
65c553fa-f0c2-4a86-a3e6-06a1717044f2,merchant_paymind_demo,cust_624,2026-08-08T19:52:00,20728.49,INR,netbanking,route_c,Yes Bank,,Delhi,web,order_2920,success,,2158,0
a7c566f5-d39a-4e58-b257-782fdaaa5b5c,merchant_paymind_demo,cust_856,2026-08-04T02:07:00,11873.96,INR,UPI,route_a,Axis,bhim,Delhi,android,order_2921,success,,2111,0
9a6fd8bc-f371-4a5c-befd-0686c5afb7be,merchant_paymind_demo,cust_288,2026-08-20T05:57:00,2217.38,INR,debit_card,route_c,Axis,,Bengaluru,ios,order_2922,success,,983,0
e042f8ef-99c2-46b7-ad52-4844ef060e70,merchant_paymind_demo,cust_208,2026-08-04T22:55:00,18843.77,INR,netbanking,route_a,Kotak,,Bengaluru,web,order_2923,success,,785,0
e97f300b-a938-4b1a-8beb-fcf340b84821,merchant_paymind_demo,cust_906,2026-08-09T22:13:00,4036.6,INR,wallet,route_a,Axis,,Hyderabad,android,order_2924,success,,643,0
f946b266-87e4-4670-98ef-e2cdbf1ec8ba,merchant_paymind_demo,cust_493,2026-08-01T11:01:00,19762.99,INR,wallet,route_b,Kotak,,Hyderabad,ios,order_2925,success,,602,0
476f6005-1d5c-4064-93dd-515d33a49fc8,merchant_paymind_demo,cust_122,2026-08-08T01:43:00,8422.89,INR,netbanking,route_c,Yes Bank,,Hyderabad,web,order_2926,success,,885,0
e2bcb0e4-d176-411f-9afd-609dfd3ea0e8,merchant_paymind_demo,cust_858,2026-08-11T00:41:00,5727.72,INR,credit_card,route_a,ICICI,,Kolkata,android,order_2927,success,,1448,0
7d8173e3-9f13-4e7e-a41c-84bc395cec5b,merchant_paymind_demo,cust_1088,2026-08-13T15:40:00,13288.29,INR,credit_card,route_a,SBI,,Hyderabad,ios,order_2928,success,,670,0
045f25b6-b93e-4609-a16a-b798b1892ff6,merchant_paymind_demo,cust_118,2026-08-04T07:19:00,9263.97,INR,debit_card,route_b,Axis,,Bengaluru,ios,order_2929,success,,489,0
4d492f8c-e9eb-41d7-a99b-5a000c08bea3,merchant_paymind_demo,cust_487,2026-08-03T10:28:00,6195.6,INR,credit_card,route_b,Axis,,Bengaluru,ios,order_2930,success,,2108,0
54ff58c4-02e5-4698-a979-acc5ce114366,merchant_paymind_demo,cust_131,2026-08-03T12:11:00,17972.47,INR,netbanking,route_c,Kotak,,Mumbai,web,order_2931,success,,1468,0
1fa1fb95-60a6-4c0b-9cad-19cdedbfc095,merchant_paymind_demo,cust_175,2026-08-12T20:43:00,21278.45,INR,debit_card,route_b,Yes Bank,,Bengaluru,android,order_2932,success,,2085,0
53af5440-f097-484b-8947-809131ae1546,merchant_paymind_demo,cust_174,2026-08-01T20:49:00,17157.62,INR,wallet,route_b,Yes Bank,,Hyderabad,ios,order_2933,success,,2281,0
66148b67-875d-4ff0-933e-8623501c9dfd,merchant_paymind_demo,cust_220,2026-08-08T07:08:00,444.2,INR,UPI,route_b,Yes Bank,,Mumbai,web,order_2934,success,,2215,0
d5082587-044a-4195-8185-3afbed63640d,merchant_paymind_demo,cust_696,2026-08-19T09:45:00,1652.57,INR,wallet,route_d,ICICI,,Kolkata,android,order_2935,success,,2385,0
d6e72dd0-5c1a-44c9-bfb6-d4385a27f4c4,merchant_paymind_demo,cust_290,2026-08-16T14:16:00,15378.87,INR,UPI,route_a,Yes Bank,,Chennai,android,order_2936,success,,937,0
860a79ee-5848-47ce-9647-e6bdda39bae2,merchant_paymind_demo,cust_1127,2026-08-06T14:27:00,9956.9,INR,credit_card,route_a,SBI,,Chennai,android,order_2937,success,,2186,0
10e5b3c5-e7d2-457a-8edb-f90ed2e1f9c4,merchant_paymind_demo,cust_234,2026-08-18T14:05:00,721.28,INR,netbanking,route_b,Kotak,,Hyderabad,web,order_2938,success,,2148,0
59cafea3-3f4a-4540-bc72-60e5ac687f2a,merchant_paymind_demo,cust_599,2026-08-08T21:06:00,21268.54,INR,netbanking,route_a,SBI,,Kolkata,android,order_2939,failed,insufficient_funds,4083,0
2aa95db0-d8a8-4f8f-aaf0-cc5c53d8e554,merchant_paymind_demo,cust_22,2026-08-19T09:44:00,24705.39,INR,debit_card,route_a,ICICI,,Kolkata,web,order_2940,success,,1845,0
583ce044-c568-4b2b-b63c-b02091359e76,merchant_paymind_demo,cust_1013,2026-08-13T15:04:00,15342.3,INR,wallet,route_b,Yes Bank,,Bengaluru,web,order_2941,success,,1718,0
f2f02077-b8a2-4d95-9d49-fab21ae6155b,merchant_paymind_demo,cust_648,2026-08-12T10:42:00,10024.14,INR,UPI,route_d,HDFC,phonepe,Pune,android,order_2942,success,,1414,0
9c6a5c78-453f-4790-af9a-9370ecc6fbe4,merchant_paymind_demo,cust_422,2026-08-07T05:10:00,10231.77,INR,UPI,route_d,Yes Bank,paytm,Bengaluru,web,order_2943,success,,581,0
b7e60b95-b33f-4a0b-a79e-220557857d33,merchant_paymind_demo,cust_300,2026-08-06T11:07:00,19730.75,INR,wallet,route_a,HDFC,,Mumbai,android,order_2944,success,,841,0
3e84f378-bba7-4f26-8386-abfe4bad420e,merchant_paymind_demo,cust_100,2026-08-20T19:52:00,18771.05,INR,netbanking,route_a,ICICI,,Delhi,ios,order_2945,success,,1837,0
b7f21ca4-76dd-4ea2-8c6c-54e2e740a57c,merchant_paymind_demo,cust_636,2026-08-04T15:12:00,3764.99,INR,UPI,route_a,ICICI,,Pune,web,order_2946,success,,992,0
bb09daf9-2ce1-4445-b8a7-75b8e1684cb4,merchant_paymind_demo,cust_356,2026-08-01T17:13:00,19285.16,INR,debit_card,route_b,Yes Bank,,Pune,android,order_2947,success,,1884,0
79d6ced7-175b-40c7-94f6-23d46a722346,merchant_paymind_demo,cust_842,2026-08-06T01:23:00,10412.63,INR,wallet,route_a,ICICI,,Hyderabad,web,order_2948,success,,652,0
0bf37c0e-5526-4d37-ae00-36bae78be7c9,merchant_paymind_demo,cust_780,2026-08-14T15:48:00,365.13,INR,netbanking,route_c,Yes Bank,,Chennai,ios,order_2949,success,,2274,0
262b3be3-11ea-43b4-b4c4-17ffa61f1867,merchant_paymind_demo,cust_48,2026-08-09T01:06:00,3278.57,INR,credit_card,route_c,Yes Bank,,Pune,android,order_2950,failed,insufficient_funds,5882,0
e90bc85e-70bc-4b9d-94f5-8441b52d5e28,merchant_paymind_demo,cust_889,2026-08-06T11:51:00,6761.41,INR,UPI,route_c,HDFC,,Kolkata,web,order_2951,success,,1613,0
ff646261-8e6f-49ef-b7d5-2834209ae49b,merchant_paymind_demo,cust_940,2026-08-01T03:30:00,13250.7,INR,UPI,route_a,HDFC,,Kolkata,android,order_2952,success,,1384,0
d896f1ca-14dc-43eb-9727-6e647e76d696,merchant_paymind_demo,cust_745,2026-08-10T13:32:00,15157.42,INR,debit_card,route_b,Kotak,,Chennai,ios,order_2953,success,,1686,0
87d06e71-2e9c-490b-936a-8a31fae316b8,merchant_paymind_demo,cust_382,2026-08-11T07:40:00,10723.26,INR,netbanking,route_a,ICICI,,Chennai,ios,order_2954,success,,776,0
44f17d6e-433a-44b1-9433-2760af5c2e21,merchant_paymind_demo,cust_290,2026-08-20T06:16:00,10670.14,INR,wallet,route_c,Axis,,Mumbai,android,order_2955,success,,1945,0
c7ca9365-af03-4d3c-9ab5-c1e90a9b4c49,merchant_paymind_demo,cust_903,2026-08-13T09:02:00,5508.03,INR,netbanking,route_a,SBI,,Bengaluru,ios,order_2956,success,,1149,0
347cac06-f9e0-4016-a07d-683b67917b03,merchant_paymind_demo,cust_1116,2026-08-20T06:03:00,21309.21,INR,netbanking,route_d,Yes Bank,,Bengaluru,android,order_2957,success,,979,0
054c46f9-2b1c-41e2-872c-2f57d12a50f7,merchant_paymind_demo,cust_592,2026-08-16T04:23:00,9550.48,INR,credit_card,route_a,SBI,,Bengaluru,ios,order_2958,success,,1861,0
5f51e382-1c8f-42b5-a8c5-2e8f3bbd620d,merchant_paymind_demo,cust_420,2026-08-17T13:19:00,5499.39,INR,credit_card,route_c,Yes Bank,,Mumbai,android,order_2959,success,,2172,0
e160827d-cae2-4208-a595-6c684ab40c3b,merchant_paymind_demo,cust_611,2026-08-04T23:05:00,15673.93,INR,netbanking,route_a,SBI,,Delhi,ios,order_2960,success,,2394,0
67632573-bcb3-477b-8840-bde13f41cf05,merchant_paymind_demo,cust_813,2026-08-13T02:28:00,18441.19,INR,credit_card,route_b,Axis,,Bengaluru,ios,order_2961,success,,411,0
5444c75c-d8e0-4646-ba1b-3488908d0f1b,merchant_paymind_demo,cust_773,2026-08-13T06:10:00,24425.09,INR,debit_card,route_d,Kotak,,Hyderabad,ios,order_2962,success,,389,0
4da2ea99-141d-463a-a482-89cf88f9517d,merchant_paymind_demo,cust_1145,2026-08-18T17:39:00,24034.22,INR,credit_card,route_a,HDFC,,Bengaluru,web,order_2963,success,,1200,0
0ccb7132-b1b8-41ec-b8e9-7e41b2f17625,merchant_paymind_demo,cust_467,2026-08-10T03:18:00,18236.97,INR,netbanking,route_a,SBI,,Hyderabad,android,order_2964,success,,893,0
42821254-ef54-436d-9bf0-f5d79e0ddcfa,merchant_paymind_demo,cust_344,2026-08-11T23:32:00,23379.3,INR,wallet,route_d,SBI,,Hyderabad,android,order_2965,success,,1447,0
028332dd-3283-4bbf-9ccc-68193a37bf16,merchant_paymind_demo,cust_542,2026-08-02T03:14:00,9459.15,INR,UPI,route_b,Kotak,gpay,Mumbai,web,order_2966,failed,gateway_error,3395,0
192f1998-8957-4b53-957f-e3dabf328f14,merchant_paymind_demo,cust_576,2026-08-11T22:02:00,3145.73,INR,credit_card,route_b,HDFC,,Mumbai,web,order_2967,success,,767,0
74dfc465-ec00-416f-94cc-74f7e0b782d9,merchant_paymind_demo,cust_821,2026-08-15T20:04:00,1383.04,INR,netbanking,route_d,SBI,,Pune,ios,order_2968,success,,2453,0
a156abbf-0571-4a89-b562-dfa2ccfce926,merchant_paymind_demo,cust_1067,2026-08-15T22:21:00,6338.51,INR,wallet,route_d,SBI,,Hyderabad,web,order_2969,success,,2138,0
c4a579e9-45f5-4e31-b171-65008b84bff3,merchant_paymind_demo,cust_647,2026-08-04T16:03:00,23249.97,INR,wallet,route_b,HDFC,,Chennai,android,order_2970,success,,752,0
29fe6452-b1f5-46f3-87dc-021a98e3336e,merchant_paymind_demo,cust_839,2026-08-18T23:44:00,8427.0,INR,debit_card,route_d,SBI,,Hyderabad,web,order_2971,success,,688,0
acece769-a86d-4905-bd30-ef9fae52d810,merchant_paymind_demo,cust_209,2026-08-01T05:08:00,10845.08,INR,wallet,route_d,ICICI,,Pune,web,order_2972,success,,1583,0
d398931a-09df-4761-833f-7e7c22fb94ab,merchant_paymind_demo,cust_194,2026-08-10T06:47:00,5042.9,INR,netbanking,route_a,ICICI,,Hyderabad,ios,order_2973,success,,1801,0
aebfe40e-3098-43c4-965e-a905b6fad6b2,merchant_paymind_demo,cust_365,2026-08-17T22:47:00,21675.01,INR,debit_card,route_d,HDFC,,Chennai,web,order_2974,success,,1549,0
3aeacefc-255d-4616-9ad3-2aeda76730fd,merchant_paymind_demo,cust_1000,2026-08-13T18:08:00,12702.56,INR,wallet,route_a,Kotak,,Kolkata,android,order_2975,success,,2452,0
29fcf0c9-b0c5-479d-a13b-9713a5e4b331,merchant_paymind_demo,cust_1199,2026-08-02T05:14:00,9829.5,INR,wallet,route_b,Yes Bank,,Mumbai,android,order_2976,success,,1148,0
9b102874-f35a-47bd-91ef-9e034d22ec15,merchant_paymind_demo,cust_873,2026-08-12T05:39:00,8734.07,INR,UPI,route_b,HDFC,bhim,Delhi,web,order_2977,success,,1096,0
0b77e31f-d889-4b70-802a-6236bb1d023f,merchant_paymind_demo,cust_496,2026-08-02T17:59:00,11781.65,INR,netbanking,route_c,SBI,,Hyderabad,android,order_2978,success,,485,0
4c42d1d2-9f1e-4286-92d9-cff10ed323b5,merchant_paymind_demo,cust_116,2026-08-06T12:31:00,11931.73,INR,debit_card,route_b,Kotak,,Bengaluru,web,order_2979,success,,1511,0
dacca9bd-09bb-4d40-a42d-fe8c565cb682,merchant_paymind_demo,cust_682,2026-08-12T10:59:00,5661.44,INR,debit_card,route_d,ICICI,,Pune,web,order_2980,success,,806,0
b2a961bc-2f6d-49e6-b6d8-b074fb681efb,merchant_paymind_demo,cust_571,2026-08-17T16:03:00,5484.79,INR,credit_card,route_b,ICICI,,Bengaluru,ios,order_2981,success,,733,0
ec86be40-cd75-4094-864e-2c9acd4d6430,merchant_paymind_demo,cust_143,2026-08-19T23:16:00,15024.96,INR,netbanking,route_b,SBI,,Hyderabad,android,order_2982,success,,1340,0
b5d77bac-250a-4aa1-af53-af14b4397837,merchant_paymind_demo,cust_368,2026-08-03T10:03:00,20481.57,INR,netbanking,route_b,Yes Bank,,Delhi,ios,order_2983,success,,452,0
0c93bdc7-f432-492a-aa8f-2d6959c30f49,merchant_paymind_demo,cust_810,2026-08-06T07:23:00,14307.64,INR,UPI,route_c,SBI,paytm,Mumbai,android,order_2984,success,,1330,0
4966f169-ff00-49e3-bece-00d00a9450df,merchant_paymind_demo,cust_643,2026-08-09T20:46:00,5479.82,INR,debit_card,route_a,Kotak,,Delhi,android,order_2985,success,,2226,0
deb1114c-e3b5-4351-a2b2-f15573d194da,merchant_paymind_demo,cust_692,2026-08-18T15:20:00,23950.43,INR,wallet,route_a,Yes Bank,,Hyderabad,ios,order_2986,success,,1552,0
86ae9243-49e2-49c4-980b-6c96d54eba00,merchant_paymind_demo,cust_1187,2026-08-13T06:01:00,11647.11,INR,debit_card,route_c,Yes Bank,,Mumbai,web,order_2987,success,,1020,0
f3dcc87c-de69-4e62-9ad1-5df91d9132d0,merchant_paymind_demo,cust_386,2026-08-08T11:28:00,16288.72,INR,UPI,route_a,Axis,bhim,Hyderabad,android,order_2988,success,,572,0
ec1a370f-f5a9-45b5-b891-891d26446ee9,merchant_paymind_demo,cust_964,2026-08-05T08:55:00,23360.92,INR,credit_card,route_d,HDFC,,Chennai,web,order_2989,success,,857,0
22777344-dc79-4b1d-b77c-871ef60050f9,merchant_paymind_demo,cust_464,2026-08-17T01:54:00,7378.67,INR,UPI,route_a,Yes Bank,phonepe,Bengaluru,android,order_2990,success,,1003,0
125ea7f6-8459-42e8-9205-725075eaec3f,merchant_paymind_demo,cust_554,2026-08-03T03:22:00,17224.22,INR,credit_card,route_b,HDFC,,Chennai,web,order_2991,success,,1306,0
78c60670-98b7-4a75-8ed2-044d1b28f42e,merchant_paymind_demo,cust_889,2026-08-08T02:45:00,7748.1,INR,credit_card,route_a,HDFC,,Hyderabad,android,order_2992,success,,1569,0
9c07422c-14f4-4f69-b38a-d5a554433ce8,merchant_paymind_demo,cust_608,2026-08-18T07:29:00,24302.0,INR,debit_card,route_c,ICICI,,Pune,web,order_2993,success,,426,0
974b71f2-62c8-4452-9ba1-228e906ac2ad,merchant_paymind_demo,cust_502,2026-08-19T09:33:00,20927.76,INR,credit_card,route_c,HDFC,,Pune,web,order_2994,success,,1560,0
b3dd29c4-3af0-4473-ad9d-b8415ecfdf02,merchant_paymind_demo,cust_187,2026-08-03T16:27:00,16724.28,INR,netbanking,route_d,Yes Bank,,Mumbai,ios,order_2995,success,,2006,0
5153e96f-0b77-41ed-8682-831555aa2ef7,merchant_paymind_demo,cust_1180,2026-08-07T11:39:00,2621.1,INR,debit_card,route_d,SBI,,Delhi,web,order_2996,failed,insufficient_funds,3577,0
2bba4288-67f7-41a7-8ef1-ca13671f3cbc,merchant_paymind_demo,cust_638,2026-08-19T21:44:00,15925.37,INR,netbanking,route_c,SBI,,Mumbai,web,order_2997,failed,insufficient_funds,6166,0
2f58bd36-a134-4fde-9f93-90ebb4389ed5,merchant_paymind_demo,cust_156,2026-08-16T04:29:00,22550.36,INR,credit_card,route_a,HDFC,,Pune,android,order_2998,success,,1603,0
37acb7f5-22bc-4c75-be65-4ace317ec0b3,merchant_paymind_demo,cust_548,2026-08-05T02:58:00,18746.26,INR,netbanking,route_b,HDFC,,Pune,android,order_2999,success,,1290,0
67c8b370-5eba-49bb-bacd-a270ea4f5334,merchant_paymind_demo,cust_782,2026-08-10T20:21:00,14598.0,INR,netbanking,route_d,Kotak,,Delhi,android,order_3000,success,,1721,0
c09fe7a5-2710-411d-b9b1-9d6dbbce20a5,merchant_paymind_demo,cust_786,2026-08-03T02:56:00,14238.59,INR,credit_card,route_a,HDFC,,Pune,web,order_3001,success,,1085,0
e7be44eb-284f-4c2a-87ca-6464d40bb678,merchant_paymind_demo,cust_473,2026-08-18T19:51:00,19860.09,INR,wallet,route_b,SBI,,Pune,web,order_3002,success,,909,0
697130f4-9410-4fe8-84df-b6dc05636fee,merchant_paymind_demo,cust_870,2026-08-16T07:44:00,4482.98,INR,debit_card,route_b,SBI,,Chennai,android,order_3003,failed,bank_timeout,8602,0
9742cddd-10a9-4f7c-b439-be9c49c65e74,merchant_paymind_demo,cust_1104,2026-08-14T18:08:00,5790.3,INR,debit_card,route_b,SBI,,Delhi,ios,order_3004,success,,1819,0
ed9b95a5-f187-4597-8541-cddb5fdef351,merchant_paymind_demo,cust_1079,2026-08-09T16:12:00,10932.69,INR,UPI,route_c,Yes Bank,gpay,Hyderabad,ios,order_3005,success,,1782,0
06ccae36-a63c-4880-b260-171e5da6382b,merchant_paymind_demo,cust_511,2026-08-17T13:17:00,14072.4,INR,debit_card,route_d,Kotak,,Delhi,web,order_3006,success,,1650,0
ef87526a-bc8d-4385-ab7f-4f6ace7caf8e,merchant_paymind_demo,cust_551,2026-08-05T15:31:00,8533.64,INR,debit_card,route_a,Kotak,,Kolkata,ios,order_3007,failed,bank_timeout,8218,0
c0a6d6e2-a89d-43a0-8e77-0d66d0874944,merchant_paymind_demo,cust_1072,2026-08-19T08:42:00,15555.5,INR,wallet,route_c,Kotak,,Bengaluru,ios,order_3008,success,,333,0
375d718c-9cd2-426b-b170-fe03fba89064,merchant_paymind_demo,cust_865,2026-08-07T10:45:00,8202.64,INR,credit_card,route_c,Kotak,,Mumbai,ios,order_3009,success,,1958,0
842d8a06-fb4b-494a-ac2b-c6e5240a842c,merchant_paymind_demo,cust_938,2026-08-03T20:02:00,20074.07,INR,debit_card,route_b,HDFC,,Mumbai,web,order_3010,failed,invalid_otp,4244,0
00c97b75-aa48-4c6f-8913-8908b3c051a5,merchant_paymind_demo,cust_933,2026-08-05T19:55:00,23367.31,INR,credit_card,route_c,Yes Bank,,Pune,web,order_3011,success,,1946,0
1a384463-3bb0-405c-98ac-bdef92fc5129,merchant_paymind_demo,cust_889,2026-08-10T18:40:00,11276.85,INR,netbanking,route_c,Axis,,Mumbai,ios,order_3012,success,,736,0
7403985e-7551-442b-93fb-d9de25849be4,merchant_paymind_demo,cust_46,2026-08-20T20:19:00,21589.1,INR,netbanking,route_d,Kotak,,Mumbai,android,order_3013,success,,1368,0
733dba49-7b40-4a0b-8b63-12f7844712f9,merchant_paymind_demo,cust_169,2026-08-02T20:07:00,706.61,INR,wallet,route_b,Kotak,,Bengaluru,web,order_3014,success,,2135,0
78255e12-59d3-42d3-becc-166c55e6ee7b,merchant_paymind_demo,cust_984,2026-08-19T20:53:00,8994.49,INR,UPI,route_d,Yes Bank,paytm,Mumbai,web,order_3015,success,,1687,0
ee86051f-555a-48ac-b432-c1b277a8b3e4,merchant_paymind_demo,cust_1035,2026-08-10T14:40:00,23594.89,INR,UPI,route_a,Axis,bhim,Pune,ios,order_3016,success,,1368,0
837702fa-5352-4a81-b9b5-a5ce76e3396e,merchant_paymind_demo,cust_371,2026-08-05T15:38:00,7137.96,INR,wallet,route_b,SBI,,Hyderabad,web,order_3017,success,,2081,0
16f6955c-df43-4e5b-a1b8-6578de1333dc,merchant_paymind_demo,cust_39,2026-08-07T07:57:00,8138.92,INR,wallet,route_a,Yes Bank,,Bengaluru,ios,order_3018,success,,1973,0
5bac4287-7762-47a9-beea-c1970814e431,merchant_paymind_demo,cust_470,2026-08-12T00:35:00,8611.73,INR,wallet,route_a,ICICI,,Kolkata,web,order_3019,success,,1382,0
52ae23cf-b4eb-40c4-a5f8-115c1c201885,merchant_paymind_demo,cust_891,2026-08-02T15:22:00,11817.14,INR,credit_card,route_b,SBI,,Kolkata,ios,order_3020,success,,809,0
0bef700d-4dc2-4fe9-a098-26329aa055dc,merchant_paymind_demo,cust_267,2026-08-08T12:27:00,1439.64,INR,debit_card,route_b,Kotak,,Bengaluru,web,order_3021,success,,2309,0
1d805ce8-c6d4-476f-ae54-aba4fc23e81a,merchant_paymind_demo,cust_771,2026-08-20T21:37:00,20781.49,INR,netbanking,route_a,Yes Bank,,Chennai,android,order_3022,success,,2418,0
270cd250-f4d6-4544-85b4-e19e68bcb8a3,merchant_paymind_demo,cust_834,2026-08-20T13:22:00,14004.23,INR,debit_card,route_a,Yes Bank,,Chennai,android,order_3023,success,,1623,0
448586db-9550-44b3-a267-5ad6405473fc,merchant_paymind_demo,cust_39,2026-08-17T09:15:00,21005.47,INR,wallet,route_a,HDFC,,Kolkata,android,order_3024,success,,2099,0
18aa4a71-cb81-47d8-a0f7-52588ee86d3e,merchant_paymind_demo,cust_683,2026-08-02T21:54:00,24172.61,INR,wallet,route_b,HDFC,,Kolkata,ios,order_3025,success,,2363,0
3c4855ed-6879-4896-9d4b-c1b2f8f3fa2b,merchant_paymind_demo,cust_1003,2026-08-11T11:02:00,8789.44,INR,debit_card,route_d,Axis,,Mumbai,android,order_3026,success,,1886,0
6ea4f032-b2f7-4b71-87da-a8d91328d658,merchant_paymind_demo,cust_106,2026-08-05T10:06:00,18696.58,INR,debit_card,route_b,SBI,,Bengaluru,web,order_3027,success,,1452,0
25c4c654-cb64-4a26-bef2-3251253eb3d1,merchant_paymind_demo,cust_529,2026-08-10T04:04:00,12741.32,INR,credit_card,route_d,Yes Bank,,Pune,web,order_3028,success,,1301,0
7ec4910e-c7a2-4a31-8f6a-8afc518a620f,merchant_paymind_demo,cust_148,2026-08-16T08:14:00,24076.95,INR,credit_card,route_b,ICICI,,Bengaluru,ios,order_3029,success,,2027,0
67a7be9d-ed65-4289-bd3d-7d39d6882a35,merchant_paymind_demo,cust_98,2026-08-11T04:56:00,22075.74,INR,UPI,route_a,Axis,paytm,Bengaluru,ios,order_3030,success,,2188,0
e2fcbaeb-3f1a-4bf9-81c7-b21f5f5df019,merchant_paymind_demo,cust_355,2026-08-16T08:45:00,10366.24,INR,netbanking,route_b,Axis,,Delhi,ios,order_3031,success,,2120,0
88235fcc-1e03-4667-b13c-ff39a2973269,merchant_paymind_demo,cust_85,2026-08-12T14:13:00,15375.62,INR,wallet,route_d,Axis,,Bengaluru,ios,order_3032,success,,1833,0
80c8c4f2-6d53-47ec-92d2-b510b01af99b,merchant_paymind_demo,cust_588,2026-08-15T19:01:00,6023.7,INR,wallet,route_c,Kotak,,Pune,ios,order_3033,success,,866,0
124c16b1-978a-48ab-bffa-b61ffe1f39f9,merchant_paymind_demo,cust_390,2026-08-11T03:38:00,18760.12,INR,wallet,route_c,HDFC,,Kolkata,android,order_3034,success,,2250,0
7a7b97a0-a457-4e9a-bd9d-3de5c5ccabac,merchant_paymind_demo,cust_1142,2026-08-11T19:35:00,7070.74,INR,netbanking,route_c,ICICI,,Mumbai,ios,order_3035,success,,2025,0
8e06a945-92c2-4ee0-9a14-6ab8420eb7e2,merchant_paymind_demo,cust_632,2026-08-14T13:55:00,11156.55,INR,netbanking,route_b,SBI,,Mumbai,android,order_3036,success,,1598,0
14262a50-58de-4a15-9db0-f48cd905142f,merchant_paymind_demo,cust_426,2026-08-02T08:26:00,15568.66,INR,netbanking,route_a,HDFC,,Pune,web,order_3037,success,,490,0
d9eae4ff-7dd9-4a77-8ab4-5291ebbbaef8,merchant_paymind_demo,cust_69,2026-08-19T02:53:00,10255.58,INR,wallet,route_d,SBI,,Pune,web,order_3038,success,,914,0
a2baa5a5-914b-4100-8c5b-bdf450a94037,merchant_paymind_demo,cust_540,2026-08-08T19:32:00,6141.95,INR,credit_card,route_c,Yes Bank,,Pune,ios,order_3039,success,,1796,0
1500483f-35e4-4120-b173-fff8bfa67de7,merchant_paymind_demo,cust_370,2026-08-05T13:22:00,21629.73,INR,credit_card,route_b,Axis,,Chennai,android,order_3040,success,,355,0
ed32983b-1292-444e-a9c8-accb464c6a5c,merchant_paymind_demo,cust_60,2026-08-20T11:11:00,24988.52,INR,UPI,route_a,HDFC,gpay,Pune,android,order_3041,success,,1560,0
07a90cd4-5cdf-44ec-a526-27437b28f0c6,merchant_paymind_demo,cust_741,2026-08-19T18:16:00,10564.31,INR,wallet,route_a,Kotak,,Pune,web,order_3042,success,,2355,0
a301f350-c3a0-458d-adea-193bef113292,merchant_paymind_demo,cust_818,2026-08-19T23:13:00,7893.24,INR,wallet,route_a,HDFC,,Hyderabad,android,order_3043,success,,1603,0
5cf42600-9c81-43f3-bb99-9aec34f030eb,merchant_paymind_demo,cust_918,2026-08-18T22:06:00,23232.27,INR,wallet,route_d,Axis,,Mumbai,ios,order_3044,success,,1555,0
5b184e96-4df8-4fad-a42f-5d983cc4f808,merchant_paymind_demo,cust_191,2026-08-12T14:55:00,16088.76,INR,netbanking,route_d,Kotak,,Chennai,web,order_3045,success,,300,0
50633401-5876-4230-8d0e-807ade2536fb,merchant_paymind_demo,cust_1196,2026-08-10T08:47:00,10027.39,INR,debit_card,route_d,Kotak,,Delhi,web,order_3046,success,,364,0
49d40a8e-60b2-4a35-97ad-20161a842df9,merchant_paymind_demo,cust_756,2026-08-10T04:42:00,8610.18,INR,debit_card,route_c,HDFC,,Hyderabad,web,order_3047,success,,577,0
6d0fd967-2ff0-451d-9e89-0ca2e5a1cd89,merchant_paymind_demo,cust_477,2026-08-16T17:44:00,5827.36,INR,debit_card,route_b,Kotak,,Pune,android,order_3048,success,,2333,0
f0a276f2-2a07-4b68-ad3c-e873ae28bbd9,merchant_paymind_demo,cust_36,2026-08-08T04:19:00,6992.08,INR,netbanking,route_d,Yes Bank,,Delhi,web,order_3049,success,,2491,0
dc2b0744-6675-40eb-a3d0-a6a4873dcf2a,merchant_paymind_demo,cust_319,2026-08-02T12:38:00,6371.75,INR,netbanking,route_c,HDFC,,Delhi,android,order_3050,success,,2478,0
8333eb93-2289-4390-96a1-5fbb6b553e83,merchant_paymind_demo,cust_632,2026-08-12T00:37:00,7722.83,INR,netbanking,route_b,ICICI,,Hyderabad,web,order_3051,success,,669,0
07135b4e-cd18-4c1d-a174-52ac38067171,merchant_paymind_demo,cust_1025,2026-08-08T17:27:00,4233.11,INR,debit_card,route_d,SBI,,Kolkata,ios,order_3052,success,,825,0
cf3b00ba-8caa-4088-8959-bfc07c57e53f,merchant_paymind_demo,cust_538,2026-08-07T10:01:00,2622.63,INR,UPI,route_b,Yes Bank,phonepe,Kolkata,web,order_3053,success,,2269,0
c545879e-db0c-4083-bc8a-1295b10de61a,merchant_paymind_demo,cust_169,2026-08-13T05:25:00,22898.63,INR,credit_card,route_d,Axis,,Bengaluru,ios,order_3054,success,,2262,0
fdf7d823-3e04-485a-bf91-24bfa4a1032d,merchant_paymind_demo,cust_185,2026-08-05T15:10:00,22970.9,INR,debit_card,route_a,Kotak,,Pune,android,order_3055,success,,335,0
eee84c02-b621-45c0-a324-626b16e73e74,merchant_paymind_demo,cust_766,2026-08-05T10:49:00,6725.02,INR,credit_card,route_d,SBI,,Hyderabad,android,order_3056,success,,1730,0
be708e76-c18f-4e15-bda1-fd9791ea8b62,merchant_paymind_demo,cust_1080,2026-08-18T15:42:00,13472.21,INR,credit_card,route_b,Yes Bank,,Mumbai,ios,order_3057,success,,1642,0
b4d2be8f-cca1-4992-8698-b5cbd94b2753,merchant_paymind_demo,cust_119,2026-08-19T09:44:00,14454.54,INR,debit_card,route_c,Yes Bank,,Pune,android,order_3058,success,,999,0
369adbe8-15b2-4f77-b793-84f7b21cba52,merchant_paymind_demo,cust_677,2026-08-09T05:09:00,20200.89,INR,wallet,route_a,Axis,,Chennai,ios,order_3059,success,,1028,0
a915ffa5-d90b-4f2f-8e58-6d52aadf7dbf,merchant_paymind_demo,cust_199,2026-08-14T08:54:00,5547.46,INR,credit_card,route_a,Kotak,,Pune,android,order_3060,success,,527,0
68a9601c-71af-4dcb-a09f-79c1bf9c1284,merchant_paymind_demo,cust_134,2026-08-19T15:21:00,6492.11,INR,credit_card,route_d,ICICI,,Bengaluru,android,order_3061,success,,1008,0
53a81d97-12cc-48d9-ba53-d9fb639eb32a,merchant_paymind_demo,cust_211,2026-08-16T16:21:00,15226.24,INR,debit_card,route_c,Kotak,,Chennai,web,order_3062,success,,1291,0
cfc11673-d20e-49ae-9e70-868474ebddab,merchant_paymind_demo,cust_209,2026-08-04T22:41:00,1629.69,INR,UPI,route_c,ICICI,bhim,Delhi,ios,order_3063,success,,671,0
4b39d304-9407-4293-81d3-b200ad4ff412,merchant_paymind_demo,cust_823,2026-08-03T00:07:00,4956.21,INR,UPI,route_a,SBI,paytm,Bengaluru,android,order_3064,success,,521,0
f909e152-900a-41d1-840f-481cfc96c9c9,merchant_paymind_demo,cust_80,2026-08-05T07:39:00,1519.21,INR,UPI,route_c,SBI,gpay,Chennai,ios,order_3065,success,,2482,0
002a85f3-8eec-4e7f-a41b-e9a3db40eb07,merchant_paymind_demo,cust_205,2026-08-02T01:54:00,15435.14,INR,UPI,route_d,SBI,,Hyderabad,ios,order_3066,success,,1581,0
7f0af405-d3f0-413b-97a7-7a3daa4d5e18,merchant_paymind_demo,cust_886,2026-08-06T09:38:00,18745.34,INR,debit_card,route_c,SBI,,Bengaluru,android,order_3067,success,,1052,0
b69ccfd7-1b56-4f14-ba11-b95d9315b8df,merchant_paymind_demo,cust_290,2026-08-10T06:03:00,23472.05,INR,wallet,route_c,SBI,,Delhi,android,order_3068,success,,2007,0
889d7b3e-611a-42be-a7a4-c2de971fcd71,merchant_paymind_demo,cust_211,2026-08-01T12:30:00,10512.81,INR,debit_card,route_a,Yes Bank,,Pune,ios,order_3069,success,,1858,0
a0a5c1bc-1954-4a9a-9b20-fa9af90b7769,merchant_paymind_demo,cust_121,2026-08-18T03:39:00,22210.3,INR,wallet,route_b,ICICI,,Pune,ios,order_3070,success,,848,0
8b05dbd4-d530-4525-8f35-4839b5ee6e1c,merchant_paymind_demo,cust_290,2026-08-10T11:57:00,20614.46,INR,UPI,route_b,ICICI,gpay,Pune,ios,order_3071,success,,1757,0
b79c6722-87c8-4af0-85a6-acd3d4643ac1,merchant_paymind_demo,cust_781,2026-08-20T00:22:00,15476.17,INR,netbanking,route_d,ICICI,,Mumbai,web,order_3072,success,,1092,0
31cd7b44-d9c4-48da-9666-43913db98edf,merchant_paymind_demo,cust_177,2026-08-17T23:16:00,146.86,INR,debit_card,route_c,Kotak,,Delhi,android,order_3073,success,,1740,0
0c558480-f783-41e0-8fad-da0e8ac00d8a,merchant_paymind_demo,cust_272,2026-08-13T13:03:00,15701.07,INR,netbanking,route_a,Yes Bank,,Delhi,android,order_3074,success,,897,0
6cb3649b-ed72-412f-88c6-33610c909e6d,merchant_paymind_demo,cust_949,2026-08-20T05:38:00,6719.92,INR,UPI,route_c,Kotak,bhim,Pune,android,order_3075,failed,invalid_otp,8595,0
1235c37b-d3ef-43d9-ae9c-244c0a4518df,merchant_paymind_demo,cust_251,2026-08-04T07:03:00,15271.0,INR,credit_card,route_a,SBI,,Bengaluru,android,order_3076,success,,483,0
f4e1bc85-6e6a-42f0-b384-962280187bac,merchant_paymind_demo,cust_1049,2026-08-19T06:27:00,16080.86,INR,debit_card,route_b,Yes Bank,,Hyderabad,ios,order_3077,success,,365,0
28c6fbe8-693a-409e-92e6-f2f7ad165a53,merchant_paymind_demo,cust_1132,2026-08-01T15:39:00,4378.89,INR,netbanking,route_b,SBI,,Mumbai,ios,order_3078,failed,invalid_otp,8940,0
cd6eda56-3863-45f0-8165-f53a0443da4a,merchant_paymind_demo,cust_540,2026-08-11T06:23:00,23867.75,INR,debit_card,route_d,Yes Bank,,Hyderabad,ios,order_3079,success,,470,0
1e882bf8-f9a7-4992-af78-c0ea14c4f5ad,merchant_paymind_demo,cust_171,2026-08-15T10:33:00,12591.78,INR,wallet,route_c,Axis,,Chennai,web,order_3080,failed,invalid_otp,3673,0
3c31319e-e530-4340-a011-548f5cd72721,merchant_paymind_demo,cust_797,2026-08-08T11:48:00,15693.77,INR,UPI,route_c,Axis,phonepe,Delhi,web,order_3081,success,,2315,0
5f281dad-7c6e-403c-a9bc-9f85494054d1,merchant_paymind_demo,cust_1046,2026-08-11T01:49:00,18213.73,INR,wallet,route_d,SBI,,Chennai,web,order_3082,success,,1273,0
809c031c-e7df-446c-b9f1-ad8822137305,merchant_paymind_demo,cust_108,2026-08-10T11:34:00,16196.5,INR,UPI,route_b,Kotak,gpay,Mumbai,android,order_3083,success,,1092,0
d678d6a5-840d-4ff7-a51d-b8bd9dfab7dd,merchant_paymind_demo,cust_573,2026-08-11T23:13:00,20776.16,INR,wallet,route_c,Yes Bank,,Kolkata,ios,order_3084,success,,626,0
dddab626-cbb3-414f-8ac0-07cf54f09646,merchant_paymind_demo,cust_439,2026-08-12T13:56:00,466.07,INR,wallet,route_c,HDFC,,Kolkata,web,order_3085,success,,1350,0
650ee93e-a884-4b30-bb03-900a83f1bcfc,merchant_paymind_demo,cust_661,2026-08-17T14:35:00,6185.0,INR,wallet,route_b,Yes Bank,,Hyderabad,ios,order_3086,success,,1561,0
e8754fb1-0b9b-4cd2-9878-09e745ba8950,merchant_paymind_demo,cust_250,2026-08-06T21:47:00,11517.06,INR,UPI,route_a,SBI,phonepe,Bengaluru,ios,order_3087,success,,824,0
08f2a2eb-d6e3-4b94-bdd6-089b2d93c144,merchant_paymind_demo,cust_735,2026-08-03T02:46:00,23934.95,INR,wallet,route_d,Axis,,Delhi,web,order_3088,success,,530,0
d29c79c2-b796-4b15-880d-1ee77cb1b37c,merchant_paymind_demo,cust_453,2026-08-03T20:51:00,16454.82,INR,wallet,route_d,Axis,,Mumbai,web,order_3089,success,,1347,0
ef0b9522-6a8e-433e-ab75-87e7343f92ea,merchant_paymind_demo,cust_828,2026-08-19T12:55:00,15688.4,INR,wallet,route_d,SBI,,Chennai,web,order_3090,success,,911,0
708d2850-16f9-419e-be27-8d44572b26b1,merchant_paymind_demo,cust_753,2026-08-18T14:52:00,16605.14,INR,wallet,route_b,ICICI,,Hyderabad,android,order_3091,success,,2497,0
8785617f-39c1-4f86-8648-1c59e25f1c6e,merchant_paymind_demo,cust_227,2026-08-12T23:46:00,5497.43,INR,UPI,route_b,SBI,phonepe,Mumbai,ios,order_3092,success,,2388,0
8e624dbd-bc9a-41a5-a261-634aef27c5c8,merchant_paymind_demo,cust_1097,2026-08-17T13:18:00,7485.75,INR,wallet,route_d,Axis,,Chennai,web,order_3093,success,,2328,0
b874592d-a4fa-4de4-b50e-d0d588304b8c,merchant_paymind_demo,cust_818,2026-08-07T08:07:00,8132.5,INR,wallet,route_b,Axis,,Bengaluru,web,order_3094,failed,invalid_otp,6706,0
8400eaa9-4b34-4764-b0c3-5146ef1fb64a,merchant_paymind_demo,cust_973,2026-08-08T14:48:00,3706.65,INR,debit_card,route_b,SBI,,Pune,android,order_3095,success,,632,0
97876b46-db40-4c5f-9ffe-5c7b34303686,merchant_paymind_demo,cust_706,2026-08-16T13:22:00,19692.93,INR,netbanking,route_c,Kotak,,Pune,android,order_3096,success,,2360,0
5cdc3b10-393e-4ba2-9495-b4007fe21330,merchant_paymind_demo,cust_1101,2026-08-17T02:57:00,11460.98,INR,wallet,route_c,HDFC,,Pune,android,order_3097,success,,1492,0
fa0d450e-32e4-4f2b-be02-33f5df650f01,merchant_paymind_demo,cust_321,2026-08-10T18:02:00,11121.88,INR,wallet,route_a,Yes Bank,,Pune,android,order_3098,success,,2319,0
7a8bf0b7-905c-4a56-84c3-a4ef9d2096ad,merchant_paymind_demo,cust_459,2026-08-07T02:29:00,15347.56,INR,netbanking,route_c,SBI,,Mumbai,ios,order_3099,success,,2085,0
5794e5ee-0b3c-45dc-bbf1-628dbe2b8ab8,merchant_paymind_demo,cust_826,2026-08-11T00:37:00,13258.24,INR,debit_card,route_d,ICICI,,Pune,android,order_3100,success,,504,0
900ce5f3-d112-4374-838d-879735688977,merchant_paymind_demo,cust_719,2026-08-17T18:10:00,12632.7,INR,wallet,route_b,HDFC,,Kolkata,android,order_3101,success,,1922,0
8a03f3a4-406a-4d98-ba20-450a9073aae8,merchant_paymind_demo,cust_176,2026-08-18T06:17:00,18423.38,INR,credit_card,route_d,Yes Bank,,Pune,android,order_3102,success,,1006,0
6be218f9-1988-4ff4-835d-333832f7cb33,merchant_paymind_demo,cust_1074,2026-08-07T09:20:00,18995.15,INR,debit_card,route_b,SBI,,Kolkata,web,order_3103,success,,985,0
986961be-facf-41f0-9d31-59cd27837ab7,merchant_paymind_demo,cust_1134,2026-08-02T02:39:00,14214.75,INR,netbanking,route_c,Axis,,Pune,web,order_3104,success,,501,0
6076b55e-6e45-4da5-ab81-7b668cb52fbd,merchant_paymind_demo,cust_1037,2026-08-01T18:20:00,6901.13,INR,UPI,route_b,ICICI,paytm,Hyderabad,android,order_3105,success,,594,0
b03ecac4-6bbe-488a-ae16-bfec3df2335d,merchant_paymind_demo,cust_899,2026-08-18T00:22:00,6088.17,INR,debit_card,route_d,Axis,,Pune,ios,order_3106,success,,727,0
58314acf-8a8a-4eb0-a7d3-9a525e09b122,merchant_paymind_demo,cust_559,2026-08-10T11:38:00,22024.74,INR,debit_card,route_c,ICICI,,Hyderabad,android,order_3107,success,,1909,0
0bad2b85-124f-4dc8-adea-525b27c02e63,merchant_paymind_demo,cust_896,2026-08-12T00:37:00,21402.01,INR,UPI,route_d,Yes Bank,phonepe,Chennai,android,order_3108,success,,496,0
f8dc261c-03e4-46dc-8cf0-a6a8ca8518c7,merchant_paymind_demo,cust_810,2026-08-16T20:31:00,21321.52,INR,debit_card,route_c,Kotak,,Hyderabad,android,order_3109,success,,738,0
3c3681a6-cbcb-4a5f-af96-b3f59bd75d6e,merchant_paymind_demo,cust_1087,2026-08-19T16:22:00,24537.64,INR,wallet,route_d,Axis,,Pune,web,order_3110,success,,928,0
0e73ecfc-4a9b-48ca-a006-56b23a17a52a,merchant_paymind_demo,cust_88,2026-08-04T21:13:00,24528.82,INR,wallet,route_c,SBI,,Pune,web,order_3111,success,,1190,0
e1cc0bb8-b57f-4381-b880-4e3684e9340b,merchant_paymind_demo,cust_41,2026-08-16T07:51:00,12453.33,INR,wallet,route_c,SBI,,Hyderabad,android,order_3112,success,,665,0
c70eba8f-f4c1-43f9-8885-775dffbd50ec,merchant_paymind_demo,cust_854,2026-08-06T21:53:00,5477.73,INR,credit_card,route_c,Axis,,Chennai,web,order_3113,success,,2397,0
b9c43e7e-9a5b-4acc-9e00-a8ea071fe9fe,merchant_paymind_demo,cust_810,2026-08-01T01:22:00,11172.99,INR,debit_card,route_a,Axis,,Kolkata,ios,order_3114,success,,636,0
f5e8c12d-1651-4dab-b7f0-7b404d05a036,merchant_paymind_demo,cust_205,2026-08-14T19:35:00,12646.57,INR,wallet,route_d,Axis,,Bengaluru,ios,order_3115,success,,580,0
79b21163-c5dc-43e8-bf1f-afc9ee72b309,merchant_paymind_demo,cust_568,2026-08-07T19:15:00,2444.63,INR,credit_card,route_c,Kotak,,Kolkata,android,order_3116,success,,1688,0
d560f40a-d6d2-49fb-9e28-617300dff6d4,merchant_paymind_demo,cust_880,2026-08-07T06:30:00,15516.82,INR,credit_card,route_b,Kotak,,Kolkata,web,order_3117,success,,1301,0
d847e6a9-ebfc-4e6f-a8a6-666eff3286ff,merchant_paymind_demo,cust_689,2026-08-16T02:03:00,14280.59,INR,wallet,route_c,Axis,,Chennai,ios,order_3118,success,,1735,0
ff7b7617-8dbb-4e61-8e10-b8c4cec8acf2,merchant_paymind_demo,cust_1193,2026-08-01T20:02:00,12061.15,INR,netbanking,route_c,SBI,,Bengaluru,web,order_3119,success,,1378,0
fdb486f2-e27e-4a30-ba05-e750b6976bf7,merchant_paymind_demo,cust_627,2026-08-06T01:35:00,24600.56,INR,credit_card,route_d,Kotak,,Chennai,web,order_3120,success,,2317,0
77b21218-a5d2-4e5d-a426-5780705acc05,merchant_paymind_demo,cust_841,2026-08-19T05:17:00,14113.75,INR,UPI,route_b,Yes Bank,gpay,Kolkata,web,order_3121,success,,1388,0
6b3d9243-2033-4e25-acd5-0f3dc1d100e1,merchant_paymind_demo,cust_111,2026-08-12T01:53:00,10152.64,INR,wallet,route_b,SBI,,Kolkata,android,order_3122,success,,1716,0
3851f78f-abb0-44bb-bbb5-37dd712d987c,merchant_paymind_demo,cust_950,2026-08-11T14:50:00,3168.48,INR,credit_card,route_a,Yes Bank,,Mumbai,android,order_3123,success,,804,0
fa878696-f529-413a-8825-04909bbafca3,merchant_paymind_demo,cust_947,2026-08-11T08:24:00,21477.27,INR,debit_card,route_c,Kotak,,Bengaluru,android,order_3124,success,,593,0
bfe3d8b5-4668-4f83-b80e-8c023f44cda2,merchant_paymind_demo,cust_991,2026-08-04T00:54:00,4365.07,INR,debit_card,route_c,Axis,,Hyderabad,ios,order_3125,success,,1943,0
865a231d-c6f5-420e-8822-c525abc16993,merchant_paymind_demo,cust_702,2026-08-07T03:39:00,16221.54,INR,debit_card,route_d,SBI,,Mumbai,ios,order_3126,success,,2487,0
8d117b1f-0ba2-41fe-93a6-6dfcd78eb228,merchant_paymind_demo,cust_767,2026-08-11T15:22:00,5389.22,INR,debit_card,route_c,ICICI,,Delhi,android,order_3127,success,,2497,0
d6c3ce22-319d-4a39-ada3-84df34414404,merchant_paymind_demo,cust_716,2026-08-13T13:50:00,490.44,INR,debit_card,route_c,Axis,,Pune,web,order_3128,success,,1534,0
833bc92f-589b-452a-a76c-28b07ae52499,merchant_paymind_demo,cust_1028,2026-08-03T05:22:00,16357.85,INR,netbanking,route_d,HDFC,,Delhi,web,order_3129,success,,1375,0
ded3e98b-be85-4a3e-b92c-db17dd60c8cc,merchant_paymind_demo,cust_841,2026-08-04T19:33:00,5996.49,INR,UPI,route_c,Axis,gpay,Bengaluru,android,order_3130,success,,2204,0
21e56751-2716-45e0-93de-f7f50313676f,merchant_paymind_demo,cust_911,2026-08-15T10:01:00,17922.12,INR,UPI,route_c,Yes Bank,bhim,Pune,web,order_3131,success,,2303,0
e723e7fb-7230-4f91-87e3-7a98c8fc8bcf,merchant_paymind_demo,cust_255,2026-08-13T15:38:00,8765.02,INR,credit_card,route_c,Kotak,,Bengaluru,android,order_3132,success,,2422,0
08b2c535-71dd-4c2d-a7cc-e4fd5113d313,merchant_paymind_demo,cust_581,2026-08-09T11:37:00,17861.42,INR,credit_card,route_d,HDFC,,Mumbai,ios,order_3133,success,,404,0
5dba7c9d-0780-4c51-b3c0-946f0451352d,merchant_paymind_demo,cust_796,2026-08-03T07:02:00,531.41,INR,credit_card,route_d,SBI,,Hyderabad,web,order_3134,success,,427,0
4c5a7b8a-2845-481c-8f6a-53cab07ae5a2,merchant_paymind_demo,cust_898,2026-08-18T01:26:00,929.88,INR,UPI,route_d,Axis,,Kolkata,web,order_3135,success,,1404,0
53893685-ab7c-494d-9723-f7ca15957e4e,merchant_paymind_demo,cust_1113,2026-08-10T20:11:00,17533.19,INR,wallet,route_b,Kotak,,Bengaluru,ios,order_3136,failed,insufficient_funds,5259,0
200518e2-1435-475a-827e-9817490cd489,merchant_paymind_demo,cust_748,2026-08-14T03:49:00,20270.04,INR,credit_card,route_b,Yes Bank,,Hyderabad,web,order_3137,success,,2037,0
b0a41a55-0575-4280-b903-6919f38a01e0,merchant_paymind_demo,cust_512,2026-08-09T00:45:00,24955.45,INR,netbanking,route_d,Axis,,Delhi,ios,order_3138,success,,1758,0
412effa2-3dea-43d5-bd95-5d300e56dd65,merchant_paymind_demo,cust_94,2026-08-12T03:05:00,1491.93,INR,wallet,route_b,ICICI,,Hyderabad,web,order_3139,success,,1178,0
60678991-a63b-4e9f-9c34-8b77405d4ac6,merchant_paymind_demo,cust_438,2026-08-06T05:52:00,20031.09,INR,debit_card,route_a,ICICI,,Hyderabad,android,order_3140,success,,604,0
4f7f18ec-b378-4158-810a-7600daf09552,merchant_paymind_demo,cust_959,2026-08-20T12:11:00,7781.69,INR,debit_card,route_d,Yes Bank,,Bengaluru,web,order_3141,success,,1228,0
ef69aa5e-2aa6-49de-92b2-a16195d6e21b,merchant_paymind_demo,cust_461,2026-08-08T03:17:00,12020.61,INR,netbanking,route_d,Axis,,Kolkata,android,order_3142,success,,1397,0
d7f3621d-6c80-41fe-884d-031433db241f,merchant_paymind_demo,cust_402,2026-08-17T00:15:00,19202.72,INR,wallet,route_a,Yes Bank,,Mumbai,ios,order_3143,success,,1235,0
78a153ed-b8cf-406b-a653-a452a95b2fe1,merchant_paymind_demo,cust_895,2026-08-20T04:39:00,9150.7,INR,debit_card,route_b,Axis,,Kolkata,android,order_3144,success,,2403,0
fddd5607-8478-4286-8768-a4ffca6c42bc,merchant_paymind_demo,cust_702,2026-08-05T03:06:00,23717.16,INR,credit_card,route_d,ICICI,,Pune,ios,order_3145,success,,1383,0
113ed59d-70b7-4388-8567-62ab3468b2b2,merchant_paymind_demo,cust_1038,2026-08-20T15:51:00,19101.5,INR,UPI,route_d,Axis,,Mumbai,android,order_3146,success,,817,0
26cddf33-d1c7-4ff9-9b8a-57008bd5b620,merchant_paymind_demo,cust_341,2026-08-02T17:15:00,6633.16,INR,credit_card,route_b,SBI,,Kolkata,android,order_3147,success,,1846,0
3e1ef9b5-0683-405a-bd6a-b47a88b66946,merchant_paymind_demo,cust_1200,2026-08-12T03:11:00,19753.47,INR,UPI,route_b,SBI,,Kolkata,ios,order_3148,success,,1915,0
34c86f02-c993-4632-b3ce-d0f4ec3bf3c9,merchant_paymind_demo,cust_541,2026-08-15T07:36:00,15746.43,INR,debit_card,route_d,SBI,,Pune,android,order_3149,success,,1040,0
86a57cac-098a-4906-8314-e8d51c05f085,merchant_paymind_demo,cust_650,2026-08-07T09:00:00,7195.93,INR,debit_card,route_a,HDFC,,Hyderabad,android,order_3150,success,,2480,0
541d868f-8314-416e-a3a4-c6733c924d1f,merchant_paymind_demo,cust_783,2026-08-11T05:50:00,4730.13,INR,debit_card,route_a,Yes Bank,,Bengaluru,android,order_3151,success,,537,0
2c96cb93-2229-41e1-bf50-8b08b1ea57e1,merchant_paymind_demo,cust_1106,2026-08-03T06:45:00,17265.92,INR,credit_card,route_b,Axis,,Kolkata,web,order_3152,success,,2056,0
03529e72-b53f-4eb4-b958-c10696ab947f,merchant_paymind_demo,cust_205,2026-08-13T05:18:00,19475.93,INR,wallet,route_c,Axis,,Mumbai,ios,order_3153,success,,1864,0
06f6cc71-a920-4f4d-a5b3-e0f09264f511,merchant_paymind_demo,cust_153,2026-08-06T22:33:00,16563.8,INR,credit_card,route_b,ICICI,,Delhi,ios,order_3154,success,,1393,0
4bc3ffda-dba3-4563-9eb8-a360fe9ad93e,merchant_paymind_demo,cust_228,2026-08-05T04:48:00,11100.75,INR,UPI,route_b,Axis,gpay,Delhi,android,order_3155,success,,2381,0
14909aa8-ecd7-4835-b101-cae40054a6a1,merchant_paymind_demo,cust_809,2026-08-07T14:58:00,11744.39,INR,netbanking,route_d,HDFC,,Pune,web,order_3156,success,,343,0
ef272623-e43b-483d-aebf-b6a62d7a3879,merchant_paymind_demo,cust_990,2026-08-10T21:50:00,2754.76,INR,netbanking,route_b,Axis,,Chennai,android,order_3157,success,,1828,0
2ccf1e7c-aa66-480d-bd5c-1362e3c950e1,merchant_paymind_demo,cust_989,2026-08-16T16:18:00,20966.52,INR,UPI,route_d,ICICI,gpay,Chennai,android,order_3158,success,,471,0
21bc6c40-5cec-4c34-9dda-403fc0c9f263,merchant_paymind_demo,cust_1058,2026-08-09T23:35:00,14044.81,INR,debit_card,route_c,HDFC,,Hyderabad,ios,order_3159,success,,1210,0
85cc0100-8489-4f09-b0cc-338cf0dedcb1,merchant_paymind_demo,cust_332,2026-08-09T19:25:00,21131.52,INR,UPI,route_c,Axis,paytm,Hyderabad,ios,order_3160,success,,2213,0
f5302dde-e79c-488f-aa35-e5893a9f7f0d,merchant_paymind_demo,cust_171,2026-08-10T03:09:00,973.27,INR,debit_card,route_b,Kotak,,Pune,android,order_3161,success,,1884,0
bc8ae935-aa1f-4d61-9635-47f6547dd09a,merchant_paymind_demo,cust_1166,2026-08-01T18:07:00,24133.14,INR,debit_card,route_d,Yes Bank,,Mumbai,android,order_3162,success,,1522,0
f0148cbd-a602-4e60-b517-3fb9118d99bc,merchant_paymind_demo,cust_235,2026-08-17T01:06:00,24035.14,INR,credit_card,route_d,Yes Bank,,Mumbai,android,order_3163,success,,583,0
d9cfdc34-52cc-4a32-b106-711dec5b0c75,merchant_paymind_demo,cust_205,2026-08-05T06:34:00,9957.8,INR,debit_card,route_b,Kotak,,Chennai,ios,order_3164,success,,344,0
0a988ea9-25f1-40fa-91c5-8cc24d80f5b1,merchant_paymind_demo,cust_242,2026-08-08T13:22:00,23060.72,INR,netbanking,route_a,Kotak,,Delhi,web,order_3165,success,,1930,0
e2abbe4f-0d39-4348-8310-44cb282f0b59,merchant_paymind_demo,cust_699,2026-08-04T21:51:00,10068.15,INR,credit_card,route_a,ICICI,,Delhi,android,order_3166,success,,2034,0
3a1ea2e9-8167-4ea5-b9ff-5489d0f331de,merchant_paymind_demo,cust_52,2026-08-13T12:35:00,17710.58,INR,wallet,route_d,SBI,,Kolkata,ios,order_3167,success,,2406,0
a69085d8-ec0d-4f4e-9285-44c827798e74,merchant_paymind_demo,cust_475,2026-08-05T12:40:00,19328.93,INR,UPI,route_c,Kotak,phonepe,Kolkata,web,order_3168,success,,1520,0
276fefb8-e2f9-41d0-b333-bdf712458ee3,merchant_paymind_demo,cust_170,2026-08-01T02:19:00,10235.93,INR,credit_card,route_d,ICICI,,Kolkata,ios,order_3169,success,,645,0
7b90c791-c753-4ae7-95e0-70b0da6eeea8,merchant_paymind_demo,cust_520,2026-08-09T14:06:00,14369.06,INR,netbanking,route_c,HDFC,,Mumbai,android,order_3170,success,,633,0
5bf94283-644b-4d1b-ad40-7131df16dc89,merchant_paymind_demo,cust_182,2026-08-04T10:12:00,22776.51,INR,debit_card,route_b,ICICI,,Mumbai,web,order_3171,failed,invalid_otp,5011,0
877a5f9b-7970-4f70-86f8-53f2e9ba61f0,merchant_paymind_demo,cust_1194,2026-08-17T01:51:00,12080.67,INR,wallet,route_a,ICICI,,Bengaluru,web,order_3172,success,,2158,0
3c5377bf-4397-4721-8d24-97ea4f5d3a8c,merchant_paymind_demo,cust_1010,2026-08-02T20:28:00,21432.66,INR,UPI,route_a,ICICI,gpay,Bengaluru,ios,order_3173,success,,2349,0
d1ca3691-a82e-4c0f-9516-3c99405fd59c,merchant_paymind_demo,cust_1174,2026-08-07T21:43:00,1889.16,INR,netbanking,route_c,Yes Bank,,Chennai,android,order_3174,success,,1651,0
0405b2f3-9559-441c-9103-c769bb15edba,merchant_paymind_demo,cust_519,2026-08-13T07:23:00,20238.33,INR,UPI,route_c,ICICI,phonepe,Chennai,ios,order_3175,success,,1360,0
47b8ab34-450c-4fb1-9a5e-007627a6db95,merchant_paymind_demo,cust_929,2026-08-18T09:13:00,20826.57,INR,UPI,route_d,Axis,bhim,Kolkata,android,order_3176,success,,338,0
8ec11393-c50e-4551-a51e-c83df1465ec0,merchant_paymind_demo,cust_636,2026-08-08T09:16:00,23546.47,INR,netbanking,route_d,Yes Bank,,Pune,web,order_3177,success,,1255,0
ccc2d41f-f589-4926-819e-5bcfa97094ad,merchant_paymind_demo,cust_968,2026-08-18T07:13:00,5946.54,INR,UPI,route_b,ICICI,phonepe,Bengaluru,web,order_3178,success,,2021,0
ba32aa80-8122-42cb-a3b6-a2719adfe0b2,merchant_paymind_demo,cust_1024,2026-08-07T00:11:00,24863.89,INR,netbanking,route_c,HDFC,,Kolkata,android,order_3179,success,,1537,0
1b03e1e8-f7ac-4064-b2a5-df56bd827349,merchant_paymind_demo,cust_1093,2026-08-20T13:00:00,1127.57,INR,wallet,route_c,Yes Bank,,Kolkata,ios,order_3180,success,,1189,0
3e3bef74-90f0-4643-8759-97aaefa98cbe,merchant_paymind_demo,cust_706,2026-08-09T19:21:00,537.37,INR,UPI,route_c,SBI,phonepe,Chennai,android,order_3181,success,,2163,0
c194d270-ef79-4167-aab1-6cd0c5961ebb,merchant_paymind_demo,cust_1196,2026-08-09T04:32:00,20449.83,INR,wallet,route_c,Axis,,Chennai,android,order_3182,success,,730,0
e155e907-face-4a05-b61a-7d3fe56a958a,merchant_paymind_demo,cust_1180,2026-08-11T18:08:00,9835.51,INR,UPI,route_d,SBI,paytm,Pune,web,order_3183,success,,1738,0
ea4540d3-c6ca-4f70-90a7-72ff3d0a3985,merchant_paymind_demo,cust_307,2026-08-12T15:28:00,14153.6,INR,netbanking,route_d,ICICI,,Delhi,ios,order_3184,success,,1160,0
74d12c16-bf57-466c-b369-3fe81f71e5dc,merchant_paymind_demo,cust_550,2026-08-16T11:32:00,666.99,INR,debit_card,route_b,Kotak,,Mumbai,web,order_3185,success,,2378,0
9da697a8-f457-4bb1-b466-a7a965830219,merchant_paymind_demo,cust_779,2026-08-13T00:35:00,21463.87,INR,debit_card,route_d,HDFC,,Kolkata,ios,order_3186,success,,1852,0
b1abd104-9af5-4f36-8f80-60f9e5284baf,merchant_paymind_demo,cust_373,2026-08-20T16:40:00,23848.75,INR,wallet,route_d,HDFC,,Delhi,web,order_3187,success,,841,0
90877826-c544-476d-83ff-74c7c0ec952c,merchant_paymind_demo,cust_976,2026-08-01T18:26:00,15638.65,INR,netbanking,route_d,Axis,,Chennai,ios,order_3188,success,,1834,0
7d1434c1-bfd6-4f26-84f9-5fc60a1c7778,merchant_paymind_demo,cust_421,2026-08-13T23:01:00,14146.77,INR,netbanking,route_d,ICICI,,Chennai,android,order_3189,failed,gateway_error,5837,0
42d9b2e1-bd18-47e4-8af9-41ff5c822cee,merchant_paymind_demo,cust_910,2026-08-02T14:05:00,16768.49,INR,wallet,route_a,HDFC,,Chennai,android,order_3190,success,,1764,0
e36399aa-82ee-4740-97c2-7db18742795e,merchant_paymind_demo,cust_860,2026-08-04T22:08:00,4726.41,INR,UPI,route_a,Axis,,Pune,android,order_3191,success,,1477,0
4964909c-78d1-44fa-9700-e9196a8c8d78,merchant_paymind_demo,cust_395,2026-08-16T13:46:00,23543.94,INR,credit_card,route_b,HDFC,,Kolkata,android,order_3192,success,,1183,0
955d7a72-b0fb-4f2e-846d-49d5bd39bbc4,merchant_paymind_demo,cust_471,2026-08-06T17:45:00,7034.08,INR,wallet,route_a,Axis,,Kolkata,web,order_3193,success,,412,0
00a22089-9d79-463d-9c27-bc9a3a04bd80,merchant_paymind_demo,cust_530,2026-08-17T02:30:00,5702.82,INR,netbanking,route_a,Axis,,Hyderabad,ios,order_3194,success,,834,0
59cc2e46-7939-45c2-b912-22d8fcb99f09,merchant_paymind_demo,cust_1102,2026-08-09T21:58:00,8111.81,INR,credit_card,route_b,Kotak,,Bengaluru,android,order_3195,success,,859,0
063e8b88-2bb5-422c-a0e8-b645579c3da8,merchant_paymind_demo,cust_988,2026-08-17T06:42:00,20874.38,INR,wallet,route_a,Axis,,Kolkata,ios,order_3196,success,,1339,0
17ce13db-23de-4bc4-a1ae-b08016c3404a,merchant_paymind_demo,cust_1139,2026-08-08T15:40:00,7217.35,INR,wallet,route_d,SBI,,Delhi,android,order_3197,success,,776,0
766648f1-aaed-443b-90ab-091598b8aeda,merchant_paymind_demo,cust_1066,2026-08-18T19:47:00,294.65,INR,wallet,route_b,SBI,,Bengaluru,ios,order_3198,success,,886,0
7f1bf4bf-b41c-4a9b-8c4c-476c7a0fa532,merchant_paymind_demo,cust_664,2026-08-06T15:12:00,24361.94,INR,wallet,route_d,SBI,,Delhi,ios,order_3199,success,,1664,0
8da78abd-aad0-40cb-bfb9-55dad161c0b5,merchant_paymind_demo,cust_869,2026-08-13T12:43:00,13274.35,INR,UPI,route_d,Kotak,bhim,Mumbai,web,order_3200,success,,1039,0
546c5e43-efba-4068-9256-aa98f41e3f6f,merchant_paymind_demo,cust_267,2026-08-04T20:10:00,3102.47,INR,UPI,route_a,Axis,gpay,Mumbai,web,order_3201,success,,1635,0
94428cf9-d6ae-4492-8b49-e19f3cfe5e01,merchant_paymind_demo,cust_850,2026-08-05T18:03:00,23787.94,INR,wallet,route_b,Kotak,,Kolkata,ios,order_3202,success,,2448,0
d08fb2c9-5e9b-4b4f-8876-ef2d2cc2bc01,merchant_paymind_demo,cust_1064,2026-08-12T07:27:00,5114.42,INR,netbanking,route_a,SBI,,Kolkata,android,order_3203,success,,1568,0
1696ea57-14ff-4ed2-886b-b04515c30db9,merchant_paymind_demo,cust_838,2026-08-04T22:51:00,14428.12,INR,wallet,route_a,Axis,,Pune,web,order_3204,success,,1906,0
cb87425e-16c7-4e6b-aeef-a0f0559c71f0,merchant_paymind_demo,cust_875,2026-08-01T04:33:00,5899.65,INR,debit_card,route_b,Kotak,,Hyderabad,web,order_3205,success,,327,0
d7656841-6b85-4e9b-84c1-7483ee2cc054,merchant_paymind_demo,cust_664,2026-08-02T18:54:00,17554.52,INR,netbanking,route_b,Kotak,,Chennai,ios,order_3206,failed,invalid_otp,7609,0
6bb4a6b4-8b8f-41b2-9221-381bf8b5085f,merchant_paymind_demo,cust_44,2026-08-04T08:21:00,17043.59,INR,UPI,route_a,HDFC,bhim,Bengaluru,ios,order_3207,success,,1801,0
3143d656-cea1-4667-b46a-129ef980814f,merchant_paymind_demo,cust_565,2026-08-13T01:21:00,12482.32,INR,debit_card,route_b,Yes Bank,,Kolkata,web,order_3208,success,,579,0
3553128a-e551-4e4e-9e01-54e9d8fd109e,merchant_paymind_demo,cust_552,2026-08-10T05:36:00,10405.56,INR,UPI,route_d,SBI,gpay,Kolkata,android,order_3209,success,,1756,0
75c7da24-27fe-4b3b-ab6a-5e74eb4249c9,merchant_paymind_demo,cust_1170,2026-08-11T04:17:00,6358.92,INR,credit_card,route_b,HDFC,,Delhi,web,order_3210,success,,1931,0
e70dfddc-1e00-4672-873b-9ac5b6b1954a,merchant_paymind_demo,cust_700,2026-08-07T15:39:00,18386.87,INR,UPI,route_b,ICICI,gpay,Hyderabad,ios,order_3211,success,,2379,0
1975adfa-d59d-4814-9391-e068c7473a57,merchant_paymind_demo,cust_488,2026-08-16T16:10:00,13907.0,INR,netbanking,route_d,Kotak,,Pune,web,order_3212,success,,342,0
e6f3fde3-d3a3-4c7d-be5b-336b142564b1,merchant_paymind_demo,cust_181,2026-08-20T16:05:00,6527.41,INR,netbanking,route_d,Kotak,,Delhi,android,order_3213,failed,bank_timeout,5287,0
c50de3e5-10fb-4def-be59-ee3419874572,merchant_paymind_demo,cust_1089,2026-08-08T18:54:00,12529.18,INR,netbanking,route_a,Kotak,,Pune,ios,order_3214,success,,328,0
c3a2876a-0b4e-44a6-aed6-d369120bfdd3,merchant_paymind_demo,cust_219,2026-08-13T20:50:00,10835.52,INR,UPI,route_d,Yes Bank,phonepe,Mumbai,web,order_3215,success,,828,0
e74ea7f1-cfaf-457e-a4a6-c933ddfb9af2,merchant_paymind_demo,cust_268,2026-08-02T01:14:00,3022.99,INR,debit_card,route_b,Kotak,,Pune,web,order_3216,success,,1745,0
d75adae1-20c9-49a2-b42d-c2fdcf371be5,merchant_paymind_demo,cust_306,2026-08-13T20:37:00,11276.58,INR,credit_card,route_a,SBI,,Hyderabad,web,order_3217,success,,1109,0
7448bad8-5f7a-4ba0-bf48-1561e62e8622,merchant_paymind_demo,cust_1036,2026-08-04T16:12:00,14855.08,INR,netbanking,route_a,SBI,,Hyderabad,web,order_3218,success,,1823,0
627f3474-2ff7-443a-abc4-0f283e15c8bb,merchant_paymind_demo,cust_159,2026-08-10T18:29:00,21065.83,INR,debit_card,route_d,HDFC,,Bengaluru,web,order_3219,success,,975,0
cf767899-b1ef-40ba-bb58-5767f693f8dc,merchant_paymind_demo,cust_956,2026-08-08T14:32:00,20770.72,INR,UPI,route_d,SBI,gpay,Kolkata,ios,order_3220,success,,1051,0
c866b7da-56a4-4798-b485-f3e10366c8e2,merchant_paymind_demo,cust_958,2026-08-19T19:30:00,5993.68,INR,debit_card,route_d,ICICI,,Chennai,android,order_3221,success,,1716,0
97415dd7-05a2-4275-a537-3b8f1723b24a,merchant_paymind_demo,cust_1118,2026-08-06T09:50:00,17342.86,INR,wallet,route_b,SBI,,Pune,web,order_3222,success,,2224,0
8e77a0de-3bba-4cd0-90c7-79f99c0286dc,merchant_paymind_demo,cust_890,2026-08-17T02:48:00,19745.62,INR,netbanking,route_d,ICICI,,Kolkata,ios,order_3223,success,,1516,0
9f035b91-a39c-424b-92b1-9f69679284b4,merchant_paymind_demo,cust_405,2026-08-15T07:52:00,22089.38,INR,credit_card,route_c,Kotak,,Chennai,web,order_3224,success,,2329,0
fa589232-de87-4243-bbad-1f950dee2bd1,merchant_paymind_demo,cust_771,2026-08-09T05:38:00,11940.0,INR,credit_card,route_c,Axis,,Kolkata,web,order_3225,success,,1559,0
b041b783-72a8-4157-babd-948f62ee7916,merchant_paymind_demo,cust_89,2026-08-19T23:58:00,3959.46,INR,credit_card,route_a,ICICI,,Bengaluru,web,order_3226,success,,376,0
85918711-72f3-4dde-82d2-5ad971a779c4,merchant_paymind_demo,cust_965,2026-08-14T05:24:00,21610.39,INR,debit_card,route_a,Yes Bank,,Mumbai,web,order_3227,success,,504,0
e71e9777-8264-4c7f-a5af-00c5e0429d74,merchant_paymind_demo,cust_135,2026-08-10T12:48:00,17490.09,INR,wallet,route_d,ICICI,,Chennai,ios,order_3228,success,,822,0
035a803d-7035-4e11-8531-926124791cf9,merchant_paymind_demo,cust_831,2026-08-09T16:35:00,17378.34,INR,debit_card,route_b,ICICI,,Bengaluru,ios,order_3229,success,,929,0
4c64e163-68e6-4ef2-aac0-4c8ae204ea46,merchant_paymind_demo,cust_473,2026-08-02T04:58:00,14906.05,INR,UPI,route_a,Yes Bank,paytm,Kolkata,web,order_3230,success,,540,0
00d47177-3209-40a1-9062-b44038b32b21,merchant_paymind_demo,cust_304,2026-08-11T14:54:00,6081.08,INR,UPI,route_a,Axis,phonepe,Kolkata,android,order_3231,success,,1922,0
e5f79dfe-cb6e-4483-9afe-efde4e03132f,merchant_paymind_demo,cust_530,2026-08-12T04:20:00,24002.04,INR,debit_card,route_c,Axis,,Hyderabad,android,order_3232,success,,347,0
86413b59-22cd-432d-9ce2-1a74a4d73014,merchant_paymind_demo,cust_258,2026-08-14T21:20:00,19939.77,INR,UPI,route_b,SBI,,Hyderabad,web,order_3233,success,,1417,0
9ebb34c8-3871-4cf3-bbc4-ed1dbf031a33,merchant_paymind_demo,cust_336,2026-08-04T14:14:00,14401.45,INR,netbanking,route_b,Yes Bank,,Kolkata,ios,order_3234,success,,2009,0
b4750ee7-117d-4609-b62f-6113bd946026,merchant_paymind_demo,cust_986,2026-08-18T22:05:00,11942.82,INR,netbanking,route_a,SBI,,Delhi,web,order_3235,success,,381,0
0399b05f-a0fa-432a-8950-8203a8f213f2,merchant_paymind_demo,cust_335,2026-08-17T21:05:00,7564.81,INR,credit_card,route_b,Axis,,Bengaluru,android,order_3236,success,,474,0
0adfa178-6b46-46d0-a5da-46aea6ff11aa,merchant_paymind_demo,cust_1153,2026-08-01T08:40:00,14387.5,INR,credit_card,route_a,Axis,,Bengaluru,ios,order_3237,success,,1965,0
c5fe191b-8a7f-4aff-a53d-21883b388590,merchant_paymind_demo,cust_639,2026-08-07T20:26:00,3683.94,INR,UPI,route_d,ICICI,paytm,Bengaluru,ios,order_3238,success,,515,0
5c54bff7-0596-4bfd-ae7d-22bf7796fa40,merchant_paymind_demo,cust_510,2026-08-03T20:14:00,10043.78,INR,debit_card,route_d,Kotak,,Delhi,web,order_3239,success,,550,0
171d2c2d-65ec-457c-bb02-a0bf851f1100,merchant_paymind_demo,cust_745,2026-08-19T11:08:00,21583.86,INR,netbanking,route_b,Kotak,,Delhi,ios,order_3240,success,,1246,0
c9b0f52b-562d-4f5e-a60a-e36e26876f34,merchant_paymind_demo,cust_40,2026-08-07T07:22:00,8020.64,INR,wallet,route_b,Yes Bank,,Kolkata,web,order_3241,success,,1050,0
2c0157b9-e980-4349-8976-28833564de8b,merchant_paymind_demo,cust_961,2026-08-13T16:42:00,17363.13,INR,debit_card,route_c,Axis,,Delhi,android,order_3242,success,,2392,0
8721fcf6-c9ac-462f-a868-92c5b06a44a5,merchant_paymind_demo,cust_505,2026-08-01T10:45:00,23359.63,INR,UPI,route_b,SBI,paytm,Delhi,web,order_3243,success,,1152,0
cd4cabc5-02f4-4ca9-8d53-1304e0adc388,merchant_paymind_demo,cust_472,2026-08-10T15:04:00,7790.14,INR,UPI,route_b,ICICI,paytm,Kolkata,ios,order_3244,success,,1338,0
773dc02f-1c3b-48c4-9dd0-f8d9d2227acd,merchant_paymind_demo,cust_1104,2026-08-09T12:25:00,4812.39,INR,UPI,route_d,ICICI,gpay,Delhi,android,order_3245,success,,1720,0
da39d079-5660-458a-8dea-71eb759f4807,merchant_paymind_demo,cust_149,2026-08-10T02:19:00,1252.53,INR,UPI,route_b,ICICI,paytm,Mumbai,android,order_3246,success,,2296,0
c228493c-3993-4394-a0f1-fbbb16502e21,merchant_paymind_demo,cust_731,2026-08-08T09:05:00,13381.32,INR,UPI,route_d,HDFC,,Bengaluru,web,order_3247,success,,514,0
bd1c52e1-471a-44cf-af52-3aa6aa7f08d5,merchant_paymind_demo,cust_613,2026-08-08T18:10:00,9862.09,INR,debit_card,route_a,HDFC,,Hyderabad,web,order_3248,success,,940,0
434632c6-d02c-47d5-95a8-4039e0919a5a,merchant_paymind_demo,cust_180,2026-08-03T23:52:00,8052.51,INR,debit_card,route_a,Axis,,Kolkata,web,order_3249,success,,608,0
19f361c4-8bb0-4983-9d32-ec97c9cc713e,merchant_paymind_demo,cust_511,2026-08-19T17:04:00,24432.48,INR,wallet,route_c,HDFC,,Bengaluru,web,order_3250,success,,1214,0
b8224a49-01c7-4c38-b9aa-5ad52172102c,merchant_paymind_demo,cust_521,2026-08-18T08:12:00,24353.96,INR,debit_card,route_d,HDFC,,Bengaluru,web,order_3251,success,,2336,0
02e34564-8a2e-46f6-8f0a-1030067714ef,merchant_paymind_demo,cust_249,2026-08-09T22:15:00,10834.46,INR,debit_card,route_b,ICICI,,Hyderabad,web,order_3252,success,,838,0
42488113-09ea-4863-a4e8-2ef7f9dd9835,merchant_paymind_demo,cust_36,2026-08-20T02:41:00,19606.66,INR,debit_card,route_a,Yes Bank,,Chennai,android,order_3253,success,,604,0
6fbb0540-2ef3-45b6-8ab3-d4bac4a4d152,merchant_paymind_demo,cust_886,2026-08-06T09:40:00,7932.77,INR,wallet,route_a,HDFC,,Chennai,ios,order_3254,success,,599,0
a58fa6b5-da6c-4830-8fef-6b65a9c3e029,merchant_paymind_demo,cust_316,2026-08-02T05:53:00,7894.09,INR,debit_card,route_d,Kotak,,Kolkata,ios,order_3255,failed,gateway_error,6879,0
a370465c-f48c-4500-a9d4-b30ae70bbb00,merchant_paymind_demo,cust_159,2026-08-07T23:09:00,4786.69,INR,netbanking,route_b,Yes Bank,,Chennai,android,order_3256,success,,2369,0
3de8a29b-e03d-45c0-8978-8ea8b635dd8f,merchant_paymind_demo,cust_78,2026-08-03T11:41:00,1151.08,INR,UPI,route_c,Axis,gpay,Kolkata,android,order_3257,success,,1186,0
e63eed48-0032-4207-ab63-a293bed92bed,merchant_paymind_demo,cust_1052,2026-08-12T22:25:00,12545.87,INR,wallet,route_a,Kotak,,Hyderabad,android,order_3258,success,,456,0
65384170-2b0b-416d-96b3-d48bdb94d648,merchant_paymind_demo,cust_801,2026-08-15T22:30:00,2908.78,INR,debit_card,route_b,Kotak,,Hyderabad,android,order_3259,success,,1969,0
cab1820d-f5af-4b95-bfbb-bcf088bc882c,merchant_paymind_demo,cust_1098,2026-08-17T16:47:00,8840.24,INR,wallet,route_c,Axis,,Hyderabad,android,order_3260,success,,1735,0
41baa9bc-0c12-4036-8ab3-e26f5ba7039a,merchant_paymind_demo,cust_782,2026-08-08T14:26:00,24831.86,INR,UPI,route_b,Axis,bhim,Delhi,web,order_3261,success,,440,0
573748eb-f774-4487-a44a-10c0845960e1,merchant_paymind_demo,cust_320,2026-08-17T06:13:00,12232.46,INR,UPI,route_a,Yes Bank,,Mumbai,web,order_3262,success,,1489,0
48485d6f-3b8d-4f1b-8ac4-4c91d11df48d,merchant_paymind_demo,cust_396,2026-08-11T10:11:00,5308.92,INR,netbanking,route_d,SBI,,Mumbai,ios,order_3263,success,,2412,0
476c2918-7faf-48dc-a6bb-a173dafd4d6b,merchant_paymind_demo,cust_59,2026-08-13T03:20:00,5587.53,INR,credit_card,route_d,Kotak,,Chennai,web,order_3264,success,,1820,0
baaf7662-5b21-4706-b31b-f5b17e159a4f,merchant_paymind_demo,cust_710,2026-08-07T11:07:00,15208.74,INR,UPI,route_b,Axis,bhim,Mumbai,ios,order_3265,success,,1887,0
1a93afc3-8b28-4574-a930-6be9c1015a09,merchant_paymind_demo,cust_73,2026-08-10T21:26:00,9504.01,INR,netbanking,route_d,Axis,,Bengaluru,android,order_3266,success,,1682,0
292081e9-7533-417e-b053-93d0c7d657e8,merchant_paymind_demo,cust_173,2026-08-10T16:05:00,7642.83,INR,netbanking,route_d,HDFC,,Bengaluru,web,order_3267,success,,1796,0
6936b9bf-a579-4396-a875-0581b8b41225,merchant_paymind_demo,cust_622,2026-08-06T15:57:00,23156.9,INR,netbanking,route_a,Kotak,,Mumbai,web,order_3268,success,,2097,0
f4d04cea-58a8-4fc1-bbec-33a839139f80,merchant_paymind_demo,cust_301,2026-08-01T08:52:00,18007.99,INR,credit_card,route_b,SBI,,Hyderabad,ios,order_3269,success,,2055,0
c3caff19-43b9-4ff9-be79-24d145919190,merchant_paymind_demo,cust_439,2026-08-06T11:11:00,19274.73,INR,debit_card,route_d,Axis,,Kolkata,android,order_3270,success,,375,0
1b6c5436-bec6-43de-beea-41731b92168d,merchant_paymind_demo,cust_1015,2026-08-16T15:28:00,13952.38,INR,credit_card,route_a,Kotak,,Kolkata,android,order_3271,success,,2002,0
ca1d2576-257e-40d3-909d-cafa7285e643,merchant_paymind_demo,cust_1122,2026-08-11T22:24:00,16848.78,INR,UPI,route_a,HDFC,phonepe,Bengaluru,web,order_3272,success,,535,0
d52a5f86-8b18-4d35-9c53-dc38993e055d,merchant_paymind_demo,cust_595,2026-08-08T16:03:00,8065.18,INR,credit_card,route_a,SBI,,Bengaluru,web,order_3273,success,,428,0
77f767b1-07bb-4c5b-8dd2-de80af6fef35,merchant_paymind_demo,cust_75,2026-08-16T03:37:00,14111.45,INR,wallet,route_b,Kotak,,Kolkata,ios,order_3274,success,,1944,0
8a9d6a2f-f74a-4d9b-ab47-94beb4b9df31,merchant_paymind_demo,cust_1045,2026-08-11T21:13:00,3420.86,INR,netbanking,route_d,HDFC,,Chennai,android,order_3275,success,,354,0
f4d02861-fd29-412f-afb9-500491ccc3d6,merchant_paymind_demo,cust_578,2026-08-06T15:50:00,13177.49,INR,credit_card,route_a,HDFC,,Mumbai,web,order_3276,success,,625,0
10304947-9595-49cb-ab59-f6cbdd279bc6,merchant_paymind_demo,cust_323,2026-08-14T23:55:00,7714.97,INR,debit_card,route_b,HDFC,,Chennai,web,order_3277,success,,1438,0
b667e037-4621-4ab1-9063-efc2fe5b140e,merchant_paymind_demo,cust_1164,2026-08-13T21:19:00,24046.26,INR,UPI,route_d,SBI,paytm,Chennai,ios,order_3278,success,,925,0
581d5ccf-f49f-4374-90d1-13423ea519ab,merchant_paymind_demo,cust_399,2026-08-09T04:11:00,2539.41,INR,wallet,route_d,ICICI,,Delhi,ios,order_3279,success,,935,0
7e948762-e81c-419a-ad7a-5d132f0c355c,merchant_paymind_demo,cust_828,2026-08-02T06:24:00,154.23,INR,netbanking,route_b,ICICI,,Mumbai,android,order_3280,success,,1219,0
5dd001e9-30f8-4a34-83ae-4c437e0fc6a0,merchant_paymind_demo,cust_783,2026-08-17T22:04:00,11729.04,INR,debit_card,route_a,ICICI,,Bengaluru,android,order_3281,failed,invalid_otp,6248,0
ab7b4a32-56cd-406f-8c6d-b8aab0bdaace,merchant_paymind_demo,cust_538,2026-08-03T07:51:00,23079.54,INR,wallet,route_b,Kotak,,Mumbai,ios,order_3282,success,,584,0
0bba9d58-5f49-4d54-9200-9f7d6d9d7f94,merchant_paymind_demo,cust_89,2026-08-17T03:33:00,13579.51,INR,netbanking,route_a,ICICI,,Delhi,web,order_3283,success,,820,0
6ecb0bde-12e4-4cff-95e3-8e690fd886b8,merchant_paymind_demo,cust_602,2026-08-18T13:14:00,6921.5,INR,netbanking,route_a,Kotak,,Hyderabad,ios,order_3284,success,,1093,0
7bb6b417-8827-486a-b537-369c126a142d,merchant_paymind_demo,cust_288,2026-08-11T18:40:00,9803.16,INR,netbanking,route_c,Kotak,,Kolkata,ios,order_3285,success,,1540,0
e1722e9c-5c4a-4c78-be6d-4c8867161f61,merchant_paymind_demo,cust_297,2026-08-04T15:25:00,19991.16,INR,debit_card,route_c,Yes Bank,,Hyderabad,android,order_3286,success,,1328,0
9c32d0ac-8a87-4fa0-b58a-f10cff731087,merchant_paymind_demo,cust_805,2026-08-05T08:31:00,18118.46,INR,wallet,route_b,Axis,,Delhi,ios,order_3287,success,,614,0
9a319af1-7d58-494f-b5a5-74ad201c431c,merchant_paymind_demo,cust_464,2026-08-02T16:14:00,20948.07,INR,debit_card,route_a,Kotak,,Mumbai,web,order_3288,success,,924,0
6d45af70-42a7-4517-8e95-6e7ea725f8c2,merchant_paymind_demo,cust_250,2026-08-06T23:56:00,19710.26,INR,netbanking,route_b,Yes Bank,,Hyderabad,ios,order_3289,success,,326,0
310cb774-0e5b-4d10-a4aa-a2fdc730c1b9,merchant_paymind_demo,cust_541,2026-08-11T08:03:00,23270.45,INR,netbanking,route_a,Kotak,,Hyderabad,web,order_3290,success,,808,0
eb9767f0-7925-4fdb-b179-b54f3701a751,merchant_paymind_demo,cust_257,2026-08-17T16:39:00,7917.44,INR,UPI,route_d,Yes Bank,,Delhi,ios,order_3291,success,,2291,0
10f3acbb-faf0-49e9-8339-060e4df6ed9c,merchant_paymind_demo,cust_433,2026-08-07T14:05:00,1631.59,INR,netbanking,route_a,ICICI,,Bengaluru,android,order_3292,success,,1450,0
526f8dc6-85e8-45b8-99a1-dc6a57f78170,merchant_paymind_demo,cust_143,2026-08-12T17:37:00,2635.93,INR,UPI,route_a,SBI,gpay,Bengaluru,android,order_3293,success,,1248,0
a2795d0c-6390-4e1a-babb-c6c7e98d6a98,merchant_paymind_demo,cust_238,2026-08-11T02:59:00,21853.16,INR,credit_card,route_a,SBI,,Bengaluru,ios,order_3294,success,,457,0
c4277639-53a6-46e9-ba3e-58cb0415a3a6,merchant_paymind_demo,cust_3,2026-08-14T00:40:00,18633.76,INR,wallet,route_a,Axis,,Chennai,android,order_3295,success,,1512,0
ada65b41-5a00-4469-8b55-f9a6dcaf2d7f,merchant_paymind_demo,cust_436,2026-08-02T13:47:00,593.43,INR,wallet,route_a,SBI,,Kolkata,ios,order_3296,success,,1896,0
54ecb17c-5a61-4779-ad8f-1fde6e8da7f3,merchant_paymind_demo,cust_257,2026-08-18T09:33:00,3854.03,INR,debit_card,route_c,Yes Bank,,Chennai,web,order_3297,success,,1400,0
02c879c4-fff2-4a33-ac9b-5a427ceb0c33,merchant_paymind_demo,cust_549,2026-08-01T14:55:00,5600.98,INR,UPI,route_d,SBI,paytm,Hyderabad,web,order_3298,success,,2451,0
e9f599fb-fdc4-4696-b571-05d1cbadf5c4,merchant_paymind_demo,cust_471,2026-08-06T14:51:00,15231.04,INR,netbanking,route_b,Axis,,Pune,web,order_3299,failed,invalid_otp,2728,0
ee9b2aff-0a24-47c5-90c4-cfd371a6ba02,merchant_paymind_demo,cust_829,2026-08-07T20:05:00,1816.67,INR,credit_card,route_d,HDFC,,Delhi,android,order_3300,success,,2047,0
27655e31-fdb8-4d88-8d4f-7ce30ebf1699,merchant_paymind_demo,cust_134,2026-08-16T23:50:00,16165.3,INR,netbanking,route_a,SBI,,Chennai,ios,order_3301,success,,1288,0
70e5ab12-dab2-45c6-8e93-7f349b339373,merchant_paymind_demo,cust_75,2026-08-02T20:21:00,717.72,INR,UPI,route_d,Yes Bank,paytm,Bengaluru,ios,order_3302,success,,687,0
7b938938-90d7-4a28-8c16-117506b1280c,merchant_paymind_demo,cust_812,2026-08-01T20:27:00,9743.01,INR,credit_card,route_c,HDFC,,Mumbai,ios,order_3303,success,,2105,0
df1fa9d1-a0fa-4196-91f7-6b5cd74ddb30,merchant_paymind_demo,cust_820,2026-08-11T13:20:00,15006.21,INR,debit_card,route_d,Yes Bank,,Pune,web,order_3304,success,,2425,0
8ec24241-0cb9-4d2d-b3b8-84ff7b6093a4,merchant_paymind_demo,cust_517,2026-08-12T18:13:00,1779.94,INR,wallet,route_a,Yes Bank,,Delhi,ios,order_3305,success,,736,0
8625ff3b-ca69-4645-b407-25b243bae797,merchant_paymind_demo,cust_934,2026-08-19T03:46:00,11739.96,INR,UPI,route_a,Axis,bhim,Kolkata,android,order_3306,success,,2268,0
b0195812-c3e8-4bea-8795-cd7a8454284c,merchant_paymind_demo,cust_635,2026-08-14T13:13:00,4971.9,INR,debit_card,route_b,HDFC,,Chennai,web,order_3307,success,,722,0
a1ecc68c-6084-431b-9a1b-c2a4ab925141,merchant_paymind_demo,cust_152,2026-08-11T01:34:00,2710.1,INR,UPI,route_d,HDFC,gpay,Bengaluru,web,order_3308,success,,396,0
1a013ba9-e8b1-42dc-85a7-11ab18cd0718,merchant_paymind_demo,cust_549,2026-08-07T12:31:00,7378.43,INR,credit_card,route_c,SBI,,Kolkata,web,order_3309,success,,2032,0
4eb4106a-06a9-4218-b80b-263dafe707b4,merchant_paymind_demo,cust_476,2026-08-06T07:24:00,16656.3,INR,netbanking,route_c,Yes Bank,,Hyderabad,web,order_3310,success,,1967,0
037eeb01-a1c4-4e55-bb79-a42f45e1cbfd,merchant_paymind_demo,cust_332,2026-08-06T04:57:00,14210.3,INR,debit_card,route_a,Axis,,Kolkata,web,order_3311,success,,408,0
e4cbf4db-6326-4765-bf6d-ead3abc9c76d,merchant_paymind_demo,cust_738,2026-08-06T13:08:00,22676.44,INR,credit_card,route_a,SBI,,Hyderabad,web,order_3312,success,,1037,0
15a38531-19df-442f-806d-af0885bdceb3,merchant_paymind_demo,cust_713,2026-08-05T21:06:00,17997.56,INR,netbanking,route_a,Yes Bank,,Hyderabad,ios,order_3313,success,,2169,0
e98a383d-31bc-43e6-ab17-d6e0dd4a0c8a,merchant_paymind_demo,cust_931,2026-08-05T22:12:00,24040.15,INR,credit_card,route_c,Axis,,Pune,android,order_3314,success,,1418,0
2943a5b2-7236-4690-8408-f61c3d998ec1,merchant_paymind_demo,cust_312,2026-08-05T11:05:00,19829.86,INR,wallet,route_c,Kotak,,Chennai,ios,order_3315,success,,1297,0
19239402-8d61-4b28-b1d0-4f052999909f,merchant_paymind_demo,cust_982,2026-08-15T23:49:00,20311.15,INR,wallet,route_d,Yes Bank,,Mumbai,ios,order_3316,success,,620,0
e81a1697-cc2e-453a-8456-18314da4da21,merchant_paymind_demo,cust_412,2026-08-19T00:00:00,3152.98,INR,credit_card,route_d,Kotak,,Chennai,ios,order_3317,success,,436,0
231f4c5a-ac56-4d71-99b3-913489581db8,merchant_paymind_demo,cust_746,2026-08-13T17:24:00,16045.04,INR,netbanking,route_d,ICICI,,Kolkata,ios,order_3318,failed,gateway_error,6976,0
032d1c24-1100-4b23-8367-47040bc1d799,merchant_paymind_demo,cust_249,2026-08-09T20:13:00,3449.37,INR,credit_card,route_a,Axis,,Pune,web,order_3319,success,,1069,0
641f91a9-33fc-4480-b383-8a14e8d63d0f,merchant_paymind_demo,cust_806,2026-08-07T21:04:00,10046.07,INR,debit_card,route_d,HDFC,,Mumbai,ios,order_3320,success,,1642,0
226dd50f-9f80-48cd-9162-724f24682e55,merchant_paymind_demo,cust_473,2026-08-14T15:17:00,17947.82,INR,debit_card,route_c,Yes Bank,,Delhi,ios,order_3321,success,,705,0
e7b3f1e5-7374-4c3d-afdf-64bf891eca22,merchant_paymind_demo,cust_815,2026-08-18T00:09:00,14600.62,INR,wallet,route_b,SBI,,Bengaluru,android,order_3322,success,,524,0
7611ae3d-95b7-4037-b919-c1cdb556433e,merchant_paymind_demo,cust_356,2026-08-09T20:40:00,24623.56,INR,debit_card,route_a,HDFC,,Pune,android,order_3323,failed,insufficient_funds,7465,0
db21ca54-fcec-44d2-afe0-981453bb0e75,merchant_paymind_demo,cust_670,2026-08-10T15:37:00,1891.3,INR,UPI,route_a,Kotak,bhim,Delhi,web,order_3324,success,,1356,0
1a3d699c-1fdd-4512-9774-85b15620015e,merchant_paymind_demo,cust_1054,2026-08-02T20:43:00,3525.91,INR,debit_card,route_a,ICICI,,Mumbai,android,order_3325,success,,2397,0
38f7d6dd-4865-4421-8bd1-b02967e1b10b,merchant_paymind_demo,cust_396,2026-08-13T01:55:00,21349.68,INR,credit_card,route_d,Kotak,,Hyderabad,android,order_3326,success,,1958,0
c37ffc4e-1a4a-4eab-a97e-dac3370752c2,merchant_paymind_demo,cust_447,2026-08-02T16:10:00,1580.96,INR,netbanking,route_c,Kotak,,Mumbai,ios,order_3327,success,,2209,0
25d6c527-9e7e-4c75-9915-08b44b0a464c,merchant_paymind_demo,cust_846,2026-08-20T11:31:00,22531.07,INR,credit_card,route_c,SBI,,Pune,ios,order_3328,success,,587,0
a8e82c3e-8465-4f8f-96e3-e4a9394ad916,merchant_paymind_demo,cust_148,2026-08-18T13:40:00,24783.31,INR,wallet,route_b,ICICI,,Mumbai,ios,order_3329,success,,1173,0
892b9e90-d58e-4eb8-abad-5676b11fd234,merchant_paymind_demo,cust_815,2026-08-19T16:53:00,7221.3,INR,UPI,route_d,Axis,gpay,Pune,web,order_3330,success,,1214,0
f8d2cd6f-e004-4f82-ae3f-5db9d039fb68,merchant_paymind_demo,cust_847,2026-08-06T22:58:00,19126.2,INR,UPI,route_d,Kotak,phonepe,Chennai,web,order_3331,success,,1075,0
fd4d6c84-15cc-47c5-8680-ce94f6391ec2,merchant_paymind_demo,cust_136,2026-08-10T10:00:00,21198.04,INR,debit_card,route_d,SBI,,Mumbai,android,order_3332,success,,903,0
542764c1-ef4f-4b1e-9687-2bac4e09d4d9,merchant_paymind_demo,cust_139,2026-08-17T05:24:00,14310.55,INR,credit_card,route_b,Yes Bank,,Delhi,ios,order_3333,success,,873,0
4a944a07-9888-4793-ad03-dc3187110958,merchant_paymind_demo,cust_824,2026-08-19T07:39:00,11382.64,INR,wallet,route_a,ICICI,,Chennai,web,order_3334,success,,1284,0
376f116f-4245-4cab-a4fc-a555b96f054a,merchant_paymind_demo,cust_1163,2026-08-08T07:14:00,21149.21,INR,netbanking,route_b,ICICI,,Bengaluru,android,order_3335,success,,1997,0
b62d1b9c-4f5d-4aa6-800d-5aed86b9ffe9,merchant_paymind_demo,cust_1066,2026-08-07T08:03:00,19015.01,INR,debit_card,route_b,Yes Bank,,Pune,ios,order_3336,success,,2081,0
ed9599f0-7b4b-43b3-9d22-f6fc2a78db8c,merchant_paymind_demo,cust_238,2026-08-02T16:37:00,7762.3,INR,wallet,route_b,ICICI,,Mumbai,ios,order_3337,success,,1354,0
9073ad70-fb47-4b9b-bdbd-81bc4c870cae,merchant_paymind_demo,cust_1065,2026-08-01T13:23:00,8045.84,INR,UPI,route_d,Axis,gpay,Kolkata,ios,order_3338,success,,1599,0
15358899-f4c3-4be1-9ed1-3b09633b457f,merchant_paymind_demo,cust_115,2026-08-18T13:01:00,16025.69,INR,debit_card,route_d,Yes Bank,,Delhi,ios,order_3339,success,,2473,0
4d102bd6-c28d-401b-9768-24b375aae129,merchant_paymind_demo,cust_107,2026-08-04T21:47:00,23061.24,INR,netbanking,route_a,Yes Bank,,Delhi,android,order_3340,success,,1391,0
951995c5-339e-4a2d-90ed-5fa1bc4b37f0,merchant_paymind_demo,cust_959,2026-08-04T19:54:00,2949.93,INR,netbanking,route_b,Yes Bank,,Chennai,ios,order_3341,success,,392,0
8fcdfdd4-1df8-4f5d-8244-6d151fc55520,merchant_paymind_demo,cust_664,2026-08-12T13:49:00,7459.07,INR,credit_card,route_a,ICICI,,Hyderabad,ios,order_3342,success,,1711,0
79f72191-79c0-472b-b4f9-457eb19e39ac,merchant_paymind_demo,cust_1003,2026-08-11T15:48:00,19250.57,INR,wallet,route_d,Kotak,,Delhi,web,order_3343,success,,1770,0
e5f2a59c-daa1-4239-a97f-cb5fad3b91b4,merchant_paymind_demo,cust_647,2026-08-18T09:02:00,8689.1,INR,netbanking,route_b,SBI,,Pune,ios,order_3344,success,,1403,0
ebe9a10f-999d-4311-832c-5e9c383d93f6,merchant_paymind_demo,cust_982,2026-08-16T08:51:00,5453.46,INR,UPI,route_d,Axis,gpay,Delhi,web,order_3345,success,,2461,0
b87ecf89-25a4-42b4-954c-5ef3b3591897,merchant_paymind_demo,cust_728,2026-08-09T22:36:00,23948.15,INR,netbanking,route_d,Axis,,Mumbai,android,order_3346,success,,956,0
a7120de9-18e1-4902-90ca-7f44a8fb423f,merchant_paymind_demo,cust_598,2026-08-17T14:49:00,21261.55,INR,debit_card,route_b,ICICI,,Mumbai,android,order_3347,success,,475,0
f1b94705-2821-4cce-9c94-7018125b051d,merchant_paymind_demo,cust_511,2026-08-01T17:30:00,18590.73,INR,debit_card,route_b,Kotak,,Delhi,web,order_3348,success,,1335,0
13f97b7c-e644-4f29-b721-d780a4557353,merchant_paymind_demo,cust_956,2026-08-06T01:52:00,24040.64,INR,wallet,route_b,HDFC,,Mumbai,ios,order_3349,success,,2436,0
92876bca-a306-4f05-a6c3-326792b597fc,merchant_paymind_demo,cust_352,2026-08-15T11:42:00,11062.35,INR,wallet,route_d,SBI,,Kolkata,ios,order_3350,success,,1729,0
1ca45216-0a31-47a4-aaaa-2f7ca601e138,merchant_paymind_demo,cust_967,2026-08-04T01:02:00,214.26,INR,credit_card,route_d,HDFC,,Hyderabad,ios,order_3351,success,,864,0
f946cdc5-4ab0-4811-b275-559190ba0328,merchant_paymind_demo,cust_143,2026-08-10T22:34:00,17062.87,INR,wallet,route_b,Axis,,Hyderabad,web,order_3352,success,,2060,0
c6741e6f-fafa-4d60-8561-a868c35d21ad,merchant_paymind_demo,cust_669,2026-08-02T12:09:00,3967.4,INR,credit_card,route_c,SBI,,Bengaluru,android,order_3353,success,,379,0
1aa4ffdf-7e99-4e69-9262-15a8e51f0420,merchant_paymind_demo,cust_166,2026-08-01T17:40:00,12856.03,INR,UPI,route_c,Yes Bank,,Kolkata,ios,order_3354,success,,827,0
83e10457-42db-4442-888e-b335089e5692,merchant_paymind_demo,cust_355,2026-08-05T17:35:00,17267.54,INR,credit_card,route_a,ICICI,,Chennai,android,order_3355,success,,2150,0
c7922b41-4d87-4287-8562-a3d6bbfe0195,merchant_paymind_demo,cust_660,2026-08-01T20:54:00,3880.84,INR,credit_card,route_b,HDFC,,Pune,android,order_3356,success,,1412,0
d61dcc84-1c75-4b2e-9e7a-010ed8826112,merchant_paymind_demo,cust_563,2026-08-05T11:51:00,24894.33,INR,credit_card,route_c,ICICI,,Hyderabad,android,order_3357,success,,2080,0
b87d8d1c-4fc0-4f92-b330-09099d5d6575,merchant_paymind_demo,cust_1148,2026-08-01T16:27:00,21618.5,INR,wallet,route_a,Axis,,Pune,ios,order_3358,success,,1205,0
570cf6a0-e365-4d9b-9478-59dd9c7d60db,merchant_paymind_demo,cust_874,2026-08-14T22:21:00,9668.4,INR,UPI,route_d,Yes Bank,paytm,Mumbai,android,order_3359,success,,1145,0
aec617a8-1836-48bc-88b8-a7b78e75b55c,merchant_paymind_demo,cust_571,2026-08-06T18:01:00,1653.73,INR,UPI,route_a,Axis,gpay,Chennai,ios,order_3360,success,,1380,0
ae305049-4e16-4205-a463-581127295e6e,merchant_paymind_demo,cust_63,2026-08-16T14:31:00,13687.56,INR,wallet,route_c,Yes Bank,,Bengaluru,web,order_3361,success,,412,0
a0cf7534-9d1f-4ff8-a0fb-006274a5c5df,merchant_paymind_demo,cust_195,2026-08-12T03:29:00,10210.06,INR,UPI,route_b,Kotak,bhim,Kolkata,web,order_3362,success,,996,0
442d687a-edcd-4c36-ad41-ce24b291a968,merchant_paymind_demo,cust_266,2026-08-07T17:30:00,2442.52,INR,wallet,route_c,HDFC,,Bengaluru,android,order_3363,failed,gateway_error,7040,0
3cf9e6e2-6c42-47c9-8af6-39c33ddfc070,merchant_paymind_demo,cust_852,2026-08-03T05:54:00,18283.66,INR,wallet,route_b,HDFC,,Bengaluru,android,order_3364,success,,1657,0
5725d625-e237-4924-bb0c-df1d8d1449ae,merchant_paymind_demo,cust_501,2026-08-16T20:16:00,4107.98,INR,debit_card,route_a,SBI,,Hyderabad,web,order_3365,success,,1090,0
3fd86e05-d54d-48b1-b11b-b5690f52a22a,merchant_paymind_demo,cust_623,2026-08-06T08:20:00,8778.54,INR,netbanking,route_c,Yes Bank,,Mumbai,web,order_3366,success,,1553,0
0c1bce40-835e-43ff-8475-efb96d8c570b,merchant_paymind_demo,cust_358,2026-08-08T17:36:00,18666.49,INR,netbanking,route_b,Kotak,,Bengaluru,android,order_3367,success,,736,0
cebded7f-ce35-411b-a148-ef395f9b4e59,merchant_paymind_demo,cust_676,2026-08-18T15:57:00,4020.98,INR,UPI,route_c,SBI,,Pune,ios,order_3368,success,,1043,0
2fa14300-04c5-448c-ab28-5428596c9a84,merchant_paymind_demo,cust_1113,2026-08-13T13:33:00,13480.66,INR,netbanking,route_d,HDFC,,Delhi,android,order_3369,success,,2123,0
c3ddd151-48c7-433f-93a3-b493a25d0853,merchant_paymind_demo,cust_39,2026-08-06T09:57:00,545.81,INR,debit_card,route_c,Kotak,,Kolkata,web,order_3370,success,,328,0
436fab1e-e55a-4ac0-bbd7-a0f920ba9328,merchant_paymind_demo,cust_1114,2026-08-10T19:48:00,1731.8,INR,wallet,route_c,ICICI,,Delhi,web,order_3371,success,,1201,0
110e45b4-c87d-4f98-b54e-16e5a9a1d450,merchant_paymind_demo,cust_673,2026-08-16T17:59:00,19215.77,INR,debit_card,route_c,Kotak,,Delhi,android,order_3372,success,,1635,0
4429a55c-9a10-4aef-9bce-8403ea0c06a6,merchant_paymind_demo,cust_908,2026-08-08T07:24:00,11150.69,INR,debit_card,route_a,HDFC,,Pune,android,order_3373,success,,2139,0
7324223b-410a-4318-b32e-77be0656b56a,merchant_paymind_demo,cust_458,2026-08-01T10:00:00,17730.6,INR,wallet,route_c,Axis,,Chennai,android,order_3374,success,,2111,0
b5463526-dd7d-464a-8c51-4b567e30176a,merchant_paymind_demo,cust_214,2026-08-02T23:55:00,24933.14,INR,debit_card,route_a,Kotak,,Hyderabad,ios,order_3375,success,,2473,0
ec14f951-f512-4028-a78f-4c7b34666431,merchant_paymind_demo,cust_80,2026-08-19T03:48:00,18924.99,INR,wallet,route_c,Yes Bank,,Delhi,android,order_3376,success,,776,0
5ac03750-4326-4b17-8481-649102ab647f,merchant_paymind_demo,cust_1069,2026-08-14T13:00:00,19432.46,INR,credit_card,route_a,HDFC,,Hyderabad,android,order_3377,success,,1415,0
cc5d22a0-0d8f-49a9-83ca-85d2ebfd52c8,merchant_paymind_demo,cust_145,2026-08-03T22:56:00,16806.89,INR,netbanking,route_b,HDFC,,Pune,ios,order_3378,success,,1450,0
9b79b31a-4d9b-45b9-9702-9fe8762f5c07,merchant_paymind_demo,cust_240,2026-08-18T00:20:00,6198.1,INR,netbanking,route_d,Kotak,,Kolkata,web,order_3379,success,,818,0
cc2e885c-5451-4f95-af9a-c842e07b5239,merchant_paymind_demo,cust_673,2026-08-16T20:04:00,9878.98,INR,netbanking,route_a,ICICI,,Delhi,web,order_3380,success,,2289,0
285a5e1a-5247-4931-8db8-7c50cae7a15a,merchant_paymind_demo,cust_723,2026-08-19T20:35:00,3681.07,INR,wallet,route_c,Yes Bank,,Pune,web,order_3381,success,,2397,0
6038ac11-7ab4-4898-b09f-d27f055fccaa,merchant_paymind_demo,cust_215,2026-08-13T10:14:00,19335.55,INR,netbanking,route_c,ICICI,,Hyderabad,ios,order_3382,success,,1921,0
856ff042-d35d-4401-9d31-a87a48bb082c,merchant_paymind_demo,cust_1165,2026-08-01T04:40:00,16143.99,INR,credit_card,route_d,ICICI,,Chennai,web,order_3383,success,,1465,0
4bf2a963-dc60-4f84-80d9-474c4cedb6c7,merchant_paymind_demo,cust_609,2026-08-18T18:59:00,6953.49,INR,wallet,route_d,Yes Bank,,Pune,web,order_3384,success,,1334,0
79da494f-5105-4ec8-88ed-ddc55f60b4c0,merchant_paymind_demo,cust_89,2026-08-11T06:47:00,10104.65,INR,debit_card,route_b,Yes Bank,,Chennai,android,order_3385,success,,1879,0
613dd44e-2824-475d-9da5-e81b57c66ea4,merchant_paymind_demo,cust_476,2026-08-07T18:35:00,19226.38,INR,debit_card,route_c,Kotak,,Mumbai,web,order_3386,success,,1901,0
2ac99376-d1a3-432d-aba7-997d741f2520,merchant_paymind_demo,cust_531,2026-08-06T16:15:00,8555.02,INR,UPI,route_b,Kotak,,Bengaluru,web,order_3387,success,,521,0
ecf50e18-534f-479d-86ca-dae0f3ea0d60,merchant_paymind_demo,cust_1173,2026-08-10T18:23:00,9128.66,INR,netbanking,route_c,Axis,,Hyderabad,android,order_3388,success,,2335,0
ee7fcf20-2956-40bb-8426-54739780419c,merchant_paymind_demo,cust_1131,2026-08-02T15:20:00,9491.5,INR,debit_card,route_c,ICICI,,Bengaluru,web,order_3389,success,,459,0
d71c64fc-fda3-435f-b4aa-d3c916c80ca2,merchant_paymind_demo,cust_432,2026-08-02T07:00:00,24902.16,INR,netbanking,route_a,Yes Bank,,Kolkata,ios,order_3390,success,,2207,0
d14c5c4b-1a49-41e2-affc-f14f0d2638dd,merchant_paymind_demo,cust_396,2026-08-08T04:44:00,16456.84,INR,netbanking,route_a,Axis,,Hyderabad,web,order_3391,success,,1192,0
3fcd0834-b1d5-49b0-98dc-f6f5ed7f97de,merchant_paymind_demo,cust_305,2026-08-05T08:10:00,4974.41,INR,netbanking,route_c,SBI,,Mumbai,android,order_3392,success,,1074,0
3cb727b2-91fd-425a-b2c4-abc379477248,merchant_paymind_demo,cust_697,2026-08-03T22:56:00,23850.69,INR,netbanking,route_c,Yes Bank,,Kolkata,android,order_3393,success,,1067,0
9c4e715c-7b10-4d87-86c4-ef589df716d1,merchant_paymind_demo,cust_284,2026-08-19T16:34:00,17100.25,INR,credit_card,route_d,SBI,,Delhi,android,order_3394,success,,2178,0
20cdc7fb-b4ef-43a3-a9ed-9e1745ccd864,merchant_paymind_demo,cust_678,2026-08-19T09:44:00,3016.08,INR,credit_card,route_d,ICICI,,Bengaluru,web,order_3395,success,,519,0
9d7d8808-51aa-4531-9553-a31dda941ee1,merchant_paymind_demo,cust_263,2026-08-06T14:10:00,6732.57,INR,credit_card,route_d,HDFC,,Bengaluru,ios,order_3396,success,,1650,0
34651afb-153a-4639-a5e7-e7dffd3b7a3e,merchant_paymind_demo,cust_732,2026-08-08T03:27:00,9235.2,INR,UPI,route_d,HDFC,phonepe,Mumbai,android,order_3397,success,,1983,0
8c1535fc-7101-4e6d-8f53-7a27329940ce,merchant_paymind_demo,cust_151,2026-08-05T10:15:00,10481.51,INR,UPI,route_c,SBI,paytm,Hyderabad,ios,order_3398,success,,2225,0
079ab040-89ad-4fb8-b59a-d25f088805f9,merchant_paymind_demo,cust_328,2026-08-03T10:51:00,13797.76,INR,netbanking,route_b,Yes Bank,,Hyderabad,android,order_3399,success,,904,0
86445588-d270-4bce-9b2a-ad0f50faf677,merchant_paymind_demo,cust_30,2026-08-20T04:14:00,10490.98,INR,netbanking,route_a,Axis,,Pune,ios,order_3400,success,,723,0
5cdc68d5-302f-470c-aee9-3772ed737d08,merchant_paymind_demo,cust_307,2026-08-13T07:28:00,16245.23,INR,credit_card,route_a,SBI,,Chennai,ios,order_3401,success,,1460,0
04db766c-90a1-46bf-9c93-c2aa35cbf628,merchant_paymind_demo,cust_723,2026-08-06T15:37:00,16796.36,INR,netbanking,route_c,SBI,,Bengaluru,ios,order_3402,success,,1693,0
381b577c-8e6a-4f0a-8854-6375b2de1a12,merchant_paymind_demo,cust_259,2026-08-10T06:45:00,5345.54,INR,wallet,route_c,Axis,,Mumbai,ios,order_3403,success,,2341,0
5fa7a4b6-a48e-48a9-bb16-1e054f485bb5,merchant_paymind_demo,cust_639,2026-08-19T01:24:00,5448.87,INR,netbanking,route_b,Axis,,Chennai,android,order_3404,success,,552,0
519b6b81-e69d-4e30-ab45-bbd7a8f8a2ae,merchant_paymind_demo,cust_842,2026-08-01T19:18:00,779.33,INR,debit_card,route_b,Yes Bank,,Pune,android,order_3405,success,,1939,0
9835bf93-453d-404f-a394-fa2ec098ef7a,merchant_paymind_demo,cust_292,2026-08-10T15:36:00,22250.31,INR,wallet,route_a,ICICI,,Pune,android,order_3406,success,,913,0
99783506-76f4-4408-a96e-7f98b31f6bbb,merchant_paymind_demo,cust_768,2026-08-08T16:08:00,16929.54,INR,UPI,route_d,HDFC,bhim,Kolkata,web,order_3407,success,,452,0
c8ea59f9-487e-4e73-9633-fe6e97557461,merchant_paymind_demo,cust_947,2026-08-01T12:58:00,22946.29,INR,netbanking,route_a,SBI,,Pune,android,order_3408,success,,1007,0
75602980-0bd2-4b0b-b416-486ec6f73361,merchant_paymind_demo,cust_1197,2026-08-20T07:18:00,5259.19,INR,UPI,route_c,Kotak,gpay,Chennai,ios,order_3409,success,,2248,0
98e67beb-56dd-4b81-ac88-0054d9518799,merchant_paymind_demo,cust_784,2026-08-05T03:34:00,18216.49,INR,credit_card,route_b,Yes Bank,,Delhi,web,order_3410,success,,1247,0
e1ef335d-4dfb-420f-9e1b-6bdf2647632b,merchant_paymind_demo,cust_149,2026-08-17T20:29:00,14926.9,INR,wallet,route_d,Yes Bank,,Hyderabad,android,order_3411,success,,760,0
0862d0c9-160e-45b9-b10c-52d4f4d37c37,merchant_paymind_demo,cust_460,2026-08-01T13:35:00,12035.58,INR,UPI,route_b,ICICI,bhim,Mumbai,android,order_3412,success,,815,0
b89f9852-72dc-4196-ade6-39133187f19f,merchant_paymind_demo,cust_949,2026-08-11T02:44:00,18727.51,INR,credit_card,route_b,Axis,,Kolkata,android,order_3413,success,,1592,0
20774cba-dd07-46ce-bfd5-0cbbdd797459,merchant_paymind_demo,cust_664,2026-08-12T04:08:00,18396.69,INR,debit_card,route_d,ICICI,,Hyderabad,android,order_3414,success,,554,0
aea4d1e7-8e3e-435e-b594-7762fde01417,merchant_paymind_demo,cust_326,2026-08-16T18:27:00,16522.83,INR,netbanking,route_a,HDFC,,Delhi,ios,order_3415,success,,517,0
6f33b2af-20ba-4c4f-89eb-fc09b5a978eb,merchant_paymind_demo,cust_859,2026-08-09T07:42:00,12606.57,INR,debit_card,route_c,ICICI,,Pune,ios,order_3416,success,,2311,0
3f73f6bf-ca5c-42ff-ae38-6b38af766e65,merchant_paymind_demo,cust_1163,2026-08-10T11:42:00,20470.92,INR,netbanking,route_a,Yes Bank,,Chennai,ios,order_3417,failed,gateway_error,3274,0
5f1f1f74-6efd-43fa-b9e7-a240d68c8ee5,merchant_paymind_demo,cust_702,2026-08-05T00:36:00,9076.59,INR,debit_card,route_b,Axis,,Hyderabad,ios,order_3418,success,,1326,0
1812bead-b7d4-4457-a4d8-2bd152ab4541,merchant_paymind_demo,cust_1099,2026-08-06T22:28:00,401.65,INR,netbanking,route_a,Yes Bank,,Pune,web,order_3419,success,,1416,0
149f0fe4-a933-45fd-9266-9e26716a616e,merchant_paymind_demo,cust_959,2026-08-11T10:12:00,19397.13,INR,netbanking,route_a,Axis,,Mumbai,android,order_3420,success,,2405,0
c6f5e8d8-84ad-4a1f-a0af-9b6e5823fe82,merchant_paymind_demo,cust_314,2026-08-13T10:03:00,7692.56,INR,wallet,route_d,Kotak,,Mumbai,web,order_3421,success,,858,0
f19de53c-20a4-46ff-8864-24da30b55f89,merchant_paymind_demo,cust_301,2026-08-10T03:01:00,17191.08,INR,wallet,route_a,Yes Bank,,Pune,ios,order_3422,success,,1353,0
33ead3aa-e393-4676-b697-95c182e5e09d,merchant_paymind_demo,cust_3,2026-08-08T18:33:00,4937.08,INR,UPI,route_d,HDFC,,Chennai,android,order_3423,success,,1670,0
3e09091c-06e0-4bfe-8198-47b4bbc64901,merchant_paymind_demo,cust_815,2026-08-13T08:24:00,12907.01,INR,netbanking,route_b,HDFC,,Pune,web,order_3424,success,,1944,0
a5e8821e-83ea-45e6-968b-fec7631b10a4,merchant_paymind_demo,cust_967,2026-08-20T19:06:00,14451.85,INR,netbanking,route_c,Yes Bank,,Mumbai,android,order_3425,success,,2209,0
4374dbaa-1dd8-405f-bd47-d05d9cf0bae5,merchant_paymind_demo,cust_253,2026-08-04T23:08:00,19036.19,INR,wallet,route_c,ICICI,,Hyderabad,web,order_3426,success,,1778,0
da9b5b48-3a20-4013-9faf-888071db13f0,merchant_paymind_demo,cust_554,2026-08-02T21:26:00,20969.45,INR,credit_card,route_a,HDFC,,Hyderabad,web,order_3427,success,,650,0
23383ec6-b184-45a7-bb38-26be35be9e14,merchant_paymind_demo,cust_536,2026-08-13T15:44:00,542.03,INR,wallet,route_d,HDFC,,Pune,android,order_3428,success,,2230,0
1ada4bd6-d2e1-4b0c-ba02-edfc93b84c2a,merchant_paymind_demo,cust_820,2026-08-12T01:21:00,21811.95,INR,UPI,route_a,SBI,phonepe,Mumbai,ios,order_3429,success,,2214,0
5240c25b-4589-40b4-a35a-e0cef0f08b3b,merchant_paymind_demo,cust_113,2026-08-11T17:23:00,20683.91,INR,UPI,route_a,SBI,phonepe,Delhi,ios,order_3430,success,,1827,0
8336791c-aefb-4832-9e2a-beac12733e9e,merchant_paymind_demo,cust_928,2026-08-16T21:57:00,3834.07,INR,netbanking,route_c,Axis,,Mumbai,web,order_3431,success,,519,0
6d93ecd5-edd2-4bb1-b9bc-af0cb6e2df9a,merchant_paymind_demo,cust_188,2026-08-01T19:06:00,23163.0,INR,debit_card,route_a,HDFC,,Pune,ios,order_3432,success,,508,0
b34d3ad8-fac1-411e-8a91-77db4feccf42,merchant_paymind_demo,cust_742,2026-08-01T15:20:00,18176.49,INR,UPI,route_a,SBI,gpay,Delhi,ios,order_3433,success,,1483,0
e590590a-afbb-49ce-9dc5-484f7835ba0a,merchant_paymind_demo,cust_471,2026-08-17T00:06:00,17082.81,INR,wallet,route_b,HDFC,,Mumbai,android,order_3434,success,,1005,0
794c81a1-83a3-4714-a247-274516f7cd9e,merchant_paymind_demo,cust_964,2026-08-09T07:03:00,22616.46,INR,wallet,route_d,SBI,,Pune,ios,order_3435,success,,1667,0
1764791b-94d3-4003-bbb3-efb7223f0072,merchant_paymind_demo,cust_865,2026-08-08T07:28:00,14895.33,INR,credit_card,route_d,Yes Bank,,Bengaluru,ios,order_3436,success,,984,0
b0324784-acf0-4bd9-b239-556104668831,merchant_paymind_demo,cust_529,2026-08-16T05:20:00,16228.73,INR,debit_card,route_a,SBI,,Mumbai,ios,order_3437,success,,1464,0
ac0a51cf-d057-4e7c-a71e-d0d399c6a7aa,merchant_paymind_demo,cust_433,2026-08-11T00:44:00,7328.43,INR,UPI,route_c,HDFC,phonepe,Delhi,ios,order_3438,success,,1241,0
2a35cf1f-745f-46c3-87a3-c2a892c547bb,merchant_paymind_demo,cust_810,2026-08-17T20:59:00,14357.05,INR,netbanking,route_d,Axis,,Hyderabad,android,order_3439,success,,1843,0
27d0cce4-3152-4dbb-84fa-c77213ca8fa3,merchant_paymind_demo,cust_656,2026-08-08T19:35:00,12435.29,INR,UPI,route_a,Axis,paytm,Hyderabad,web,order_3440,success,,490,0
ba13a03b-446f-4457-a046-f77843f0864d,merchant_paymind_demo,cust_801,2026-08-12T17:55:00,12753.04,INR,debit_card,route_c,SBI,,Hyderabad,web,order_3441,success,,442,0
7635b751-dc27-4506-b4df-7a93723915c7,merchant_paymind_demo,cust_692,2026-08-12T10:52:00,10049.16,INR,wallet,route_c,Yes Bank,,Mumbai,web,order_3442,success,,1756,0
f607da98-6024-4eb9-8061-9c070959fb5d,merchant_paymind_demo,cust_678,2026-08-01T14:38:00,14145.19,INR,netbanking,route_d,ICICI,,Delhi,ios,order_3443,success,,1831,0
06d0da67-e9ee-4791-bef3-7bdd078f24a0,merchant_paymind_demo,cust_904,2026-08-17T18:18:00,14799.5,INR,credit_card,route_a,HDFC,,Mumbai,web,order_3444,success,,532,0
9562ec22-6cb2-4778-83e6-720b30f9d70b,merchant_paymind_demo,cust_146,2026-08-13T03:45:00,6294.62,INR,wallet,route_d,Kotak,,Hyderabad,web,order_3445,success,,1616,0
021c6228-4143-4d99-9063-0114463f4b80,merchant_paymind_demo,cust_340,2026-08-02T17:42:00,6106.93,INR,wallet,route_d,HDFC,,Hyderabad,web,order_3446,success,,1158,0
497d1ef2-5918-4b81-95fd-c750044eb9f7,merchant_paymind_demo,cust_930,2026-08-17T10:58:00,17376.44,INR,UPI,route_c,Yes Bank,,Mumbai,android,order_3447,success,,939,0
1f277955-1414-44ac-94a5-5d324780873e,merchant_paymind_demo,cust_858,2026-08-07T00:33:00,3913.84,INR,credit_card,route_d,Yes Bank,,Delhi,android,order_3448,success,,1671,0
219c2116-3402-4ef0-b91f-8a66a7c9bcbe,merchant_paymind_demo,cust_336,2026-08-19T17:16:00,14382.44,INR,debit_card,route_d,Kotak,,Kolkata,android,order_3449,success,,877,0
503cfcb0-a053-4a4f-9a1a-9c78c5ce332c,merchant_paymind_demo,cust_578,2026-08-11T16:56:00,24294.98,INR,UPI,route_c,Kotak,,Bengaluru,ios,order_3450,success,,1549,0
71d8565e-ee29-44cc-8a67-9830573a4259,merchant_paymind_demo,cust_358,2026-08-14T06:52:00,6235.27,INR,netbanking,route_d,HDFC,,Chennai,web,order_3451,failed,invalid_otp,7588,0
18688faf-b642-48cf-a54f-bc074ad8d373,merchant_paymind_demo,cust_370,2026-08-02T20:01:00,6593.15,INR,netbanking,route_a,Axis,,Delhi,ios,order_3452,success,,1676,0
81772ff7-0bee-4429-9cae-3e363d633c46,merchant_paymind_demo,cust_556,2026-08-08T19:56:00,20025.21,INR,wallet,route_b,Axis,,Chennai,ios,order_3453,failed,gateway_error,6830,0
6b73a443-9820-4690-9e53-34d2c4a11e97,merchant_paymind_demo,cust_964,2026-08-08T12:34:00,7365.19,INR,wallet,route_c,Kotak,,Bengaluru,ios,order_3454,success,,1507,0
be9296d7-c7a2-4091-81d8-80fc12c227eb,merchant_paymind_demo,cust_9,2026-08-03T15:06:00,22955.78,INR,UPI,route_b,Yes Bank,,Pune,android,order_3455,success,,2003,0
962fb8dc-1b07-4013-9361-157fcecacd51,merchant_paymind_demo,cust_891,2026-08-05T03:23:00,17399.72,INR,UPI,route_c,Yes Bank,gpay,Pune,web,order_3456,success,,1155,0
8c524002-0c48-4da4-881f-355fd924296a,merchant_paymind_demo,cust_511,2026-08-12T17:46:00,15090.12,INR,debit_card,route_a,ICICI,,Kolkata,ios,order_3457,success,,2462,0
5eac5c8a-10d4-4fae-b7b7-fc5a52d1e3f6,merchant_paymind_demo,cust_981,2026-08-14T17:53:00,6097.91,INR,debit_card,route_c,Axis,,Mumbai,android,order_3458,success,,1775,0
69772b9c-8124-4c4a-bd61-f0a365bf9d28,merchant_paymind_demo,cust_824,2026-08-04T02:19:00,17646.01,INR,netbanking,route_b,HDFC,,Kolkata,ios,order_3459,success,,415,0
97e4b23a-c670-43e5-ac8f-7ef7258d72d7,merchant_paymind_demo,cust_517,2026-08-12T19:08:00,804.89,INR,netbanking,route_c,ICICI,,Mumbai,ios,order_3460,success,,443,0
88b977d3-5199-4a4a-adf0-62f23acd303f,merchant_paymind_demo,cust_921,2026-08-15T11:09:00,23098.89,INR,credit_card,route_b,ICICI,,Mumbai,android,order_3461,success,,2102,0
2d7751fe-ea23-423e-85cd-142201877fcb,merchant_paymind_demo,cust_1008,2026-08-02T12:48:00,13445.55,INR,credit_card,route_b,SBI,,Bengaluru,ios,order_3462,success,,1742,0
1c788208-f8e1-48f7-8c46-ace98943f829,merchant_paymind_demo,cust_129,2026-08-19T04:47:00,20171.78,INR,netbanking,route_b,Yes Bank,,Mumbai,android,order_3463,success,,358,0
54d715fe-6b8c-454c-8b63-b050bd634127,merchant_paymind_demo,cust_381,2026-08-13T16:31:00,22606.77,INR,netbanking,route_a,Axis,,Chennai,android,order_3464,success,,1606,0
dfe33572-5bdc-4451-8de1-cfd292bab057,merchant_paymind_demo,cust_1046,2026-08-08T12:56:00,12864.31,INR,debit_card,route_d,ICICI,,Bengaluru,ios,order_3465,success,,1635,0
7ee6e7f4-bed2-4155-adb9-fc5e75769316,merchant_paymind_demo,cust_59,2026-08-04T18:14:00,15730.55,INR,debit_card,route_b,SBI,,Delhi,android,order_3466,success,,1001,0
c651a4b1-2345-4529-92f3-245e567f5de6,merchant_paymind_demo,cust_781,2026-08-10T20:21:00,14620.79,INR,wallet,route_c,Kotak,,Bengaluru,ios,order_3467,success,,2454,0
c3be3a24-e2ad-4e65-992a-d8ce4b4c7b5c,merchant_paymind_demo,cust_1028,2026-08-04T13:22:00,24838.71,INR,debit_card,route_c,Axis,,Mumbai,ios,order_3468,success,,931,0
9804a111-4aa4-47ad-9b1c-8c6a56a469c0,merchant_paymind_demo,cust_452,2026-08-20T02:36:00,16879.07,INR,UPI,route_d,HDFC,phonepe,Delhi,web,order_3469,success,,952,0
8aa5b805-b38b-41cd-8dd0-5c14923e41eb,merchant_paymind_demo,cust_886,2026-08-09T16:25:00,13097.71,INR,UPI,route_c,ICICI,bhim,Kolkata,web,order_3470,success,,2268,0
3969d1ed-e903-4d13-b415-d52c9ffe6065,merchant_paymind_demo,cust_876,2026-08-13T07:46:00,17575.46,INR,wallet,route_c,ICICI,,Chennai,android,order_3471,success,,2467,0
d1a5e0b4-17bc-4d94-8d8b-16ba439c4023,merchant_paymind_demo,cust_60,2026-08-17T10:30:00,6117.86,INR,netbanking,route_a,Kotak,,Chennai,ios,order_3472,success,,1227,0
9d254662-c00e-461e-8a52-b3849938884c,merchant_paymind_demo,cust_164,2026-08-17T21:59:00,230.97,INR,debit_card,route_b,Yes Bank,,Hyderabad,android,order_3473,success,,1208,0
757e20b9-4af2-43f4-96ee-f8eafb32ea6b,merchant_paymind_demo,cust_711,2026-08-19T12:09:00,21758.65,INR,debit_card,route_c,Axis,,Delhi,ios,order_3474,success,,2041,0
994bf7a4-7cf7-4c7e-b675-877b434fce7f,merchant_paymind_demo,cust_265,2026-08-20T13:00:00,20115.29,INR,credit_card,route_d,Axis,,Pune,web,order_3475,success,,449,0
ecf0ac9f-e25f-4a7d-8f5a-268057a312cf,merchant_paymind_demo,cust_437,2026-08-08T17:29:00,13291.98,INR,UPI,route_d,ICICI,gpay,Delhi,ios,order_3476,success,,1203,0
81dabcf1-ed0f-447f-9212-4b4af7b4b0eb,merchant_paymind_demo,cust_706,2026-08-19T13:32:00,23115.47,INR,credit_card,route_d,HDFC,,Bengaluru,web,order_3477,success,,968,0
2c45e364-d1de-49ea-9698-e88c1d9a7159,merchant_paymind_demo,cust_313,2026-08-08T12:48:00,8587.46,INR,debit_card,route_c,Axis,,Hyderabad,web,order_3478,failed,bank_timeout,6741,0
659c8efa-4c8c-4c40-b8f1-0b23339a222b,merchant_paymind_demo,cust_939,2026-08-15T18:34:00,1015.0,INR,netbanking,route_a,HDFC,,Chennai,ios,order_3479,success,,583,0
9219f9f0-ff4a-47c0-947c-4c53ef061b15,merchant_paymind_demo,cust_863,2026-08-15T12:13:00,19619.34,INR,debit_card,route_c,Axis,,Kolkata,web,order_3480,success,,2185,0
b0501cc2-b55c-48a5-98b2-8b574268669b,merchant_paymind_demo,cust_704,2026-08-09T15:35:00,15237.62,INR,credit_card,route_c,SBI,,Hyderabad,web,order_3481,success,,1383,0
b7512f96-df6f-493e-9aab-1e1ed1d59948,merchant_paymind_demo,cust_468,2026-08-05T17:10:00,4725.94,INR,netbanking,route_b,Kotak,,Kolkata,android,order_3482,success,,967,0
a8527bd0-16ec-4412-a2ee-1d4a174eee1c,merchant_paymind_demo,cust_677,2026-08-09T00:22:00,13389.74,INR,debit_card,route_d,HDFC,,Mumbai,web,order_3483,success,,2033,0
41d05b88-8885-45c2-bbd5-4f6d8f74d343,merchant_paymind_demo,cust_537,2026-08-08T02:49:00,14587.96,INR,credit_card,route_c,ICICI,,Chennai,ios,order_3484,success,,430,0
39cc2e7f-51a1-4661-b24c-67f4bdc8bd9e,merchant_paymind_demo,cust_1137,2026-08-14T12:45:00,8109.62,INR,netbanking,route_a,HDFC,,Delhi,web,order_3485,success,,493,0
5277b859-309c-47b9-b6b8-bfa54db7c852,merchant_paymind_demo,cust_502,2026-08-14T02:31:00,12815.72,INR,credit_card,route_a,ICICI,,Pune,web,order_3486,success,,2343,0
b5b07ed0-839e-45b6-a4bf-2fcb2940ecf7,merchant_paymind_demo,cust_770,2026-08-04T06:31:00,13630.33,INR,UPI,route_b,SBI,bhim,Hyderabad,web,order_3487,success,,518,0
fc6e39c7-41dc-4889-af02-e552065c71e3,merchant_paymind_demo,cust_1123,2026-08-18T15:17:00,24955.38,INR,debit_card,route_a,Kotak,,Pune,android,order_3488,success,,779,0
701caa89-f35d-49ce-812e-22e499b35253,merchant_paymind_demo,cust_424,2026-08-11T09:36:00,7041.08,INR,debit_card,route_b,SBI,,Chennai,ios,order_3489,success,,386,0
bf2cd854-d4dd-4822-a90b-b99a4f7d79cc,merchant_paymind_demo,cust_922,2026-08-12T04:09:00,4184.23,INR,credit_card,route_d,HDFC,,Bengaluru,ios,order_3490,success,,1798,0
3d43cbee-a1fa-40eb-937f-444ce6e1c08a,merchant_paymind_demo,cust_754,2026-08-11T12:41:00,17436.1,INR,wallet,route_c,SBI,,Chennai,ios,order_3491,success,,1705,0
6175c7f1-03c2-4ba0-bfc0-479ff136db1c,merchant_paymind_demo,cust_754,2026-08-01T13:52:00,22281.26,INR,wallet,route_c,Yes Bank,,Delhi,web,order_3492,success,,1884,0
d6818f3b-9174-49d7-a93e-61a7dec492d7,merchant_paymind_demo,cust_170,2026-08-11T01:59:00,2912.59,INR,credit_card,route_c,SBI,,Mumbai,web,order_3493,success,,1218,0
dcbec618-ff7a-4df2-8258-e517a2dad9f7,merchant_paymind_demo,cust_329,2026-08-16T16:39:00,7857.92,INR,wallet,route_c,ICICI,,Kolkata,android,order_3494,success,,2156,0
82efda6a-44c7-494c-ac4f-309569f66b64,merchant_paymind_demo,cust_1026,2026-08-04T17:34:00,19382.31,INR,wallet,route_a,Axis,,Pune,ios,order_3495,success,,694,0
85814290-175a-441c-9cf2-5a1e05c39d95,merchant_paymind_demo,cust_379,2026-08-03T02:32:00,7519.27,INR,UPI,route_c,Axis,paytm,Pune,ios,order_3496,success,,1609,0
4282a94c-8c0f-4ed7-ab13-9e68862769b1,merchant_paymind_demo,cust_419,2026-08-01T22:02:00,19747.83,INR,credit_card,route_b,Axis,,Pune,ios,order_3497,success,,1373,0
b6aa0f64-36bb-48af-b861-0e3059971db9,merchant_paymind_demo,cust_1051,2026-08-17T15:01:00,19376.52,INR,netbanking,route_b,SBI,,Mumbai,android,order_3498,success,,1784,0
7aa2fcd9-57eb-4e06-9841-90189c95dccf,merchant_paymind_demo,cust_188,2026-08-18T21:08:00,4254.86,INR,credit_card,route_c,SBI,,Mumbai,web,order_3499,success,,1008,0
adc9de50-cf4f-4739-ab21-18dae16648d8,merchant_paymind_demo,cust_894,2026-08-06T07:33:00,7274.56,INR,wallet,route_a,Kotak,,Bengaluru,android,order_3500,success,,1021,0
c69d7ea6-1741-41ef-8fbf-4e370b2efefe,merchant_paymind_demo,cust_80,2026-08-09T05:32:00,17974.83,INR,UPI,route_b,SBI,bhim,Hyderabad,ios,order_3501,success,,550,0
008616bd-d579-44ca-adcf-4bf7665fc162,merchant_paymind_demo,cust_980,2026-08-14T19:55:00,22831.8,INR,UPI,route_a,ICICI,phonepe,Delhi,ios,order_3502,success,,1538,0
fe1b9889-7e03-4d28-a314-11063ec2cf61,merchant_paymind_demo,cust_1134,2026-08-14T12:35:00,2219.66,INR,netbanking,route_a,ICICI,,Kolkata,ios,order_3503,failed,bank_timeout,4146,0
553ebb4a-1d06-4ac5-9c60-056d5a89f055,merchant_paymind_demo,cust_969,2026-08-02T13:29:00,5093.11,INR,wallet,route_d,Yes Bank,,Delhi,ios,order_3504,success,,2051,0
9b27d382-c8b1-4e63-b256-de42a401181f,merchant_paymind_demo,cust_381,2026-08-12T05:33:00,6018.45,INR,wallet,route_b,HDFC,,Kolkata,android,order_3505,success,,917,0
b14e9040-6404-48b5-b227-5360b32764c4,merchant_paymind_demo,cust_177,2026-08-16T20:00:00,17708.35,INR,UPI,route_a,ICICI,gpay,Mumbai,ios,order_3506,success,,1550,0
d85c1d8a-09a8-4133-8d6e-42a1de7d9024,merchant_paymind_demo,cust_1077,2026-08-14T16:57:00,1315.95,INR,wallet,route_a,Kotak,,Chennai,web,order_3507,failed,gateway_error,4474,0
3f3727de-7206-4342-97c1-43a0e0267d5a,merchant_paymind_demo,cust_240,2026-08-19T18:17:00,14328.36,INR,debit_card,route_a,Kotak,,Delhi,android,order_3508,success,,1188,0
9544ea77-7e9c-43aa-b26f-1255c4c0762e,merchant_paymind_demo,cust_1151,2026-08-17T13:04:00,20425.19,INR,credit_card,route_b,HDFC,,Chennai,android,order_3509,success,,1256,0
3d2fcb59-57d2-4ff5-912d-ad8d6a41abd2,merchant_paymind_demo,cust_817,2026-08-12T03:05:00,1393.17,INR,netbanking,route_c,Yes Bank,,Pune,android,order_3510,success,,2283,0
1376f09c-0e75-4972-8d54-c7ebc2245028,merchant_paymind_demo,cust_446,2026-08-16T17:15:00,13719.0,INR,UPI,route_a,Kotak,gpay,Hyderabad,ios,order_3511,failed,invalid_otp,2292,0
a9cf4ae8-091c-47d0-8523-2f2d6961b6d5,merchant_paymind_demo,cust_62,2026-08-03T13:10:00,6017.48,INR,debit_card,route_b,ICICI,,Mumbai,android,order_3512,success,,1415,0
50fc86c7-b563-4b5f-8e27-e256575b2591,merchant_paymind_demo,cust_881,2026-08-01T15:11:00,23955.83,INR,debit_card,route_a,SBI,,Hyderabad,ios,order_3513,success,,1900,0
206d2b3c-05e6-415e-bd49-e6af0547f053,merchant_paymind_demo,cust_1016,2026-08-11T07:49:00,8701.47,INR,debit_card,route_b,SBI,,Pune,web,order_3514,success,,2181,0
62e3a619-f937-4ea6-93f3-8f16ac9eef93,merchant_paymind_demo,cust_773,2026-08-18T04:49:00,18672.33,INR,credit_card,route_a,Axis,,Mumbai,android,order_3515,success,,2337,0
cd18af95-8c3a-405d-9743-02b8400777ea,merchant_paymind_demo,cust_191,2026-08-15T20:15:00,24311.87,INR,wallet,route_a,SBI,,Kolkata,web,order_3516,success,,2100,0
230f13f9-a4c0-4a4a-aadf-25dca8c72553,merchant_paymind_demo,cust_1175,2026-08-14T22:15:00,9508.94,INR,UPI,route_b,HDFC,bhim,Chennai,ios,order_3517,success,,393,0
caa4eda8-8084-4e44-b449-7adf7971bca0,merchant_paymind_demo,cust_576,2026-08-10T03:52:00,22854.23,INR,UPI,route_d,Axis,,Delhi,web,order_3518,success,,860,0
5a6095d8-820b-4fbe-96f8-7b30c6f2f374,merchant_paymind_demo,cust_945,2026-08-02T08:22:00,780.49,INR,credit_card,route_a,Yes Bank,,Pune,ios,order_3519,success,,2441,0
84ae9ebf-fa82-4ea9-9809-32c7353a3797,merchant_paymind_demo,cust_1188,2026-08-12T06:35:00,21672.86,INR,UPI,route_a,SBI,gpay,Hyderabad,ios,order_3520,success,,1110,0
29fceb3c-db9e-4148-a17f-feb0ce23038d,merchant_paymind_demo,cust_611,2026-08-05T21:41:00,21117.28,INR,credit_card,route_d,SBI,,Hyderabad,ios,order_3521,success,,1500,0
9d5d7a18-d9c3-4db2-9c8b-c0f2af5a05bf,merchant_paymind_demo,cust_1110,2026-08-16T18:44:00,13177.01,INR,debit_card,route_b,Kotak,,Pune,android,order_3522,success,,1296,0
01a0ff2d-e210-4349-874e-a54cc47dcf95,merchant_paymind_demo,cust_11,2026-08-20T03:09:00,14465.36,INR,netbanking,route_b,ICICI,,Hyderabad,ios,order_3523,success,,879,0
b4a3b288-3720-4a22-9809-267b671ba904,merchant_paymind_demo,cust_692,2026-08-17T21:36:00,6894.97,INR,debit_card,route_c,HDFC,,Delhi,web,order_3524,success,,768,0
9f8fce45-7b03-4a35-9f4d-115274f6d41f,merchant_paymind_demo,cust_50,2026-08-05T21:17:00,22987.48,INR,wallet,route_b,ICICI,,Chennai,ios,order_3525,success,,1144,0
8aeb3d50-08c1-49dc-b7c6-4ca1e1261b5a,merchant_paymind_demo,cust_401,2026-08-10T00:28:00,21956.96,INR,wallet,route_b,ICICI,,Delhi,web,order_3526,success,,369,0
b2aa2456-165d-43a2-87ea-f41a2552584d,merchant_paymind_demo,cust_483,2026-08-10T08:34:00,6420.64,INR,UPI,route_c,Kotak,paytm,Chennai,ios,order_3527,success,,1420,0
7734975a-72a1-45c8-b6e9-95beecea4d53,merchant_paymind_demo,cust_983,2026-08-17T04:41:00,6680.44,INR,wallet,route_d,ICICI,,Chennai,android,order_3528,success,,833,0
c5ae4a47-dd09-4815-83b8-9b290cc86f88,merchant_paymind_demo,cust_217,2026-08-11T09:47:00,8356.26,INR,UPI,route_b,Kotak,bhim,Chennai,ios,order_3529,success,,452,0
ea8e543b-497c-4c09-a38d-cf55aa9aafaf,merchant_paymind_demo,cust_1052,2026-08-07T20:52:00,171.53,INR,UPI,route_a,HDFC,paytm,Bengaluru,android,order_3530,success,,1814,0
cbc215ea-ebe5-4ce7-ae54-bd800f80fc5b,merchant_paymind_demo,cust_231,2026-08-17T01:58:00,7824.57,INR,netbanking,route_b,Yes Bank,,Chennai,android,order_3531,success,,597,0
80b68978-d573-4703-95b4-31f3f7a254cb,merchant_paymind_demo,cust_243,2026-08-03T07:41:00,7707.55,INR,netbanking,route_a,ICICI,,Chennai,android,order_3532,success,,665,0
bd04af81-7f06-4ab1-ad58-98940e92c885,merchant_paymind_demo,cust_819,2026-08-18T00:47:00,18721.14,INR,wallet,route_c,SBI,,Bengaluru,web,order_3533,success,,1404,0
3eca71e4-9318-4254-ad5c-85dce3c5624e,merchant_paymind_demo,cust_529,2026-08-04T23:49:00,18550.89,INR,netbanking,route_b,Axis,,Hyderabad,ios,order_3534,success,,1248,0
9ce328f7-a492-492d-ad79-d952eb1818a6,merchant_paymind_demo,cust_547,2026-08-19T08:42:00,731.2,INR,netbanking,route_c,Yes Bank,,Bengaluru,web,order_3535,success,,1589,0
79f25a88-dd59-4ae4-9f12-f125bafe7eb0,merchant_paymind_demo,cust_1161,2026-08-09T01:25:00,16880.45,INR,debit_card,route_d,HDFC,,Mumbai,android,order_3536,success,,328,0
ab225895-93dc-4093-b328-d3831f9db631,merchant_paymind_demo,cust_848,2026-08-15T15:27:00,24486.48,INR,UPI,route_b,Axis,phonepe,Delhi,web,order_3537,success,,1841,0
18275444-ce15-400f-90dc-881737495539,merchant_paymind_demo,cust_547,2026-08-16T15:11:00,3186.41,INR,wallet,route_a,Yes Bank,,Kolkata,web,order_3538,success,,2122,0
c428a9e0-d70d-4e2b-a895-50ba42e5e54e,merchant_paymind_demo,cust_1087,2026-08-06T06:34:00,13400.23,INR,credit_card,route_a,Kotak,,Bengaluru,web,order_3539,success,,2147,0
1b8b02cd-3a0a-4a8b-bf66-e9eed0a7d945,merchant_paymind_demo,cust_1200,2026-08-05T09:46:00,6503.01,INR,UPI,route_a,Axis,paytm,Mumbai,web,order_3540,success,,764,0
aed785ec-720c-48cf-b3c8-e94dc638130e,merchant_paymind_demo,cust_532,2026-08-20T11:33:00,22295.16,INR,UPI,route_a,ICICI,paytm,Kolkata,web,order_3541,success,,1331,0
e40b6406-3a64-4022-b990-78577766375c,merchant_paymind_demo,cust_971,2026-08-19T11:58:00,11611.78,INR,wallet,route_a,Yes Bank,,Chennai,android,order_3542,success,,2294,0
a95ce9e9-d076-4c18-b8f1-665460e2deb1,merchant_paymind_demo,cust_1181,2026-08-08T15:09:00,21913.01,INR,wallet,route_a,SBI,,Kolkata,android,order_3543,success,,1755,0
87da1e19-e312-4197-ba3a-87ec8cf85b1b,merchant_paymind_demo,cust_793,2026-08-10T17:36:00,14423.14,INR,debit_card,route_c,ICICI,,Kolkata,android,order_3544,success,,2249,0
8ec1ac77-9cdd-4a71-9165-fae314ceed63,merchant_paymind_demo,cust_268,2026-08-11T19:13:00,8602.73,INR,debit_card,route_a,HDFC,,Mumbai,ios,order_3545,success,,573,0
0befc764-8566-41de-bfb5-d1a099acdf2f,merchant_paymind_demo,cust_627,2026-08-11T11:44:00,14519.96,INR,netbanking,route_c,Yes Bank,,Kolkata,ios,order_3546,success,,1054,0
2321c315-7eff-4a5e-8648-9ac0cbe2669d,merchant_paymind_demo,cust_241,2026-08-19T13:42:00,10262.02,INR,credit_card,route_b,Kotak,,Delhi,android,order_3547,success,,2030,0
3c51de1d-f3d5-49bd-9f8f-90db9cd06cea,merchant_paymind_demo,cust_1054,2026-08-14T18:58:00,12186.01,INR,debit_card,route_a,Yes Bank,,Pune,android,order_3548,success,,517,0
b26d5874-65c5-4cf9-bc3e-85bbbab7005f,merchant_paymind_demo,cust_953,2026-08-13T15:45:00,24150.6,INR,UPI,route_a,ICICI,,Bengaluru,web,order_3549,success,,1683,0
06ab57ea-86d5-40d2-afa1-5758c052bd36,merchant_paymind_demo,cust_154,2026-08-17T18:51:00,18473.98,INR,netbanking,route_a,SBI,,Kolkata,web,order_3550,success,,1535,0
d107c3b4-0584-414f-8701-05a2622d0520,merchant_paymind_demo,cust_591,2026-08-04T22:52:00,15656.56,INR,wallet,route_b,SBI,,Pune,ios,order_3551,success,,913,0
8582079d-e67f-4ae6-83ec-624caff39965,merchant_paymind_demo,cust_437,2026-08-11T23:59:00,4266.1,INR,wallet,route_d,Yes Bank,,Bengaluru,ios,order_3552,success,,2314,0
2c7810fb-5c8e-49a6-9382-891b64d5ad44,merchant_paymind_demo,cust_256,2026-08-16T00:11:00,5242.56,INR,wallet,route_b,Axis,,Bengaluru,ios,order_3553,success,,1421,0
61fb61f0-8a9e-413f-aca9-4898f1fcf62c,merchant_paymind_demo,cust_968,2026-08-03T04:21:00,20707.07,INR,netbanking,route_c,Kotak,,Hyderabad,android,order_3554,success,,565,0
52f04ee7-5735-4a36-83bc-b55062fd367b,merchant_paymind_demo,cust_960,2026-08-01T20:29:00,16894.64,INR,wallet,route_c,HDFC,,Pune,android,order_3555,success,,2297,0
7393ca82-8d96-4b79-b9ff-5f6755221fb3,merchant_paymind_demo,cust_854,2026-08-03T17:07:00,1947.86,INR,wallet,route_d,SBI,,Bengaluru,ios,order_3556,success,,634,0
a2f6db1f-7859-4fc4-817f-cb18da31a17e,merchant_paymind_demo,cust_1034,2026-08-06T11:40:00,1555.75,INR,UPI,route_d,SBI,paytm,Delhi,web,order_3557,success,,1536,0
1a7f5765-acb0-41ea-8315-b0c02ed92cf1,merchant_paymind_demo,cust_1058,2026-08-13T10:31:00,21456.57,INR,netbanking,route_c,Yes Bank,,Delhi,android,order_3558,success,,2335,0
82c661b4-0612-48b6-b1a6-0d501784bd56,merchant_paymind_demo,cust_1146,2026-08-16T08:28:00,20977.62,INR,netbanking,route_d,Axis,,Mumbai,android,order_3559,success,,2220,0
3be297fe-60f3-4e9d-997d-089fb43a8b20,merchant_paymind_demo,cust_248,2026-08-15T09:26:00,3718.44,INR,wallet,route_b,ICICI,,Bengaluru,android,order_3560,success,,942,0
af7517a3-ae17-48fd-b64c-a2b8daa35c2a,merchant_paymind_demo,cust_1137,2026-08-19T20:22:00,818.32,INR,UPI,route_b,ICICI,bhim,Chennai,web,order_3561,success,,547,0
92ad3bc8-6289-45ed-bf5b-60615392bdfc,merchant_paymind_demo,cust_832,2026-08-10T08:58:00,18213.92,INR,wallet,route_b,Kotak,,Chennai,ios,order_3562,success,,1132,0
7a2ce9e0-8c34-4bce-a525-e9a876be732d,merchant_paymind_demo,cust_1170,2026-08-15T17:07:00,24936.61,INR,wallet,route_d,HDFC,,Chennai,ios,order_3563,success,,1948,0
5695da52-15cd-45fa-af50-3bbadfea99c6,merchant_paymind_demo,cust_223,2026-08-18T11:43:00,17946.12,INR,wallet,route_a,ICICI,,Pune,web,order_3564,success,,2234,0
da4c070b-55b6-48f5-b1f8-b55e61c1ab1a,merchant_paymind_demo,cust_44,2026-08-11T04:07:00,1213.75,INR,UPI,route_b,Axis,,Kolkata,android,order_3565,success,,2461,0
a4be81ce-2c96-45ed-88c4-10deb0a7068c,merchant_paymind_demo,cust_854,2026-08-17T05:43:00,17640.97,INR,wallet,route_d,Kotak,,Delhi,android,order_3566,success,,449,0
c8b49cf0-ee9f-43cd-916c-f53d2ec7deb4,merchant_paymind_demo,cust_72,2026-08-13T23:38:00,24099.37,INR,netbanking,route_b,SBI,,Hyderabad,ios,order_3567,success,,933,0
a4f6838a-ef6e-4403-b88b-58408dca4a5c,merchant_paymind_demo,cust_624,2026-08-13T07:21:00,11034.44,INR,netbanking,route_d,Yes Bank,,Delhi,web,order_3568,success,,1978,0
3ed9e6d4-6cae-44df-b757-f3c60fcd9b54,merchant_paymind_demo,cust_973,2026-08-19T04:03:00,7195.61,INR,debit_card,route_c,SBI,,Chennai,ios,order_3569,success,,2108,0
4dd802c6-0fd8-4b7e-b00e-51fe08e57ba3,merchant_paymind_demo,cust_810,2026-08-09T04:51:00,16940.69,INR,credit_card,route_a,Kotak,,Hyderabad,android,order_3570,success,,2356,0
cde76a2e-19e9-4a04-9d6f-ec43dd010858,merchant_paymind_demo,cust_556,2026-08-12T08:11:00,11941.89,INR,UPI,route_c,HDFC,gpay,Delhi,ios,order_3571,success,,1667,0
62eede4f-f75b-478d-af19-f8b79c756572,merchant_paymind_demo,cust_125,2026-08-05T05:31:00,10964.71,INR,credit_card,route_b,Axis,,Hyderabad,android,order_3572,success,,538,0
1d2f8cdd-c82d-45ab-9639-2f2a73d5a61c,merchant_paymind_demo,cust_797,2026-08-16T02:15:00,23803.28,INR,credit_card,route_c,SBI,,Delhi,ios,order_3573,success,,2115,0
53f18bb4-aea1-481f-a638-07a311d73c76,merchant_paymind_demo,cust_68,2026-08-11T12:00:00,18849.47,INR,credit_card,route_c,HDFC,,Pune,ios,order_3574,success,,1230,0
85aa17a8-e41a-456b-8dea-ebc9a72898e2,merchant_paymind_demo,cust_1055,2026-08-08T19:13:00,3708.61,INR,debit_card,route_b,SBI,,Chennai,ios,order_3575,success,,2260,0
52015db1-5890-460e-a672-c17e6255c800,merchant_paymind_demo,cust_702,2026-08-17T02:42:00,13971.6,INR,debit_card,route_d,Yes Bank,,Hyderabad,web,order_3576,success,,401,0
66d32eda-a8ed-4a03-a8d6-04c0616fd35c,merchant_paymind_demo,cust_734,2026-08-20T03:03:00,20965.17,INR,UPI,route_b,Axis,bhim,Hyderabad,android,order_3577,success,,1095,0
b4145b34-6d80-41e1-be51-9099c282b152,merchant_paymind_demo,cust_473,2026-08-05T22:33:00,24823.09,INR,credit_card,route_b,ICICI,,Hyderabad,ios,order_3578,success,,1939,0
b14f09d0-e865-4c2f-860d-3597c14291c6,merchant_paymind_demo,cust_1065,2026-08-06T06:05:00,11660.56,INR,credit_card,route_b,Axis,,Pune,android,order_3579,success,,1062,0
70e1fdc5-7277-4441-a360-3a0e8733a7c3,merchant_paymind_demo,cust_426,2026-08-03T07:42:00,931.86,INR,debit_card,route_b,Yes Bank,,Chennai,web,order_3580,success,,517,0
6f5b5525-870b-4b1f-ba15-9c982f50bedf,merchant_paymind_demo,cust_1197,2026-08-08T02:29:00,3607.24,INR,UPI,route_b,SBI,gpay,Delhi,web,order_3581,success,,2125,0
edfbc548-76ce-4dbf-aa47-4d1dce182488,merchant_paymind_demo,cust_392,2026-08-06T07:22:00,22177.89,INR,UPI,route_b,Yes Bank,gpay,Pune,web,order_3582,success,,2407,0
09425662-8f3b-4f92-833c-4e330ad426f7,merchant_paymind_demo,cust_752,2026-08-10T01:42:00,15883.7,INR,credit_card,route_a,ICICI,,Bengaluru,web,order_3583,success,,2294,0
048812b7-3098-4d37-aee4-d41979a137e7,merchant_paymind_demo,cust_26,2026-08-07T03:07:00,11645.26,INR,wallet,route_d,HDFC,,Hyderabad,web,order_3584,success,,1822,0
ac423e18-55b9-42a3-9e37-b2ae6664cfd8,merchant_paymind_demo,cust_863,2026-08-14T00:02:00,16485.19,INR,UPI,route_a,Yes Bank,bhim,Bengaluru,ios,order_3585,success,,1760,0
58f4b390-6f63-4015-bc00-542fb8af8f07,merchant_paymind_demo,cust_296,2026-08-03T04:21:00,9222.84,INR,debit_card,route_b,Axis,,Hyderabad,web,order_3586,success,,944,0
07c7c5d4-cbb5-4ba4-ad49-3082ea350881,merchant_paymind_demo,cust_662,2026-08-05T16:38:00,17846.55,INR,netbanking,route_d,ICICI,,Pune,web,order_3587,success,,2055,0
f930b26e-e46c-4c85-8441-fe62f2716ac0,merchant_paymind_demo,cust_419,2026-08-06T23:40:00,18159.4,INR,wallet,route_b,Kotak,,Hyderabad,android,order_3588,success,,455,0
b9061559-53c9-432f-9d2f-29bdb174cb95,merchant_paymind_demo,cust_960,2026-08-16T09:41:00,16819.65,INR,credit_card,route_b,Yes Bank,,Delhi,android,order_3589,success,,1824,0
22504e0f-13e6-461d-a055-66bc40c4602e,merchant_paymind_demo,cust_194,2026-08-14T12:19:00,12769.74,INR,UPI,route_d,SBI,paytm,Kolkata,android,order_3590,success,,422,0
6c6ec0bd-2a9a-408a-8a40-d76db179bfb2,merchant_paymind_demo,cust_812,2026-08-10T22:03:00,10888.32,INR,credit_card,route_d,Yes Bank,,Pune,android,order_3591,success,,1951,0
c0fa856a-e46d-4342-8897-7488d5d4f12c,merchant_paymind_demo,cust_610,2026-08-12T05:54:00,10467.9,INR,netbanking,route_a,SBI,,Kolkata,web,order_3592,success,,2478,0
51950c97-7204-4606-92ab-3ad238b6cbd5,merchant_paymind_demo,cust_1146,2026-08-14T06:42:00,8991.45,INR,netbanking,route_a,Yes Bank,,Mumbai,android,order_3593,success,,2461,0
a5000783-490d-4aba-aa7d-fcd782d2f637,merchant_paymind_demo,cust_301,2026-08-20T11:46:00,11769.08,INR,debit_card,route_b,ICICI,,Mumbai,ios,order_3594,success,,1743,0
d98a2885-b66a-4cb2-8f58-0939040f5295,merchant_paymind_demo,cust_496,2026-08-16T09:44:00,11072.07,INR,wallet,route_b,Kotak,,Pune,ios,order_3595,success,,1233,0
dc54395b-1c1e-4d3d-a022-ed3217edf831,merchant_paymind_demo,cust_690,2026-08-14T13:45:00,7261.31,INR,wallet,route_b,Kotak,,Hyderabad,ios,order_3596,success,,1612,0
7e964d7b-c654-478a-85e9-b39a9b552c0f,merchant_paymind_demo,cust_892,2026-08-18T17:16:00,16579.94,INR,debit_card,route_c,ICICI,,Mumbai,ios,order_3597,success,,538,0
bda5b944-8c05-4a34-931b-7e35564af64a,merchant_paymind_demo,cust_65,2026-08-02T05:15:00,3782.94,INR,wallet,route_a,HDFC,,Pune,android,order_3598,success,,2215,0
6f5d5009-a9ff-49e1-86fc-8015f5bb5692,merchant_paymind_demo,cust_771,2026-08-06T00:56:00,17088.26,INR,credit_card,route_b,SBI,,Pune,ios,order_3599,success,,2189,0
d59aa490-e797-49e9-9064-0e0b8147eacd,merchant_paymind_demo,cust_381,2026-08-04T20:50:00,23679.49,INR,credit_card,route_b,SBI,,Hyderabad,ios,order_3600,success,,1397,0
ba91a8fa-f0d0-48ef-a5ec-7851d057bf92,merchant_paymind_demo,cust_134,2026-08-10T16:41:00,16704.92,INR,wallet,route_a,HDFC,,Hyderabad,android,order_3601,success,,436,0
fa7e89c8-175e-4a30-852c-374c3853bb45,merchant_paymind_demo,cust_1124,2026-08-12T19:39:00,10798.25,INR,wallet,route_a,Yes Bank,,Chennai,android,order_3602,failed,bank_timeout,5386,0
a766cb0e-3e99-4c3f-ba6c-e5a26a4e1e62,merchant_paymind_demo,cust_917,2026-08-18T14:27:00,19231.4,INR,debit_card,route_b,Yes Bank,,Chennai,web,order_3603,success,,1763,0
85aabdc8-7beb-478f-a032-22cc199bf1ae,merchant_paymind_demo,cust_573,2026-08-03T01:53:00,12134.38,INR,wallet,route_d,HDFC,,Kolkata,web,order_3604,success,,395,0
3a844824-2f6c-441f-a784-7b1fe71ad7d6,merchant_paymind_demo,cust_199,2026-08-10T10:33:00,7351.26,INR,wallet,route_c,Yes Bank,,Hyderabad,android,order_3605,success,,359,0
ed1708dc-d146-4e27-ba16-a96da2360898,merchant_paymind_demo,cust_1006,2026-08-19T12:53:00,6210.77,INR,debit_card,route_c,Axis,,Chennai,web,order_3606,success,,1529,0
1383bc6d-69db-4ab3-83ae-d4c98cbdeab5,merchant_paymind_demo,cust_438,2026-08-16T16:06:00,24012.02,INR,debit_card,route_b,Kotak,,Chennai,web,order_3607,success,,533,0
24e6dd00-579a-4853-a768-e534565db34f,merchant_paymind_demo,cust_1173,2026-08-01T16:22:00,16496.56,INR,debit_card,route_d,Axis,,Bengaluru,android,order_3608,success,,1083,0
5bae5b99-09b3-4741-9385-3554b67fb62d,merchant_paymind_demo,cust_621,2026-08-17T20:13:00,11261.53,INR,netbanking,route_a,Kotak,,Hyderabad,web,order_3609,success,,2358,0
fbbb07b8-a5c8-4cdf-8018-a58fc0a8b769,merchant_paymind_demo,cust_561,2026-08-06T14:04:00,20391.44,INR,credit_card,route_c,HDFC,,Hyderabad,ios,order_3610,success,,2381,0
370cfc3f-cec9-4a5a-9c28-fd4524636d45,merchant_paymind_demo,cust_1031,2026-08-01T22:09:00,9907.03,INR,debit_card,route_c,HDFC,,Delhi,android,order_3611,success,,484,0
595e08bd-9e04-4e7f-9823-0ba2ddec46b5,merchant_paymind_demo,cust_799,2026-08-07T09:08:00,9862.37,INR,wallet,route_b,SBI,,Delhi,ios,order_3612,success,,1251,0
3c31d0eb-ce97-4b64-9537-2d40cb5e8c9a,merchant_paymind_demo,cust_831,2026-08-14T12:52:00,8282.92,INR,debit_card,route_a,ICICI,,Kolkata,android,order_3613,success,,1756,0
074feb83-39e0-4d60-a642-938ca273ad52,merchant_paymind_demo,cust_482,2026-08-12T11:28:00,11324.24,INR,netbanking,route_a,Kotak,,Hyderabad,android,order_3614,failed,bank_timeout,4704,0
f7c4cc44-9b81-44b2-806e-bb74c212b70d,merchant_paymind_demo,cust_596,2026-08-09T16:29:00,10707.81,INR,debit_card,route_c,Kotak,,Kolkata,android,order_3615,success,,1168,0
b0cd948e-2701-4efe-998c-8e11cbb68189,merchant_paymind_demo,cust_904,2026-08-07T06:50:00,11515.92,INR,netbanking,route_a,Yes Bank,,Pune,android,order_3616,success,,2045,0
4749990d-a259-45d4-b1ec-c3754744c0ed,merchant_paymind_demo,cust_238,2026-08-19T11:43:00,8483.83,INR,UPI,route_b,Yes Bank,,Kolkata,web,order_3617,success,,1959,0
05289bb9-588e-4214-a17d-d928451f8edc,merchant_paymind_demo,cust_1129,2026-08-18T22:42:00,10248.94,INR,debit_card,route_a,Yes Bank,,Hyderabad,web,order_3618,success,,481,0
efcb4bd6-06f6-4bb9-8db3-d2537334e962,merchant_paymind_demo,cust_620,2026-08-03T18:58:00,7880.71,INR,UPI,route_b,ICICI,phonepe,Bengaluru,android,order_3619,success,,2003,0
2b1be3ba-4847-41fa-85dc-d37e6e6d5685,merchant_paymind_demo,cust_458,2026-08-12T17:35:00,7879.19,INR,netbanking,route_a,HDFC,,Delhi,web,order_3620,failed,invalid_otp,8434,0
05ef23bc-f7c9-4668-9ca2-c5893946ca28,merchant_paymind_demo,cust_1063,2026-08-01T06:18:00,2692.9,INR,netbanking,route_a,HDFC,,Delhi,ios,order_3621,success,,1749,0
7f713a0b-15e7-4683-9a44-d97739cd9317,merchant_paymind_demo,cust_1110,2026-08-03T02:35:00,22784.96,INR,netbanking,route_a,Axis,,Pune,web,order_3622,success,,671,0
a998e098-1018-47be-b166-52a886dde462,merchant_paymind_demo,cust_1164,2026-08-18T12:55:00,14481.04,INR,wallet,route_b,Axis,,Pune,web,order_3623,success,,1830,0
cfb66f2d-fc19-472e-b79c-b99b4a4eb872,merchant_paymind_demo,cust_689,2026-08-03T17:58:00,14410.89,INR,UPI,route_b,Kotak,bhim,Hyderabad,ios,order_3624,success,,633,0
caee819a-0a1c-4353-8d17-6f5197c83582,merchant_paymind_demo,cust_1009,2026-08-02T17:56:00,12101.53,INR,wallet,route_a,Yes Bank,,Bengaluru,web,order_3625,success,,904,0
138bec70-d831-4b0f-84bf-c4ed7ed76439,merchant_paymind_demo,cust_334,2026-08-18T02:15:00,20897.66,INR,wallet,route_c,HDFC,,Chennai,web,order_3626,success,,715,0
121e1ced-887c-47ec-a1aa-f517d8ab3e2b,merchant_paymind_demo,cust_315,2026-08-14T10:45:00,5539.08,INR,wallet,route_b,HDFC,,Kolkata,android,order_3627,success,,1444,0
e6758f7c-2abf-4a18-aea3-e72ed8ff77a5,merchant_paymind_demo,cust_277,2026-08-01T22:59:00,14085.31,INR,wallet,route_c,HDFC,,Pune,android,order_3628,success,,1173,0
b0e5238f-74a8-4b73-9c7f-8228db678a87,merchant_paymind_demo,cust_150,2026-08-11T17:19:00,12425.87,INR,netbanking,route_c,Axis,,Delhi,web,order_3629,success,,2138,0
b8c37afe-d502-4201-827e-7a3404cce55d,merchant_paymind_demo,cust_796,2026-08-10T02:08:00,2700.11,INR,debit_card,route_b,Axis,,Kolkata,web,order_3630,success,,837,0
be3a1273-8dbd-4e5d-94d4-436e4692159b,merchant_paymind_demo,cust_122,2026-08-09T20:04:00,14818.13,INR,UPI,route_c,HDFC,bhim,Bengaluru,ios,order_3631,success,,682,0
a2c020c6-976a-46b1-a13b-0745cbb5faf3,merchant_paymind_demo,cust_1136,2026-08-10T19:43:00,1249.25,INR,credit_card,route_a,Kotak,,Mumbai,android,order_3632,success,,839,0
d0e6bcb3-7baf-4b9d-a9f1-445bd5c9c102,merchant_paymind_demo,cust_454,2026-08-05T10:51:00,1529.22,INR,credit_card,route_c,SBI,,Hyderabad,web,order_3633,success,,2380,0
a5b5f56b-8902-40f0-9c2b-a22937c91749,merchant_paymind_demo,cust_278,2026-08-02T08:31:00,10758.32,INR,netbanking,route_b,ICICI,,Mumbai,ios,order_3634,success,,1696,0
2b67a4fc-fb1d-4686-9191-02030d15a120,merchant_paymind_demo,cust_1035,2026-08-16T22:54:00,15152.26,INR,wallet,route_a,HDFC,,Hyderabad,web,order_3635,success,,1884,0
404bffa5-1133-4487-93eb-e731d69db273,merchant_paymind_demo,cust_829,2026-08-20T13:46:00,13711.94,INR,UPI,route_c,SBI,gpay,Bengaluru,android,order_3636,success,,664,0
a9bd6e5e-6f4e-4372-b7c1-22a2f48c2fbb,merchant_paymind_demo,cust_101,2026-08-20T04:08:00,5467.95,INR,UPI,route_d,HDFC,,Mumbai,ios,order_3637,success,,1422,0
8915302d-e150-4c61-9e12-8777a4d17a32,merchant_paymind_demo,cust_1141,2026-08-18T11:48:00,382.56,INR,UPI,route_c,Yes Bank,bhim,Kolkata,android,order_3638,success,,608,0
5602ec29-3dab-4846-933e-beb606191275,merchant_paymind_demo,cust_210,2026-08-06T20:10:00,1001.62,INR,wallet,route_b,SBI,,Chennai,web,order_3639,success,,1633,0
b01986ed-5d9a-4cac-805f-70b419131cce,merchant_paymind_demo,cust_722,2026-08-01T16:17:00,20514.66,INR,debit_card,route_a,Kotak,,Pune,web,order_3640,success,,1661,0
3179702d-e301-41f3-9a3e-cfbc189acc30,merchant_paymind_demo,cust_270,2026-08-16T18:05:00,23619.38,INR,wallet,route_c,SBI,,Chennai,ios,order_3641,failed,bank_timeout,7605,0
57ebc1ef-ae23-4e99-b70f-ed5c06f4d367,merchant_paymind_demo,cust_714,2026-08-14T00:06:00,16363.84,INR,wallet,route_d,SBI,,Delhi,web,order_3642,success,,1423,0
bb2bb9bd-c36b-468f-a6ac-daa4223ee4a4,merchant_paymind_demo,cust_33,2026-08-07T14:34:00,15526.44,INR,UPI,route_d,Yes Bank,bhim,Chennai,android,order_3643,success,,1595,0
42617cf3-2dfa-42e2-b6b0-e17bee4e2c66,merchant_paymind_demo,cust_1093,2026-08-07T13:05:00,11380.78,INR,credit_card,route_d,Kotak,,Mumbai,web,order_3644,success,,1714,0
f2991029-2452-4b38-a090-7cf229846e14,merchant_paymind_demo,cust_801,2026-08-20T11:51:00,24181.43,INR,credit_card,route_d,ICICI,,Hyderabad,web,order_3645,failed,gateway_error,3011,0
342cd817-2c0d-4830-b6e2-12824484c8c4,merchant_paymind_demo,cust_769,2026-08-12T19:18:00,8038.21,INR,netbanking,route_a,ICICI,,Kolkata,web,order_3646,success,,1886,0
a171eeb7-cef2-470c-9d48-fdb7d451ff79,merchant_paymind_demo,cust_914,2026-08-09T19:56:00,2165.82,INR,credit_card,route_d,Axis,,Delhi,web,order_3647,success,,1934,0
5f3e15e4-030d-472d-9448-f7ad4ae8eda8,merchant_paymind_demo,cust_389,2026-08-08T00:27:00,14939.26,INR,netbanking,route_b,SBI,,Kolkata,ios,order_3648,failed,gateway_error,5957,0
1aa79f62-b26a-4541-b889-602d8c41ab16,merchant_paymind_demo,cust_757,2026-08-09T14:41:00,3977.16,INR,UPI,route_d,Yes Bank,bhim,Kolkata,web,order_3649,success,,1509,0
4f3113d3-de76-4ca7-9fb8-4e10fe47632b,merchant_paymind_demo,cust_746,2026-08-19T16:50:00,23372.18,INR,UPI,route_b,ICICI,gpay,Pune,android,order_3650,success,,1620,0
02d02543-62f1-4f56-af92-98bbd08cf696,merchant_paymind_demo,cust_416,2026-08-08T17:47:00,3826.72,INR,credit_card,route_d,HDFC,,Mumbai,web,order_3651,success,,1614,0
4e71a75d-8565-4abc-a9c3-d0cef9763c1d,merchant_paymind_demo,cust_633,2026-08-14T15:47:00,9792.45,INR,wallet,route_a,Axis,,Delhi,android,order_3652,success,,1782,0
fbec7a95-b685-41bf-a2bc-72c0040e9138,merchant_paymind_demo,cust_308,2026-08-01T04:30:00,15667.14,INR,UPI,route_b,SBI,phonepe,Kolkata,android,order_3653,success,,1071,0
1ad5a492-af61-455e-9b73-52ee7a95f577,merchant_paymind_demo,cust_761,2026-08-10T09:56:00,465.62,INR,UPI,route_b,SBI,phonepe,Delhi,android,order_3654,success,,819,0
46a6fd7b-b92e-4f92-8871-0789aeacf82e,merchant_paymind_demo,cust_175,2026-08-04T08:13:00,23037.85,INR,UPI,route_c,SBI,phonepe,Pune,android,order_3655,failed,invalid_otp,7720,0
5101e0c6-40a7-4677-8822-8a961726b7fb,merchant_paymind_demo,cust_64,2026-08-19T08:58:00,22588.51,INR,UPI,route_d,Kotak,phonepe,Bengaluru,web,order_3656,success,,1106,0
e9d8d5de-92c5-43e0-8cc6-989184735bf9,merchant_paymind_demo,cust_987,2026-08-14T11:10:00,19063.37,INR,netbanking,route_b,Yes Bank,,Kolkata,ios,order_3657,success,,484,0
cd83a366-83db-46c2-aa08-052b5e0c72bf,merchant_paymind_demo,cust_236,2026-08-10T17:14:00,23267.47,INR,credit_card,route_b,ICICI,,Mumbai,android,order_3658,success,,2315,0
8fda6bcf-ff2a-4284-8066-284478d3e9da,merchant_paymind_demo,cust_1059,2026-08-02T20:07:00,12581.09,INR,wallet,route_a,HDFC,,Kolkata,web,order_3659,success,,1868,0
7ecfd543-f310-4526-8a7b-6a6a6301d96c,merchant_paymind_demo,cust_334,2026-08-10T07:02:00,8627.9,INR,credit_card,route_d,Kotak,,Kolkata,web,order_3660,success,,2082,0
898d46b2-7a45-40ef-95df-1bfa50d3f8cc,merchant_paymind_demo,cust_741,2026-08-12T11:12:00,11863.11,INR,credit_card,route_c,SBI,,Kolkata,android,order_3661,success,,2008,0
40d0ccb6-452f-40b6-bae0-213aff53941a,merchant_paymind_demo,cust_616,2026-08-12T10:18:00,13090.83,INR,credit_card,route_b,ICICI,,Pune,ios,order_3662,success,,910,0
461abeca-5d03-41f5-8633-b35a2c7d90f0,merchant_paymind_demo,cust_381,2026-08-03T22:02:00,16002.89,INR,debit_card,route_b,SBI,,Mumbai,android,order_3663,success,,2208,0
5de0839e-9df5-4df8-8f7c-e8c7176c4ea4,merchant_paymind_demo,cust_383,2026-08-13T14:18:00,679.79,INR,wallet,route_a,ICICI,,Bengaluru,ios,order_3664,success,,1797,0
a3078392-077d-48ce-a4b5-4f9e0fa5841c,merchant_paymind_demo,cust_1080,2026-08-05T05:57:00,12794.07,INR,credit_card,route_d,ICICI,,Mumbai,ios,order_3665,success,,2107,0
a0eb4982-024d-4754-96ec-c4acfcda6df4,merchant_paymind_demo,cust_778,2026-08-09T14:54:00,17729.35,INR,netbanking,route_b,Kotak,,Hyderabad,ios,order_3666,success,,1525,0
e45da1d7-f59c-4d68-b5ac-196320d146ea,merchant_paymind_demo,cust_1026,2026-08-11T03:58:00,2021.81,INR,debit_card,route_b,HDFC,,Pune,ios,order_3667,success,,1583,0
6f3209f9-d792-4dca-9e76-35da53015e05,merchant_paymind_demo,cust_441,2026-08-17T07:27:00,22787.08,INR,credit_card,route_c,Kotak,,Delhi,android,order_3668,success,,1821,0
f62843e4-042c-42f2-b413-2d9942bede82,merchant_paymind_demo,cust_196,2026-08-15T22:37:00,16388.25,INR,credit_card,route_d,SBI,,Pune,android,order_3669,success,,1352,0
29999f8c-00fc-4ef5-be01-a2fde7060dd1,merchant_paymind_demo,cust_250,2026-08-01T08:18:00,20141.47,INR,debit_card,route_a,SBI,,Bengaluru,ios,order_3670,success,,883,0
e0776992-f656-45d1-a3c0-834f64517f0c,merchant_paymind_demo,cust_783,2026-08-07T23:03:00,8845.55,INR,wallet,route_d,SBI,,Bengaluru,android,order_3671,success,,1174,0
a109045b-36fa-4ea3-9948-ac00c7b41424,merchant_paymind_demo,cust_981,2026-08-03T04:48:00,20278.81,INR,UPI,route_c,ICICI,phonepe,Kolkata,android,order_3672,success,,1433,0
5f2b81ad-cb1c-464c-bd74-5369c30d6299,merchant_paymind_demo,cust_338,2026-08-15T03:48:00,10831.79,INR,wallet,route_d,HDFC,,Mumbai,android,order_3673,success,,487,0
de577876-3bb6-4570-b58d-adc65988394e,merchant_paymind_demo,cust_620,2026-08-06T03:34:00,7397.6,INR,credit_card,route_d,SBI,,Pune,web,order_3674,success,,1757,0
de67e5a3-8efa-4599-ab26-43e71962d1ef,merchant_paymind_demo,cust_141,2026-08-17T16:40:00,13290.54,INR,wallet,route_a,Axis,,Hyderabad,ios,order_3675,success,,519,0
b7096fc3-4556-4125-9990-1d879423b912,merchant_paymind_demo,cust_1173,2026-08-14T10:38:00,3878.49,INR,credit_card,route_c,ICICI,,Chennai,ios,order_3676,success,,1199,0
9f1b01f8-fbc8-4103-888d-0fdb3c367307,merchant_paymind_demo,cust_591,2026-08-14T06:35:00,21693.76,INR,wallet,route_b,ICICI,,Mumbai,android,order_3677,success,,985,0
3aef2ae9-025c-411c-bcc8-e9204874c54a,merchant_paymind_demo,cust_659,2026-08-07T00:12:00,13940.86,INR,credit_card,route_d,HDFC,,Bengaluru,ios,order_3678,success,,1146,0
3fd9c5b9-a90d-452d-aa2f-b18ae181f0e5,merchant_paymind_demo,cust_1076,2026-08-05T23:14:00,19949.02,INR,UPI,route_d,SBI,bhim,Chennai,web,order_3679,success,,2333,0
3305f7d4-8c54-4fb8-bac8-d5b0426efcd6,merchant_paymind_demo,cust_37,2026-08-06T00:47:00,10097.1,INR,debit_card,route_d,SBI,,Chennai,android,order_3680,failed,insufficient_funds,7506,0
dc1e31a1-5a64-4e01-aaca-f074a6f4fc00,merchant_paymind_demo,cust_286,2026-08-04T16:30:00,21377.44,INR,netbanking,route_b,HDFC,,Kolkata,android,order_3681,success,,820,0
6859191d-422c-45aa-bc25-5c38d308577b,merchant_paymind_demo,cust_436,2026-08-20T12:58:00,21417.14,INR,UPI,route_d,Kotak,phonepe,Chennai,web,order_3682,success,,1371,0
c6c38291-b0b9-424a-8814-bd8710348c6b,merchant_paymind_demo,cust_536,2026-08-17T02:50:00,19771.58,INR,netbanking,route_b,ICICI,,Kolkata,android,order_3683,success,,1526,0
c42bb879-91ac-429e-a22a-8160d887f693,merchant_paymind_demo,cust_883,2026-08-13T23:15:00,4194.19,INR,debit_card,route_a,Axis,,Chennai,web,order_3684,success,,1926,0
4ba41c67-0407-4a7a-99ed-9c5aad412cca,merchant_paymind_demo,cust_1113,2026-08-09T00:24:00,24714.0,INR,UPI,route_a,ICICI,phonepe,Bengaluru,web,order_3685,success,,1383,0
29eeef2e-970d-4b51-949f-46cc392de6bc,merchant_paymind_demo,cust_1068,2026-08-19T11:07:00,18188.76,INR,credit_card,route_a,HDFC,,Hyderabad,web,order_3686,success,,1566,0
110a8467-ca40-4849-aa83-b68e4f27895b,merchant_paymind_demo,cust_316,2026-08-06T22:45:00,4573.82,INR,netbanking,route_a,Axis,,Pune,android,order_3687,success,,2215,0
3774197d-d1cf-43a7-aa1c-4b4ef0e34d94,merchant_paymind_demo,cust_971,2026-08-18T05:30:00,17702.64,INR,wallet,route_c,Kotak,,Pune,web,order_3688,success,,1223,0
4a8cf570-9d92-4428-b1af-1ed8ee196c69,merchant_paymind_demo,cust_1084,2026-08-03T03:47:00,2124.93,INR,netbanking,route_d,Yes Bank,,Bengaluru,web,order_3689,success,,1732,0
8cd45a5f-71a1-4a69-ab2e-8cba5567b800,merchant_paymind_demo,cust_1132,2026-08-19T08:27:00,15654.32,INR,debit_card,route_c,Kotak,,Bengaluru,android,order_3690,success,,600,0
c49a56d7-6443-4481-abab-6edb58116ec9,merchant_paymind_demo,cust_1176,2026-08-18T04:10:00,4973.47,INR,wallet,route_a,ICICI,,Kolkata,ios,order_3691,success,,1092,0
af22ad1c-3ddf-4cae-be01-26bd7d5571f4,merchant_paymind_demo,cust_1017,2026-08-05T00:48:00,12247.09,INR,netbanking,route_d,Axis,,Hyderabad,ios,order_3692,success,,2250,0
4e84b82e-8771-4bdf-a73a-4d80871cb821,merchant_paymind_demo,cust_430,2026-08-09T05:05:00,19718.41,INR,netbanking,route_d,HDFC,,Delhi,ios,order_3693,success,,665,0
fdf51c8e-2ffd-40e4-b305-d27fd171ecf1,merchant_paymind_demo,cust_150,2026-08-14T07:23:00,8683.85,INR,netbanking,route_a,Kotak,,Pune,web,order_3694,success,,1519,0
f7af85fa-059f-4c26-a9f2-9fc87a8e6d96,merchant_paymind_demo,cust_1007,2026-08-20T10:55:00,3300.42,INR,credit_card,route_b,Kotak,,Hyderabad,android,order_3695,success,,2307,0
0656b0fd-0385-4edc-9f1a-c1f47a0fae60,merchant_paymind_demo,cust_57,2026-08-01T18:06:00,2394.72,INR,netbanking,route_a,ICICI,,Hyderabad,android,order_3696,success,,1669,0
39066aba-ed8c-4a06-ab21-9adb45006567,merchant_paymind_demo,cust_1,2026-08-08T00:06:00,7112.32,INR,debit_card,route_b,Axis,,Bengaluru,ios,order_3697,success,,940,0
16e34996-b0f7-4cfc-a337-3ab85520a9bb,merchant_paymind_demo,cust_1199,2026-08-14T17:42:00,368.52,INR,UPI,route_a,Yes Bank,,Chennai,android,order_3698,success,,1874,0
6e1c063b-30ae-4dc1-a14e-ad13a955e867,merchant_paymind_demo,cust_38,2026-08-08T02:19:00,20989.18,INR,debit_card,route_a,SBI,,Chennai,android,order_3699,success,,2472,0
afa14a56-d148-4caf-9edd-47bcb57f91f8,merchant_paymind_demo,cust_1173,2026-08-09T16:01:00,11571.66,INR,UPI,route_b,Axis,bhim,Delhi,android,order_3700,success,,1915,0
76d2426f-945b-478c-984c-40e4dd61d3f3,merchant_paymind_demo,cust_372,2026-08-18T07:58:00,4882.11,INR,UPI,route_b,Axis,paytm,Delhi,web,order_3701,failed,bank_timeout,2468,0
6dfc6f03-34ea-4be0-945e-e050aa364b0a,merchant_paymind_demo,cust_793,2026-08-13T21:59:00,14169.31,INR,debit_card,route_b,SBI,,Bengaluru,web,order_3702,success,,2220,0
6aec80cd-fcc2-42eb-bdc8-2d32fce47c8a,merchant_paymind_demo,cust_746,2026-08-09T05:39:00,22879.39,INR,UPI,route_d,Kotak,phonepe,Delhi,ios,order_3703,success,,2212,0
018be94e-3bc9-4644-bbf8-824056b247f3,merchant_paymind_demo,cust_688,2026-08-08T00:20:00,16961.83,INR,UPI,route_a,Axis,bhim,Delhi,web,order_3704,success,,1049,0
95b13510-42ee-4edf-bb9c-64e90311ac84,merchant_paymind_demo,cust_869,2026-08-12T13:25:00,8541.28,INR,netbanking,route_d,HDFC,,Mumbai,web,order_3705,failed,invalid_otp,7517,0
ae6e1295-3068-48d3-b5eb-9f84bc6dda08,merchant_paymind_demo,cust_711,2026-08-12T09:35:00,9493.63,INR,wallet,route_d,Kotak,,Bengaluru,android,order_3706,success,,1096,0
580d210a-a5fd-49d4-b37f-1e22cd4e7ab9,merchant_paymind_demo,cust_1017,2026-08-02T03:53:00,4246.99,INR,netbanking,route_b,ICICI,,Chennai,ios,order_3707,success,,2318,0
397ca991-16bc-4411-9e77-9ee393be1f1a,merchant_paymind_demo,cust_719,2026-08-14T12:41:00,9873.02,INR,netbanking,route_c,Yes Bank,,Bengaluru,web,order_3708,success,,2120,0
9e494b55-7839-438d-88ef-dd85f9151ff6,merchant_paymind_demo,cust_532,2026-08-19T15:25:00,14605.02,INR,netbanking,route_c,Axis,,Pune,android,order_3709,success,,1728,0
1be6eeef-86ce-495b-8bda-1cc66fe483c0,merchant_paymind_demo,cust_489,2026-08-07T06:13:00,21349.04,INR,debit_card,route_c,SBI,,Pune,android,order_3710,success,,831,0
ef7e90ab-6eee-4e87-afb4-4bb7c2280b52,merchant_paymind_demo,cust_747,2026-08-06T11:48:00,11094.95,INR,debit_card,route_b,Kotak,,Pune,android,order_3711,failed,invalid_otp,7564,0
56403d1c-ba12-419b-ab7b-1f65cd439ebc,merchant_paymind_demo,cust_645,2026-08-20T23:46:00,5713.42,INR,wallet,route_c,SBI,,Mumbai,android,order_3712,success,,2106,0
9e4367a0-51bb-47d4-867b-bf268f6df883,merchant_paymind_demo,cust_67,2026-08-18T14:04:00,24197.54,INR,debit_card,route_a,SBI,,Delhi,web,order_3713,success,,1184,0
05591068-eed9-4d14-a03b-7bbe4d030ef2,merchant_paymind_demo,cust_762,2026-08-10T04:02:00,14529.63,INR,credit_card,route_b,Yes Bank,,Hyderabad,android,order_3714,success,,1314,0
53f3fea0-8302-4d06-9357-76b82397f3e5,merchant_paymind_demo,cust_621,2026-08-17T20:19:00,13145.3,INR,netbanking,route_c,HDFC,,Chennai,android,order_3715,success,,2178,0
44772232-bab0-46a1-9002-ef0587730ecc,merchant_paymind_demo,cust_563,2026-08-02T23:42:00,8826.12,INR,credit_card,route_d,ICICI,,Delhi,web,order_3716,success,,1354,0
793ad005-1c13-46d2-a63b-340c0505d09e,merchant_paymind_demo,cust_94,2026-08-19T06:05:00,18465.46,INR,UPI,route_b,Axis,paytm,Hyderabad,android,order_3717,success,,2483,0
7f110f2c-0a13-46b8-9fd4-bb91084202a6,merchant_paymind_demo,cust_885,2026-08-05T16:29:00,5092.17,INR,netbanking,route_c,Axis,,Chennai,ios,order_3718,success,,2049,0
26e9b16b-54a5-4e7f-a4d7-384d85916fd7,merchant_paymind_demo,cust_808,2026-08-20T15:43:00,10825.5,INR,debit_card,route_a,ICICI,,Delhi,android,order_3719,success,,2289,0
950fa4d2-fbd7-49c2-a1e8-9de80d229a24,merchant_paymind_demo,cust_1169,2026-08-15T02:14:00,11889.7,INR,credit_card,route_a,SBI,,Hyderabad,android,order_3720,success,,519,0
d4eb414c-943d-41d3-8510-ec90ef375bd2,merchant_paymind_demo,cust_143,2026-08-02T05:08:00,21934.29,INR,wallet,route_a,ICICI,,Pune,ios,order_3721,success,,2086,0
05f0a616-51b3-4e7e-bd50-7e3d9098a60f,merchant_paymind_demo,cust_1093,2026-08-03T12:10:00,17067.44,INR,UPI,route_c,HDFC,bhim,Bengaluru,web,order_3722,success,,1374,0
427ac57d-c808-4b7f-97b9-bd5d6316470a,merchant_paymind_demo,cust_975,2026-08-13T20:59:00,15864.5,INR,wallet,route_b,Kotak,,Delhi,android,order_3723,success,,388,0
f570f047-754e-41d6-872c-dc382f84fe59,merchant_paymind_demo,cust_516,2026-08-05T21:23:00,22241.69,INR,netbanking,route_d,Yes Bank,,Bengaluru,ios,order_3724,success,,2237,0
bd462abe-95c0-4662-bdcb-d0ce16f8d910,merchant_paymind_demo,cust_700,2026-08-01T12:31:00,23648.64,INR,wallet,route_c,Yes Bank,,Kolkata,web,order_3725,success,,1051,0
065646de-184c-46ec-b402-faa5991cf1ed,merchant_paymind_demo,cust_958,2026-08-01T15:50:00,18168.67,INR,netbanking,route_d,SBI,,Chennai,ios,order_3726,failed,insufficient_funds,5939,0
6da6e744-8f67-49da-88a4-dae0953e73e1,merchant_paymind_demo,cust_1110,2026-08-16T11:28:00,23561.21,INR,UPI,route_b,Kotak,phonepe,Delhi,web,order_3727,success,,1934,0
ecc89dde-e5f3-48b8-8c03-153054a48613,merchant_paymind_demo,cust_1168,2026-08-03T11:57:00,3228.03,INR,UPI,route_d,Axis,paytm,Bengaluru,web,order_3728,success,,2433,0
665a2ea0-7fbb-480e-84be-b0a12905c7fb,merchant_paymind_demo,cust_210,2026-08-16T22:13:00,18423.66,INR,debit_card,route_b,ICICI,,Chennai,ios,order_3729,success,,2350,0
10070f49-45d4-4f60-8ac3-35b5840c76f1,merchant_paymind_demo,cust_1035,2026-08-18T17:09:00,24481.32,INR,netbanking,route_d,Kotak,,Mumbai,android,order_3730,failed,gateway_error,8922,0
0b5add55-0d6e-4a0d-a011-163c1b2e8523,merchant_paymind_demo,cust_62,2026-08-19T15:06:00,10711.53,INR,debit_card,route_a,Axis,,Mumbai,ios,order_3731,success,,2461,0
f9ab717c-cc7f-41b1-9760-0bd3668f347a,merchant_paymind_demo,cust_618,2026-08-11T01:02:00,13296.16,INR,credit_card,route_c,Kotak,,Delhi,android,order_3732,success,,1233,0
e0ee4589-6887-48b1-8843-25245da19b21,merchant_paymind_demo,cust_720,2026-08-11T12:33:00,5366.01,INR,debit_card,route_c,Yes Bank,,Bengaluru,web,order_3733,success,,329,0
768d5efe-3df4-4b5b-b168-56c14d4055a1,merchant_paymind_demo,cust_265,2026-08-11T21:42:00,4658.33,INR,debit_card,route_a,Kotak,,Mumbai,android,order_3734,success,,782,0
e1e9bbdd-42ec-4855-9c1f-80e5b6fbf9d1,merchant_paymind_demo,cust_1037,2026-08-06T13:43:00,19806.92,INR,netbanking,route_d,SBI,,Delhi,web,order_3735,success,,638,0
ab11d023-b88a-4296-ba09-31939325f995,merchant_paymind_demo,cust_1064,2026-08-08T09:49:00,18665.51,INR,netbanking,route_c,SBI,,Bengaluru,android,order_3736,success,,1592,0
8b423256-5a3c-4d97-99cc-9e5505dbb53b,merchant_paymind_demo,cust_410,2026-08-05T05:41:00,24294.36,INR,wallet,route_a,Axis,,Pune,ios,order_3737,success,,2084,0
c545e058-4539-4300-814f-5712bebe3917,merchant_paymind_demo,cust_701,2026-08-04T12:23:00,10611.97,INR,UPI,route_a,HDFC,paytm,Delhi,android,order_3738,success,,454,0
d683764a-1a2c-430c-9fd2-4691f520cd5d,merchant_paymind_demo,cust_824,2026-08-09T16:07:00,4936.05,INR,credit_card,route_a,Kotak,,Kolkata,android,order_3739,success,,1307,0
efa78fca-b3a7-40b3-a3e5-1659931e4777,merchant_paymind_demo,cust_819,2026-08-09T00:34:00,6655.19,INR,debit_card,route_a,ICICI,,Mumbai,ios,order_3740,success,,780,0
5dfe58a1-e573-4eb4-8814-1d7ddafa2f12,merchant_paymind_demo,cust_124,2026-08-19T07:15:00,4541.01,INR,debit_card,route_d,ICICI,,Delhi,android,order_3741,success,,781,0
4395ee5b-a939-4ea2-b7d0-88784d4979d8,merchant_paymind_demo,cust_732,2026-08-05T21:25:00,2380.78,INR,credit_card,route_c,HDFC,,Mumbai,ios,order_3742,success,,824,0
d47694b4-5af9-4979-8d4a-9ef5ac96c710,merchant_paymind_demo,cust_1089,2026-08-04T04:28:00,17509.59,INR,credit_card,route_d,Kotak,,Delhi,android,order_3743,success,,1532,0
f787e583-ab04-4756-b97d-a9d7c6f2ba44,merchant_paymind_demo,cust_67,2026-08-13T21:26:00,5975.97,INR,wallet,route_a,SBI,,Bengaluru,web,order_3744,success,,1479,0
05b424eb-aec0-4b12-be6a-8da4a9d76ad4,merchant_paymind_demo,cust_1058,2026-08-09T04:00:00,11114.45,INR,netbanking,route_d,Kotak,,Chennai,android,order_3745,success,,2452,0
b6af2828-8de8-424e-864c-673bde3c7016,merchant_paymind_demo,cust_675,2026-08-15T12:28:00,17013.73,INR,credit_card,route_b,Kotak,,Kolkata,android,order_3746,success,,1834,0
3ca77a64-f5d2-4dd5-952f-dfb75ef737d3,merchant_paymind_demo,cust_996,2026-08-04T07:22:00,21496.09,INR,UPI,route_b,Kotak,phonepe,Chennai,ios,order_3747,success,,838,0
b6934cd5-2d4a-4189-917b-13b7f1f2974c,merchant_paymind_demo,cust_202,2026-08-12T11:29:00,8615.21,INR,wallet,route_c,SBI,,Pune,ios,order_3748,success,,2015,0
39d0a669-ebb6-493f-8034-e199a5cce9b0,merchant_paymind_demo,cust_163,2026-08-08T15:47:00,22636.33,INR,wallet,route_a,ICICI,,Mumbai,web,order_3749,success,,807,0
62d6a70c-a457-4dcc-a4b8-e830ccb113e8,merchant_paymind_demo,cust_673,2026-08-20T05:27:00,7618.12,INR,wallet,route_d,Axis,,Mumbai,web,order_3750,success,,1686,0
1c22205c-1e00-45a6-a06d-24a7d9b6306e,merchant_paymind_demo,cust_603,2026-08-12T15:53:00,13882.44,INR,UPI,route_a,Yes Bank,paytm,Pune,android,order_3751,success,,2390,0
1a40e784-be4c-49d6-b9cf-9e9eccea60de,merchant_paymind_demo,cust_523,2026-08-07T13:20:00,10210.19,INR,wallet,route_c,HDFC,,Delhi,ios,order_3752,success,,409,0
5faa4a4b-772b-47f6-8882-8c7f9d22478a,merchant_paymind_demo,cust_846,2026-08-14T13:18:00,23260.51,INR,netbanking,route_c,SBI,,Hyderabad,web,order_3753,success,,1161,0
65824c80-2366-4206-8f39-7bfa2e2c4421,merchant_paymind_demo,cust_1042,2026-08-12T14:57:00,1991.19,INR,debit_card,route_a,Kotak,,Kolkata,web,order_3754,success,,849,0
6fc3b896-474c-43aa-8534-647a0a2c27e3,merchant_paymind_demo,cust_676,2026-08-07T19:51:00,11203.35,INR,credit_card,route_d,Yes Bank,,Chennai,ios,order_3755,success,,1412,0
018c84df-792d-48e0-a4d3-af925f04530a,merchant_paymind_demo,cust_369,2026-08-09T10:02:00,7132.6,INR,debit_card,route_a,ICICI,,Delhi,web,order_3756,success,,2132,0
029b0501-fd8b-4f5b-b9c5-51022b9f11f8,merchant_paymind_demo,cust_509,2026-08-11T23:31:00,14923.57,INR,credit_card,route_a,HDFC,,Chennai,android,order_3757,success,,1467,0
39e76809-7b8b-48f0-800f-757cf0db4e74,merchant_paymind_demo,cust_583,2026-08-13T10:57:00,20811.59,INR,debit_card,route_d,Axis,,Bengaluru,web,order_3758,success,,732,0
81be13ab-3f8e-43cc-9e63-66ca15b77822,merchant_paymind_demo,cust_405,2026-08-16T10:08:00,14112.81,INR,netbanking,route_d,Yes Bank,,Kolkata,ios,order_3759,success,,780,0
0e239ed4-e84d-4c91-a66d-3a910a439b15,merchant_paymind_demo,cust_453,2026-08-08T19:36:00,22545.87,INR,credit_card,route_b,Axis,,Chennai,ios,order_3760,success,,1379,0
ab506563-a700-4a93-acf8-479a69291a64,merchant_paymind_demo,cust_43,2026-08-09T13:07:00,7563.09,INR,wallet,route_b,ICICI,,Chennai,android,order_3761,success,,2277,0
0e8ca758-fea2-4378-bceb-0971e116a46c,merchant_paymind_demo,cust_129,2026-08-07T10:34:00,20435.04,INR,netbanking,route_a,Yes Bank,,Pune,android,order_3762,success,,1431,0
d4ff4603-331f-441c-9b8d-810f5316f4b4,merchant_paymind_demo,cust_102,2026-08-02T06:31:00,8507.67,INR,UPI,route_c,SBI,,Delhi,ios,order_3763,success,,1746,0
e3d2af67-dddd-460a-84b7-2d41cde2e843,merchant_paymind_demo,cust_689,2026-08-19T21:42:00,9120.09,INR,debit_card,route_d,ICICI,,Mumbai,ios,order_3764,success,,1179,0
a3656593-19e2-42cd-a14e-374d41506402,merchant_paymind_demo,cust_991,2026-08-16T21:56:00,24264.97,INR,credit_card,route_d,Axis,,Hyderabad,android,order_3765,success,,1758,0
797011fe-263d-4890-a06e-c650ebaffc7f,merchant_paymind_demo,cust_1189,2026-08-03T02:03:00,797.73,INR,UPI,route_d,Yes Bank,gpay,Bengaluru,android,order_3766,success,,625,0
629b7368-28d0-4ea3-b8c8-1f3a2020d849,merchant_paymind_demo,cust_676,2026-08-16T11:38:00,11815.15,INR,netbanking,route_c,ICICI,,Mumbai,web,order_3767,success,,2171,0
f74dd5c9-be0b-4c64-9ff9-ba4047cc494b,merchant_paymind_demo,cust_801,2026-08-13T15:38:00,9623.7,INR,wallet,route_a,Kotak,,Pune,android,order_3768,success,,580,0
8a3a72f3-507e-406a-b741-2d130a80ba5f,merchant_paymind_demo,cust_1180,2026-08-12T18:42:00,24583.94,INR,netbanking,route_c,Yes Bank,,Pune,android,order_3769,failed,insufficient_funds,2273,0
9cd6fe36-f9f3-4afa-93bc-9a6754695317,merchant_paymind_demo,cust_1131,2026-08-05T11:32:00,14950.57,INR,debit_card,route_a,HDFC,,Bengaluru,android,order_3770,success,,1009,0
9e470938-85a2-4722-92db-c104a4e17934,merchant_paymind_demo,cust_584,2026-08-02T02:28:00,872.81,INR,UPI,route_b,Yes Bank,phonepe,Pune,android,order_3771,success,,2075,0
edda6033-1c53-47cc-bbb9-64cf66f206e3,merchant_paymind_demo,cust_88,2026-08-05T05:00:00,22745.69,INR,credit_card,route_b,Kotak,,Hyderabad,web,order_3772,success,,2133,0
4a155516-3e86-4045-b6c1-e5f393bb944d,merchant_paymind_demo,cust_129,2026-08-13T17:36:00,13330.78,INR,wallet,route_b,Kotak,,Bengaluru,ios,order_3773,success,,2142,0
cdb6acde-5ba7-4ca7-b24d-dd9081bd4d94,merchant_paymind_demo,cust_845,2026-08-18T14:07:00,11347.5,INR,wallet,route_d,ICICI,,Pune,ios,order_3774,success,,853,0
19ecc847-0ec9-4ffa-a4f9-8731cc2fadb3,merchant_paymind_demo,cust_613,2026-08-12T15:53:00,17499.02,INR,UPI,route_b,SBI,phonepe,Pune,ios,order_3775,success,,2081,0
59674d36-dda5-4bce-885f-293deeff8cf4,merchant_paymind_demo,cust_305,2026-08-17T13:32:00,20413.49,INR,debit_card,route_c,SBI,,Kolkata,android,order_3776,success,,1355,0
1755913c-3456-4309-8116-70bd60b4e9ac,merchant_paymind_demo,cust_398,2026-08-18T10:36:00,17121.39,INR,netbanking,route_b,Axis,,Hyderabad,ios,order_3777,success,,1964,0
301ee2b0-ad26-4377-b7d7-cd484d1c3602,merchant_paymind_demo,cust_671,2026-08-12T19:03:00,2368.46,INR,credit_card,route_d,Axis,,Kolkata,ios,order_3778,success,,1416,0
0d448a33-1cfb-485f-8e98-921aa96eaab8,merchant_paymind_demo,cust_638,2026-08-09T19:59:00,13185.54,INR,wallet,route_a,SBI,,Bengaluru,ios,order_3779,success,,1189,0
e9e65815-96aa-4c12-94b8-8b018225fac8,merchant_paymind_demo,cust_686,2026-08-06T16:09:00,2341.69,INR,wallet,route_c,SBI,,Kolkata,ios,order_3780,success,,1952,0
d3b98f78-1fee-4327-8499-5758903fe2d5,merchant_paymind_demo,cust_402,2026-08-14T23:53:00,7014.76,INR,debit_card,route_b,Yes Bank,,Chennai,web,order_3781,success,,345,0
c054407f-4245-42a6-82ec-a3f19f767c68,merchant_paymind_demo,cust_769,2026-08-07T02:30:00,19153.53,INR,wallet,route_d,Axis,,Chennai,web,order_3782,success,,2427,0
a10596b9-a448-4bf0-8fdf-78fdab6e9764,merchant_paymind_demo,cust_250,2026-08-16T01:09:00,24659.51,INR,UPI,route_b,ICICI,,Kolkata,android,order_3783,success,,1295,0
b912abf0-e339-41d2-a391-cfc0253017d5,merchant_paymind_demo,cust_1148,2026-08-12T03:57:00,3477.4,INR,credit_card,route_a,ICICI,,Chennai,android,order_3784,success,,1243,0
82bb38d4-fc7a-4859-93d4-615b8e85ad26,merchant_paymind_demo,cust_553,2026-08-02T05:04:00,24532.15,INR,netbanking,route_a,ICICI,,Hyderabad,ios,order_3785,success,,2314,0
d9096850-8de4-4ec6-b3e9-edbf97481c06,merchant_paymind_demo,cust_1067,2026-08-08T10:27:00,12419.52,INR,debit_card,route_b,HDFC,,Bengaluru,ios,order_3786,success,,1642,0
b078de5a-6558-4269-a2e7-b50fe6b80357,merchant_paymind_demo,cust_667,2026-08-16T09:03:00,19400.16,INR,wallet,route_d,Yes Bank,,Kolkata,web,order_3787,success,,1823,0
fe111d20-0474-4f0a-a219-fe62a4090752,merchant_paymind_demo,cust_1151,2026-08-16T09:43:00,103.12,INR,netbanking,route_c,SBI,,Mumbai,web,order_3788,success,,839,0
32599c7a-e1e6-47f7-8832-0c570996d4e9,merchant_paymind_demo,cust_981,2026-08-15T19:53:00,10637.51,INR,netbanking,route_c,Kotak,,Bengaluru,android,order_3789,success,,1996,0
63eb15a5-46a9-4891-b400-526d6bd6340d,merchant_paymind_demo,cust_75,2026-08-09T08:46:00,10306.62,INR,credit_card,route_c,Axis,,Bengaluru,android,order_3790,success,,1329,0
f6fc8660-6529-4528-83a4-1203444d5f4f,merchant_paymind_demo,cust_126,2026-08-07T15:22:00,3815.59,INR,debit_card,route_d,Axis,,Bengaluru,ios,order_3791,success,,708,0
a844d877-4e74-4ac4-adc7-7401984ac217,merchant_paymind_demo,cust_512,2026-08-08T09:55:00,2116.41,INR,debit_card,route_a,Kotak,,Hyderabad,ios,order_3792,success,,388,0
390e8af7-ef4b-4b74-b925-f27cac5de97f,merchant_paymind_demo,cust_208,2026-08-06T08:34:00,5633.76,INR,debit_card,route_c,HDFC,,Hyderabad,android,order_3793,success,,1377,0
ada4c7e5-9662-491f-81f1-39f79801fb12,merchant_paymind_demo,cust_381,2026-08-17T03:31:00,14088.23,INR,credit_card,route_d,Axis,,Chennai,web,order_3794,success,,1138,0
990ce95b-32f1-427c-b5b9-23a18de82862,merchant_paymind_demo,cust_98,2026-08-18T17:39:00,7014.77,INR,credit_card,route_b,ICICI,,Hyderabad,android,order_3795,success,,306,0
bba7b7af-a323-4423-88f6-9247f9c0fcfc,merchant_paymind_demo,cust_1036,2026-08-15T00:12:00,24265.04,INR,netbanking,route_d,HDFC,,Mumbai,ios,order_3796,failed,bank_timeout,3039,0
8ec541ff-b864-488a-bbfd-83dc35f71afe,merchant_paymind_demo,cust_548,2026-08-08T22:54:00,11505.25,INR,wallet,route_c,Kotak,,Kolkata,ios,order_3797,success,,1782,0
b2bb1d3a-c115-4e20-a0ce-4d0d09e7c3a6,merchant_paymind_demo,cust_684,2026-08-20T06:42:00,3361.0,INR,wallet,route_a,Yes Bank,,Delhi,ios,order_3798,success,,2058,0
10cad497-20d8-4bc3-a2f9-ff28f9d65abd,merchant_paymind_demo,cust_594,2026-08-05T21:43:00,7947.42,INR,UPI,route_b,HDFC,paytm,Kolkata,android,order_3799,success,,2282,0
b39db073-99d4-4090-aace-a26f8599b3a0,merchant_paymind_demo,cust_751,2026-08-03T19:26:00,5559.59,INR,netbanking,route_d,HDFC,,Mumbai,web,order_3800,success,,927,0
30a491da-4264-4366-8702-31966350a3b9,merchant_paymind_demo,cust_1126,2026-08-14T08:56:00,11421.57,INR,credit_card,route_c,ICICI,,Kolkata,ios,order_3801,success,,751,0
8b9909e9-6f9c-47bf-9822-c43da128513c,merchant_paymind_demo,cust_490,2026-08-19T23:40:00,3917.19,INR,debit_card,route_c,ICICI,,Mumbai,web,order_3802,success,,817,0
a2bdc51a-1aa6-4a69-b7fc-9834e219c25f,merchant_paymind_demo,cust_179,2026-08-05T02:05:00,10373.51,INR,netbanking,route_d,SBI,,Chennai,android,order_3803,success,,1018,0
8a228f4e-04a2-4832-95e7-95f4ee617597,merchant_paymind_demo,cust_178,2026-08-10T10:00:00,24202.14,INR,credit_card,route_c,Kotak,,Mumbai,ios,order_3804,success,,896,0
09ea4e69-457f-4de6-b30d-12024c4c99d4,merchant_paymind_demo,cust_680,2026-08-08T16:47:00,3787.29,INR,debit_card,route_d,ICICI,,Mumbai,web,order_3805,success,,1291,0
d4767239-1acb-47a8-84cf-a1c6134c3a6f,merchant_paymind_demo,cust_969,2026-08-18T00:10:00,1483.2,INR,netbanking,route_d,Yes Bank,,Bengaluru,android,order_3806,success,,331,0
7b2a0f19-a1dd-46d1-84f7-6c1e08b922b9,merchant_paymind_demo,cust_730,2026-08-18T00:41:00,21144.2,INR,UPI,route_d,Kotak,bhim,Mumbai,ios,order_3807,success,,311,0
5b085a6d-f53d-40c5-8926-d24e833df4ba,merchant_paymind_demo,cust_156,2026-08-18T13:56:00,1821.4,INR,debit_card,route_b,HDFC,,Pune,web,order_3808,success,,674,0
235badc9-35a3-4b31-99b3-afdf47c4c542,merchant_paymind_demo,cust_415,2026-08-19T10:28:00,4546.69,INR,netbanking,route_b,SBI,,Kolkata,android,order_3809,success,,1240,0
d8c2eb5f-d6ed-4c54-b89e-d42a7e766f17,merchant_paymind_demo,cust_759,2026-08-07T04:53:00,13266.64,INR,credit_card,route_c,HDFC,,Kolkata,ios,order_3810,failed,invalid_otp,5875,0
41dc1948-0824-4c07-9b6d-97280a3a2b8d,merchant_paymind_demo,cust_1192,2026-08-07T18:05:00,4749.22,INR,UPI,route_a,Yes Bank,,Delhi,android,order_3811,success,,905,0
8b8e6da9-1641-4a6e-a032-89809c927381,merchant_paymind_demo,cust_543,2026-08-10T09:09:00,18759.41,INR,debit_card,route_c,Yes Bank,,Pune,ios,order_3812,success,,752,0
715b14df-fbd1-48c9-a30b-99b18c3961b6,merchant_paymind_demo,cust_71,2026-08-07T22:20:00,1767.16,INR,wallet,route_a,SBI,,Pune,ios,order_3813,failed,insufficient_funds,8382,0
e129e2b3-835d-4566-bddc-5032cd27436a,merchant_paymind_demo,cust_454,2026-08-05T07:57:00,7146.61,INR,debit_card,route_c,Yes Bank,,Delhi,android,order_3814,success,,2006,0
712530c8-6619-4a71-b9b4-e651a2b13639,merchant_paymind_demo,cust_14,2026-08-08T04:25:00,12075.75,INR,credit_card,route_c,Yes Bank,,Bengaluru,android,order_3815,success,,2206,0
e9598afc-8a2e-4e08-bfab-74e3b8e1407f,merchant_paymind_demo,cust_1107,2026-08-07T09:54:00,3031.97,INR,UPI,route_c,ICICI,bhim,Chennai,android,order_3816,failed,bank_timeout,2785,0
fa471380-7c21-429a-a1ff-3e0798cdd691,merchant_paymind_demo,cust_553,2026-08-11T00:45:00,1584.12,INR,netbanking,route_b,SBI,,Pune,web,order_3817,failed,bank_timeout,6520,0
0fdd0058-a68c-44ec-b959-acef2e1ebd55,merchant_paymind_demo,cust_1158,2026-08-17T22:47:00,11793.98,INR,credit_card,route_d,Yes Bank,,Kolkata,web,order_3818,success,,1832,0
e225e4b1-e802-4690-a78f-309d78268cf0,merchant_paymind_demo,cust_930,2026-08-09T14:45:00,15148.0,INR,netbanking,route_c,HDFC,,Bengaluru,web,order_3819,success,,686,0
a67bedeb-f78c-43db-8789-f3bc3472ce9c,merchant_paymind_demo,cust_485,2026-08-16T16:30:00,19367.06,INR,netbanking,route_b,HDFC,,Kolkata,web,order_3820,success,,583,0
0731086d-fd8b-43dc-9648-7f1bedfd45ee,merchant_paymind_demo,cust_744,2026-08-19T18:43:00,14762.07,INR,UPI,route_d,Kotak,,Delhi,android,order_3821,success,,601,0
06639581-b7ae-4e63-81b7-11af73c5099c,merchant_paymind_demo,cust_770,2026-08-07T13:01:00,16107.4,INR,netbanking,route_a,Kotak,,Hyderabad,web,order_3822,success,,1355,0
c6ff6dd6-22e9-4683-8dc8-ee538c0f3f7f,merchant_paymind_demo,cust_718,2026-08-17T00:35:00,17948.52,INR,debit_card,route_c,SBI,,Kolkata,android,order_3823,failed,invalid_otp,6677,0
d38f1fa0-d27d-4033-a9ac-16634269d790,merchant_paymind_demo,cust_755,2026-08-11T15:05:00,585.28,INR,credit_card,route_d,Axis,,Kolkata,ios,order_3824,success,,327,0
7b06aaaf-891e-447a-965d-773ef91ccf08,merchant_paymind_demo,cust_369,2026-08-20T18:46:00,358.13,INR,wallet,route_c,Axis,,Delhi,web,order_3825,success,,1046,0
c0e25b3d-f3d0-415e-899a-bb0de3b48a27,merchant_paymind_demo,cust_328,2026-08-10T08:16:00,700.43,INR,netbanking,route_b,Yes Bank,,Pune,ios,order_3826,success,,565,0
428eabb3-6c61-494b-9b95-dd4db176005c,merchant_paymind_demo,cust_1050,2026-08-20T14:04:00,21634.56,INR,UPI,route_a,HDFC,,Kolkata,android,order_3827,success,,2085,0
a38f6c63-2a92-426a-900e-c63b203c2962,merchant_paymind_demo,cust_140,2026-08-14T09:58:00,6994.54,INR,UPI,route_a,Kotak,gpay,Pune,ios,order_3828,success,,500,0
80073aba-0169-4c52-94f4-4fef94fd2b1a,merchant_paymind_demo,cust_279,2026-08-12T08:50:00,17272.85,INR,UPI,route_b,Kotak,gpay,Bengaluru,web,order_3829,success,,2445,0
6827f693-3469-4e9e-82b2-3f1c951b0672,merchant_paymind_demo,cust_1006,2026-08-20T08:50:00,12419.31,INR,netbanking,route_a,HDFC,,Bengaluru,web,order_3830,success,,2201,0
3219df10-27b1-42cf-94c5-0c761c8a50ed,merchant_paymind_demo,cust_1038,2026-08-03T22:41:00,22029.49,INR,credit_card,route_a,HDFC,,Hyderabad,ios,order_3831,success,,2048,0
aef4b617-a5fd-4efd-92af-ef29f9e9a279,merchant_paymind_demo,cust_627,2026-08-10T21:01:00,752.88,INR,wallet,route_d,Axis,,Delhi,web,order_3832,success,,1602,0
c45d9b66-85b2-419a-a947-a23a42d1de1c,merchant_paymind_demo,cust_1153,2026-08-16T14:33:00,2846.11,INR,wallet,route_b,ICICI,,Mumbai,ios,order_3833,success,,792,0
5f00d1bf-4ccb-4a17-9ef6-5deb2d991988,merchant_paymind_demo,cust_492,2026-08-20T11:12:00,23190.03,INR,credit_card,route_d,SBI,,Pune,web,order_3834,success,,1015,0
ae6fec35-f743-4468-8f38-a52f677ae436,merchant_paymind_demo,cust_1016,2026-08-09T02:55:00,2690.72,INR,debit_card,route_d,Yes Bank,,Bengaluru,web,order_3835,failed,gateway_error,7234,0
ec543452-8bd1-41d9-91dc-d18fcc1fd4b5,merchant_paymind_demo,cust_1109,2026-08-03T17:53:00,13797.37,INR,netbanking,route_a,Axis,,Pune,ios,order_3836,success,,1373,0
60ca6392-91bf-474f-aa2b-a01344d12707,merchant_paymind_demo,cust_578,2026-08-12T08:35:00,11305.61,INR,wallet,route_b,SBI,,Kolkata,web,order_3837,success,,1664,0
57c6a676-35bc-45e5-b710-45fa7baf6505,merchant_paymind_demo,cust_1100,2026-08-06T08:26:00,9352.45,INR,wallet,route_d,HDFC,,Delhi,ios,order_3838,success,,892,0
47ba2234-1c60-44bb-af65-6e9cdeee2793,merchant_paymind_demo,cust_410,2026-08-02T09:37:00,17440.86,INR,UPI,route_c,Axis,,Mumbai,android,order_3839,success,,1862,0
cff9d2bf-f7dc-4b27-983b-2ec926475f25,merchant_paymind_demo,cust_183,2026-08-13T22:31:00,10534.71,INR,netbanking,route_b,ICICI,,Bengaluru,android,order_3840,success,,453,0
5871fba5-e5f1-44a8-ab0b-f07868e8e396,merchant_paymind_demo,cust_503,2026-08-18T09:36:00,13900.07,INR,credit_card,route_b,HDFC,,Bengaluru,web,order_3841,success,,1911,0
c0099cf4-7186-4769-a401-2618b9ac77fe,merchant_paymind_demo,cust_978,2026-08-09T12:12:00,5841.96,INR,wallet,route_c,SBI,,Delhi,ios,order_3842,success,,1003,0
444271c8-fbd1-4c0f-98b7-6f8086bb6379,merchant_paymind_demo,cust_567,2026-08-18T15:33:00,13744.07,INR,UPI,route_d,SBI,bhim,Hyderabad,android,order_3843,success,,765,0
8d3fe9fc-edc0-48e2-b435-22b405b45fca,merchant_paymind_demo,cust_826,2026-08-14T10:42:00,21369.62,INR,credit_card,route_b,SBI,,Pune,ios,order_3844,success,,800,0
7e892df0-8731-445e-8eac-c003a5419630,merchant_paymind_demo,cust_339,2026-08-19T05:15:00,3231.99,INR,netbanking,route_b,HDFC,,Chennai,web,order_3845,success,,2184,0
53eb817e-b938-413e-9e6c-b54c7664773e,merchant_paymind_demo,cust_17,2026-08-19T01:12:00,6145.16,INR,wallet,route_c,Yes Bank,,Pune,ios,order_3846,success,,1829,0
6a866505-8ffe-4769-af21-adb13f3546c2,merchant_paymind_demo,cust_988,2026-08-16T18:19:00,16521.16,INR,UPI,route_d,Kotak,gpay,Chennai,ios,order_3847,success,,1134,0
e5b9909c-a067-4b97-9563-40016956f834,merchant_paymind_demo,cust_617,2026-08-05T19:36:00,7580.15,INR,UPI,route_c,ICICI,paytm,Delhi,web,order_3848,success,,613,0
850a010b-286f-41ec-a5c2-9cf98a9ba99c,merchant_paymind_demo,cust_1014,2026-08-09T00:05:00,839.86,INR,UPI,route_b,Axis,phonepe,Mumbai,web,order_3849,success,,1412,0
0042639c-9f04-4d5c-9d5b-24ee6d7e06d6,merchant_paymind_demo,cust_386,2026-08-09T15:49:00,14808.53,INR,wallet,route_c,Axis,,Pune,ios,order_3850,failed,gateway_error,3527,0
7dad1202-367f-4fc4-b307-b649ce022bf4,merchant_paymind_demo,cust_409,2026-08-14T02:54:00,2555.48,INR,wallet,route_d,Axis,,Mumbai,web,order_3851,success,,2499,0
28b60925-cbff-4324-a8e5-f8ef675dbf3f,merchant_paymind_demo,cust_819,2026-08-14T00:43:00,18987.48,INR,debit_card,route_b,Kotak,,Pune,ios,order_3852,success,,1389,0
269abdc4-22c6-4d3d-bcb8-a248f7eb8d44,merchant_paymind_demo,cust_139,2026-08-01T08:32:00,7531.06,INR,UPI,route_d,Yes Bank,,Chennai,ios,order_3853,success,,1090,0
5ea0df73-44eb-492a-a269-6556f24b36c7,merchant_paymind_demo,cust_1198,2026-08-04T10:03:00,2912.57,INR,debit_card,route_a,HDFC,,Kolkata,web,order_3854,success,,590,0
b3f3ecba-b189-467a-ad5f-4fb477de08a7,merchant_paymind_demo,cust_852,2026-08-14T21:50:00,22346.58,INR,wallet,route_a,ICICI,,Delhi,web,order_3855,success,,1305,0
58fed96a-dbb3-443a-a9dc-62e76ba98a65,merchant_paymind_demo,cust_658,2026-08-05T18:45:00,13240.3,INR,debit_card,route_a,HDFC,,Mumbai,ios,order_3856,success,,2345,0
1518920d-e788-46d3-9983-dfff5003e39d,merchant_paymind_demo,cust_614,2026-08-11T10:09:00,9267.31,INR,UPI,route_a,Yes Bank,gpay,Kolkata,ios,order_3857,success,,1472,0
753d05d6-a6a8-4cec-b1e7-18fbc28ac0cc,merchant_paymind_demo,cust_619,2026-08-19T22:28:00,23523.15,INR,credit_card,route_c,SBI,,Chennai,android,order_3858,success,,313,0
357a99bc-7b39-4d01-ac91-33de28838243,merchant_paymind_demo,cust_473,2026-08-08T18:36:00,17740.77,INR,credit_card,route_d,Kotak,,Pune,web,order_3859,success,,994,0
4bb0e9d3-5bcb-4236-be45-b851032de035,merchant_paymind_demo,cust_1167,2026-08-07T11:22:00,148.95,INR,credit_card,route_a,Axis,,Delhi,web,order_3860,success,,1508,0
7a89dbd4-5655-4d81-b4d0-98171e67075c,merchant_paymind_demo,cust_785,2026-08-02T09:53:00,22962.25,INR,credit_card,route_c,SBI,,Chennai,web,order_3861,success,,503,0
da97d8fc-c064-47c8-8a5d-ea3c15a42f68,merchant_paymind_demo,cust_512,2026-08-13T23:40:00,13160.96,INR,UPI,route_a,HDFC,bhim,Hyderabad,ios,order_3862,success,,743,0
3f1bfc97-98d9-4250-902b-b958bce8423e,merchant_paymind_demo,cust_274,2026-08-02T16:43:00,6530.98,INR,netbanking,route_a,Yes Bank,,Delhi,android,order_3863,success,,998,0
4f43b1d7-c3d0-4035-9ca6-e9954d862766,merchant_paymind_demo,cust_219,2026-08-12T02:17:00,8481.95,INR,credit_card,route_a,Axis,,Hyderabad,android,order_3864,success,,1682,0
959500af-6c0c-4933-95bc-5436c791c83d,merchant_paymind_demo,cust_176,2026-08-13T00:47:00,18311.71,INR,netbanking,route_c,SBI,,Mumbai,android,order_3865,success,,1194,0
24e2bef5-c345-41d1-944e-7afba778c84f,merchant_paymind_demo,cust_737,2026-08-17T15:07:00,20100.29,INR,credit_card,route_b,Kotak,,Bengaluru,web,order_3866,success,,575,0
e21f5390-7a4c-43e0-817d-ddfed60ad8f8,merchant_paymind_demo,cust_655,2026-08-13T13:25:00,2958.49,INR,debit_card,route_a,Yes Bank,,Bengaluru,web,order_3867,success,,2239,0
e2bf6a9a-7c67-48ab-9cd0-195703bacb6e,merchant_paymind_demo,cust_122,2026-08-17T00:25:00,8263.37,INR,wallet,route_c,Kotak,,Delhi,android,order_3868,success,,650,0
ced5a493-ed10-4b71-b3d2-387ebc9b40f7,merchant_paymind_demo,cust_211,2026-08-15T19:12:00,7114.35,INR,wallet,route_c,Kotak,,Mumbai,ios,order_3869,success,,751,0
dd08f868-7abd-4aef-9204-2ef18efe291c,merchant_paymind_demo,cust_173,2026-08-05T22:10:00,20398.41,INR,debit_card,route_c,Yes Bank,,Pune,ios,order_3870,failed,bank_timeout,6755,0
aebdb0da-71f5-40cc-8e9b-a3697e5b6d2a,merchant_paymind_demo,cust_345,2026-08-10T09:06:00,8070.11,INR,UPI,route_a,HDFC,phonepe,Kolkata,web,order_3871,success,,425,0
08b8c718-5967-4dad-b541-599a8a7c8d43,merchant_paymind_demo,cust_88,2026-08-04T11:05:00,1338.45,INR,UPI,route_c,Yes Bank,paytm,Chennai,web,order_3872,success,,2361,0
7154f0fd-5eca-4d26-981a-e25e016d4f1b,merchant_paymind_demo,cust_801,2026-08-10T04:13:00,9131.48,INR,wallet,route_c,Kotak,,Mumbai,web,order_3873,success,,901,0
0dc6ac82-a6c3-4922-ba29-f36f677307e7,merchant_paymind_demo,cust_256,2026-08-06T15:03:00,16568.75,INR,netbanking,route_d,Yes Bank,,Bengaluru,web,order_3874,success,,716,0
b129d7d8-3a5e-44aa-80ce-fa3df4b23407,merchant_paymind_demo,cust_560,2026-08-16T18:56:00,15999.65,INR,netbanking,route_a,SBI,,Delhi,android,order_3875,success,,765,0
8bee7ac7-ca04-4ca9-a560-d36c67af7a54,merchant_paymind_demo,cust_195,2026-08-03T05:43:00,4807.67,INR,wallet,route_c,ICICI,,Delhi,android,order_3876,success,,1771,0
316499fb-853b-4a29-8e46-54292514dc47,merchant_paymind_demo,cust_1093,2026-08-18T11:09:00,4312.09,INR,netbanking,route_b,SBI,,Delhi,web,order_3877,success,,1326,0
2966c14a-f1d5-4f06-9a62-19e95a80b4f3,merchant_paymind_demo,cust_303,2026-08-17T12:46:00,21924.65,INR,UPI,route_c,Axis,phonepe,Chennai,ios,order_3878,success,,634,0
0ae8f377-860a-413d-bab4-f5a36bf46b07,merchant_paymind_demo,cust_324,2026-08-01T05:28:00,24875.03,INR,credit_card,route_c,ICICI,,Kolkata,ios,order_3879,success,,950,0
ee6c4e12-2ac2-4d36-be9a-466784525618,merchant_paymind_demo,cust_904,2026-08-19T04:49:00,1031.9,INR,credit_card,route_d,Axis,,Chennai,android,order_3880,success,,1573,0
f63b41f0-1255-454f-8c9f-0519e7cacc9c,merchant_paymind_demo,cust_406,2026-08-15T19:58:00,24821.74,INR,credit_card,route_d,Yes Bank,,Pune,ios,order_3881,success,,1918,0
64cbaa6b-a482-4011-ab75-f1525d0f6cd8,merchant_paymind_demo,cust_1105,2026-08-16T22:43:00,21919.0,INR,netbanking,route_d,Axis,,Kolkata,android,order_3882,success,,607,0
a486508f-023f-4aac-aa3f-ad008176959b,merchant_paymind_demo,cust_693,2026-08-05T01:28:00,19847.62,INR,UPI,route_a,HDFC,phonepe,Kolkata,android,order_3883,success,,446,0
95c26c92-7d36-4a1e-a676-f80fc60f5163,merchant_paymind_demo,cust_39,2026-08-16T15:41:00,16846.7,INR,debit_card,route_d,ICICI,,Bengaluru,ios,order_3884,success,,863,0
c2e8e667-a303-4a66-8a1a-56503115a909,merchant_paymind_demo,cust_886,2026-08-08T21:09:00,7269.03,INR,debit_card,route_a,Axis,,Pune,web,order_3885,success,,2478,0
fb6ea516-0f21-4c6b-b513-bc84de4f5734,merchant_paymind_demo,cust_365,2026-08-12T01:05:00,24952.32,INR,wallet,route_d,Yes Bank,,Kolkata,web,order_3886,success,,1258,0
4fb17988-03de-4313-8977-98bea5d49bc7,merchant_paymind_demo,cust_380,2026-08-05T23:53:00,13911.0,INR,wallet,route_a,Kotak,,Delhi,web,order_3887,success,,1081,0
6f5ff817-b181-4555-b8b7-50d7726ccb7f,merchant_paymind_demo,cust_341,2026-08-18T16:22:00,20863.27,INR,netbanking,route_d,Kotak,,Mumbai,ios,order_3888,success,,462,0
299fbf74-8906-4018-993c-ac527131aeed,merchant_paymind_demo,cust_476,2026-08-09T00:23:00,22599.49,INR,debit_card,route_d,Yes Bank,,Delhi,android,order_3889,success,,2434,0
03b59b54-6581-4bd1-8690-cbb725d4021b,merchant_paymind_demo,cust_1186,2026-08-06T08:29:00,1815.87,INR,wallet,route_a,Yes Bank,,Chennai,web,order_3890,success,,1066,0
47b89b09-fdf1-4929-989a-bc84c845589b,merchant_paymind_demo,cust_653,2026-08-06T16:13:00,7845.91,INR,UPI,route_d,Yes Bank,gpay,Bengaluru,android,order_3891,success,,2222,0
2aac655c-2a42-43ee-b542-09a2d32b1659,merchant_paymind_demo,cust_768,2026-08-01T03:20:00,18094.2,INR,UPI,route_c,Kotak,paytm,Pune,web,order_3892,success,,1936,0
20871098-8f24-4b40-946f-abdfc6224b77,merchant_paymind_demo,cust_935,2026-08-09T14:22:00,12638.99,INR,credit_card,route_d,ICICI,,Kolkata,android,order_3893,success,,1273,0
022ae16c-0b92-4712-a405-f6b532b86ec4,merchant_paymind_demo,cust_667,2026-08-14T04:06:00,8992.15,INR,wallet,route_c,Kotak,,Bengaluru,web,order_3894,success,,1770,0
c9830e05-356b-475e-852b-5e6c55750c51,merchant_paymind_demo,cust_334,2026-08-09T10:29:00,14588.34,INR,debit_card,route_c,HDFC,,Delhi,android,order_3895,success,,441,0
39f18f7c-ced0-4922-97fd-2609d8ce6c95,merchant_paymind_demo,cust_719,2026-08-07T16:38:00,2451.87,INR,debit_card,route_d,ICICI,,Pune,web,order_3896,success,,1751,0
324f9b5c-b8eb-46ed-b724-974fccfc9312,merchant_paymind_demo,cust_204,2026-08-01T14:09:00,14936.43,INR,UPI,route_d,SBI,paytm,Mumbai,web,order_3897,success,,1243,0
3deee6c6-7afd-4b49-a7b2-afdb0b58900b,merchant_paymind_demo,cust_729,2026-08-17T16:56:00,15154.89,INR,netbanking,route_c,Yes Bank,,Mumbai,ios,order_3898,success,,565,0
eca178cd-2163-4fe2-91cc-aad481b5bc5a,merchant_paymind_demo,cust_292,2026-08-04T04:49:00,5969.58,INR,netbanking,route_b,Axis,,Kolkata,web,order_3899,success,,2294,0
70ea2fcf-a8b2-480e-a531-f8a9b5c0019e,merchant_paymind_demo,cust_955,2026-08-20T18:14:00,24015.48,INR,wallet,route_a,Yes Bank,,Delhi,web,order_3900,success,,1006,0
4fdfdc75-06e1-4a5f-95a5-9709b5e9fa7b,merchant_paymind_demo,cust_1117,2026-08-03T13:11:00,3541.19,INR,credit_card,route_a,Axis,,Mumbai,web,order_3901,success,,1242,0
66d0f789-7173-490e-8fee-08ee8a21ea94,merchant_paymind_demo,cust_630,2026-08-16T08:30:00,11105.85,INR,debit_card,route_c,ICICI,,Kolkata,android,order_3902,success,,589,0
449f47b5-1e99-4374-bfb8-fe7c976f9e9e,merchant_paymind_demo,cust_650,2026-08-14T05:29:00,10606.63,INR,credit_card,route_d,ICICI,,Mumbai,android,order_3903,success,,1552,0
3c9b5dc4-4ad2-417a-bfe2-15135e88e694,merchant_paymind_demo,cust_422,2026-08-06T10:18:00,24763.78,INR,wallet,route_a,HDFC,,Hyderabad,web,order_3904,success,,1949,0
87939ec7-1672-4e81-93bd-5af4004e8255,merchant_paymind_demo,cust_111,2026-08-19T13:52:00,10828.02,INR,credit_card,route_c,Kotak,,Bengaluru,web,order_3905,success,,407,0
c9c8b746-2f01-4b6e-bea9-78ec08b54ffd,merchant_paymind_demo,cust_1091,2026-08-03T04:10:00,12760.31,INR,UPI,route_a,ICICI,bhim,Bengaluru,web,order_3906,success,,1824,0
480a7693-0bd5-49e9-a0b5-b93ee025879a,merchant_paymind_demo,cust_92,2026-08-03T22:26:00,1739.67,INR,UPI,route_b,SBI,gpay,Pune,ios,order_3907,success,,397,0
6b52fd51-1183-4579-9f17-35fdcb29a8dd,merchant_paymind_demo,cust_94,2026-08-04T01:34:00,12969.01,INR,wallet,route_d,HDFC,,Chennai,web,order_3908,success,,2227,0
807cc209-989e-4268-bde9-6b9b1fcbe0a2,merchant_paymind_demo,cust_393,2026-08-05T04:20:00,18999.23,INR,wallet,route_c,Kotak,,Hyderabad,web,order_3909,success,,2258,0
410f4cea-8a89-414b-9f22-d01370e7e19e,merchant_paymind_demo,cust_263,2026-08-01T11:15:00,7038.6,INR,UPI,route_c,Yes Bank,bhim,Bengaluru,android,order_3910,success,,1139,0
88bada7a-57cf-4adc-865c-efb968a70686,merchant_paymind_demo,cust_214,2026-08-01T23:41:00,10313.39,INR,debit_card,route_a,HDFC,,Kolkata,android,order_3911,success,,1505,0
75d58a48-5d8a-48da-85ca-9f815f68b440,merchant_paymind_demo,cust_25,2026-08-15T07:31:00,7342.78,INR,netbanking,route_b,HDFC,,Delhi,ios,order_3912,failed,invalid_otp,4735,0
9a992e30-951e-4148-b247-c3325ffeda6c,merchant_paymind_demo,cust_273,2026-08-02T01:50:00,18032.75,INR,netbanking,route_b,Yes Bank,,Pune,android,order_3913,success,,1250,0
3aa665e6-0f34-40e1-b0cf-f45004d220c7,merchant_paymind_demo,cust_867,2026-08-18T04:20:00,21522.6,INR,wallet,route_d,ICICI,,Pune,android,order_3914,success,,2303,0
b4b792f8-4bbf-4ace-975e-c2633362c563,merchant_paymind_demo,cust_158,2026-08-17T04:10:00,13092.23,INR,netbanking,route_d,Yes Bank,,Hyderabad,ios,order_3915,success,,2311,0
213b5301-4c34-4adc-9991-7be825dc1c4c,merchant_paymind_demo,cust_897,2026-08-09T10:39:00,21625.97,INR,netbanking,route_b,Kotak,,Chennai,ios,order_3916,success,,613,0
8a996bac-e08a-49a9-9521-e245d55f37bb,merchant_paymind_demo,cust_1100,2026-08-02T21:53:00,13349.13,INR,credit_card,route_b,Kotak,,Chennai,web,order_3917,success,,958,0
f7bd3af6-37e0-40b0-b23f-0ce97d817088,merchant_paymind_demo,cust_976,2026-08-06T02:47:00,1018.93,INR,UPI,route_c,HDFC,,Bengaluru,ios,order_3918,success,,1699,0
fd64569f-56c9-4600-8029-d4e7f58b759c,merchant_paymind_demo,cust_1045,2026-08-19T09:32:00,20734.44,INR,wallet,route_d,Yes Bank,,Delhi,ios,order_3919,success,,764,0
bb69c42f-a3f6-4827-8a70-c72af38efa39,merchant_paymind_demo,cust_63,2026-08-12T08:19:00,24047.92,INR,wallet,route_d,SBI,,Pune,web,order_3920,success,,464,0
38d0e4b5-88aa-4b9d-bf6e-bb1128eed950,merchant_paymind_demo,cust_220,2026-08-08T21:57:00,21915.5,INR,credit_card,route_c,Kotak,,Bengaluru,web,order_3921,success,,1089,0
12cae700-e4a2-4d44-99b6-3d845ef23f2a,merchant_paymind_demo,cust_1105,2026-08-15T12:11:00,8165.97,INR,wallet,route_d,Yes Bank,,Delhi,android,order_3922,success,,1781,0
82849101-e112-467d-85e7-a15bced43561,merchant_paymind_demo,cust_392,2026-08-18T10:59:00,5926.68,INR,debit_card,route_b,Axis,,Mumbai,web,order_3923,success,,1595,0
6200bd0d-3e1f-4f75-8350-7f4d4e464338,merchant_paymind_demo,cust_841,2026-08-06T04:27:00,12938.22,INR,debit_card,route_d,Axis,,Mumbai,android,order_3924,failed,insufficient_funds,8052,0
de5c2a0e-1a81-4b89-9b8d-a1e5c431e47b,merchant_paymind_demo,cust_153,2026-08-18T11:16:00,8910.13,INR,netbanking,route_d,Kotak,,Pune,ios,order_3925,success,,1061,0
f677f359-35ea-459f-b4fc-2b7f8df75500,merchant_paymind_demo,cust_710,2026-08-09T04:05:00,17076.92,INR,UPI,route_c,Yes Bank,paytm,Kolkata,android,order_3926,success,,1609,0
b76f5b64-c2dc-424d-b8f6-ab28c232a3e6,merchant_paymind_demo,cust_74,2026-08-11T05:51:00,18983.18,INR,debit_card,route_d,Axis,,Chennai,web,order_3927,success,,2361,0
e6be698c-da6d-4f0e-96e1-c6f9d6e5e276,merchant_paymind_demo,cust_338,2026-08-15T15:53:00,17909.39,INR,wallet,route_b,HDFC,,Kolkata,android,order_3928,success,,458,0
ef15f262-7f05-46be-bf90-4127877bafea,merchant_paymind_demo,cust_19,2026-08-07T07:24:00,590.52,INR,netbanking,route_c,Axis,,Kolkata,android,order_3929,success,,811,0
74e3c787-2cbb-4e0d-93cf-1a8a6e71826f,merchant_paymind_demo,cust_217,2026-08-16T15:47:00,11117.65,INR,credit_card,route_d,Kotak,,Pune,android,order_3930,success,,1444,0
c0ad7981-d5ed-4ea6-8617-73795d6a1c3e,merchant_paymind_demo,cust_48,2026-08-16T19:02:00,24640.0,INR,UPI,route_d,Axis,bhim,Mumbai,web,order_3931,success,,2013,0
22320476-fdd2-4bd7-bd36-87918ac29d61,merchant_paymind_demo,cust_306,2026-08-10T20:41:00,3195.77,INR,debit_card,route_c,SBI,,Kolkata,ios,order_3932,success,,542,0
cf1e9c9a-6e09-43d5-8418-3b9fe615e6c7,merchant_paymind_demo,cust_849,2026-08-11T16:41:00,2100.0,INR,debit_card,route_a,HDFC,,Hyderabad,ios,order_3933,success,,2209,0
3bc38b19-fee8-4c84-9f2c-53e008d21254,merchant_paymind_demo,cust_322,2026-08-08T10:12:00,11607.94,INR,UPI,route_a,Yes Bank,paytm,Pune,ios,order_3934,success,,1218,0
5c2fd793-414a-44d2-ac0b-87e14180d74b,merchant_paymind_demo,cust_276,2026-08-08T00:11:00,21010.68,INR,UPI,route_d,Kotak,,Hyderabad,ios,order_3935,success,,1350,0
cc5e2df2-dc6b-46d5-b9c6-49c5da895513,merchant_paymind_demo,cust_123,2026-08-18T04:12:00,5384.05,INR,wallet,route_a,SBI,,Kolkata,android,order_3936,success,,2402,0
659bbcb2-8b39-434f-97f0-89006c6ff96d,merchant_paymind_demo,cust_906,2026-08-15T04:57:00,14890.29,INR,UPI,route_b,SBI,bhim,Kolkata,web,order_3937,success,,958,0
97077f5b-304d-4f08-8639-b66d2726b53b,merchant_paymind_demo,cust_579,2026-08-20T10:59:00,13208.54,INR,debit_card,route_a,Yes Bank,,Delhi,android,order_3938,success,,681,0
adf7db06-4871-4fb9-a230-f1044636432c,merchant_paymind_demo,cust_591,2026-08-06T13:50:00,3440.69,INR,wallet,route_a,SBI,,Bengaluru,web,order_3939,success,,1852,0
35bfe3f6-e39b-44dd-9f5f-989589d7fa71,merchant_paymind_demo,cust_256,2026-08-04T18:41:00,11619.72,INR,debit_card,route_a,Axis,,Mumbai,android,order_3940,success,,1306,0
0bc5aefa-a1fd-4e16-bc73-10542d940e63,merchant_paymind_demo,cust_943,2026-08-07T03:53:00,4985.37,INR,debit_card,route_b,SBI,,Chennai,web,order_3941,success,,2221,0
72fe71ca-1631-48d8-bf70-2f67e5cd473f,merchant_paymind_demo,cust_678,2026-08-05T18:40:00,9529.57,INR,debit_card,route_c,HDFC,,Pune,web,order_3942,failed,bank_timeout,3683,0
86636083-9068-46b0-b5b7-2aa3e930e008,merchant_paymind_demo,cust_690,2026-08-06T20:48:00,2775.06,INR,UPI,route_a,HDFC,,Kolkata,android,order_3943,success,,863,0
07e2f0a6-12cc-4492-96e8-1b4ec93b2e10,merchant_paymind_demo,cust_1002,2026-08-03T07:57:00,6233.77,INR,UPI,route_d,Yes Bank,,Delhi,android,order_3944,success,,435,0
62328833-f76b-4f05-a792-3cc940a230df,merchant_paymind_demo,cust_362,2026-08-02T17:10:00,24445.38,INR,debit_card,route_c,SBI,,Delhi,web,order_3945,success,,2036,0
24e5ac14-8541-4306-b538-9fc6d1284e63,merchant_paymind_demo,cust_501,2026-08-18T00:39:00,18865.3,INR,netbanking,route_b,Kotak,,Bengaluru,web,order_3946,success,,857,0
7f6f1e99-6e77-43f4-9986-295c2db2c2cb,merchant_paymind_demo,cust_246,2026-08-03T19:33:00,20821.36,INR,debit_card,route_a,Yes Bank,,Bengaluru,web,order_3947,success,,1574,0
fb264ba7-ad7c-4b9b-a37a-41c95e6d073c,merchant_paymind_demo,cust_847,2026-08-19T00:35:00,17559.32,INR,debit_card,route_c,SBI,,Bengaluru,android,order_3948,success,,2096,0
d3fff818-8bbf-43ad-a240-685075648538,merchant_paymind_demo,cust_316,2026-08-10T03:15:00,13272.7,INR,debit_card,route_c,HDFC,,Hyderabad,android,order_3949,success,,1404,0
4011a7e1-7487-4b84-aa30-6d9bc7c12ff7,merchant_paymind_demo,cust_637,2026-08-01T17:08:00,4615.16,INR,wallet,route_b,ICICI,,Delhi,ios,order_3950,success,,1817,0
24396bb7-015f-400d-8a32-a8350f3df255,merchant_paymind_demo,cust_713,2026-08-12T15:10:00,1446.29,INR,wallet,route_b,Yes Bank,,Pune,web,order_3951,success,,1665,0
1c2493f1-0e20-4f37-bf5f-e95acde97f68,merchant_paymind_demo,cust_62,2026-08-08T15:32:00,749.06,INR,credit_card,route_d,SBI,,Mumbai,ios,order_3952,success,,2382,0
dd8004a0-2ec3-4b70-9d00-e7c333699f8c,merchant_paymind_demo,cust_924,2026-08-19T09:26:00,5334.87,INR,UPI,route_c,SBI,phonepe,Bengaluru,android,order_3953,success,,1448,0
9566e523-fb52-4021-9bfe-986e548f9db1,merchant_paymind_demo,cust_989,2026-08-06T18:13:00,7167.59,INR,netbanking,route_c,Kotak,,Chennai,ios,order_3954,success,,1304,0
7d98938f-8128-4d02-878d-210f0bbbad59,merchant_paymind_demo,cust_579,2026-08-19T08:35:00,1369.1,INR,UPI,route_d,HDFC,bhim,Hyderabad,web,order_3955,success,,2393,0
588fd097-41ab-4eaa-8824-df44da662129,merchant_paymind_demo,cust_1119,2026-08-10T21:14:00,3191.35,INR,credit_card,route_d,SBI,,Kolkata,ios,order_3956,success,,1151,0
dacb33b4-6f6c-4aa0-82c6-8db743ee1da7,merchant_paymind_demo,cust_467,2026-08-18T20:48:00,22154.89,INR,netbanking,route_c,Yes Bank,,Kolkata,ios,order_3957,success,,1855,0
589f0dca-6aaf-4e04-ba28-1804e6d0845b,merchant_paymind_demo,cust_287,2026-08-03T18:14:00,602.38,INR,UPI,route_c,HDFC,bhim,Delhi,ios,order_3958,success,,1337,0
71461092-4c35-4df3-8c9d-6344fc05f95e,merchant_paymind_demo,cust_892,2026-08-01T23:46:00,2359.87,INR,debit_card,route_d,HDFC,,Hyderabad,web,order_3959,success,,1211,0
ed197808-8e61-41be-b28b-5e92afb1054d,merchant_paymind_demo,cust_518,2026-08-11T15:59:00,825.5,INR,credit_card,route_b,Axis,,Delhi,ios,order_3960,success,,726,0
f85d9527-78f4-4d5b-9132-dc4f79546345,merchant_paymind_demo,cust_255,2026-08-16T14:26:00,9886.33,INR,netbanking,route_a,ICICI,,Delhi,ios,order_3961,success,,540,0
fa316a31-1b44-49aa-aa7c-432fd9558757,merchant_paymind_demo,cust_1198,2026-08-07T18:16:00,6200.81,INR,credit_card,route_c,SBI,,Delhi,ios,order_3962,success,,1764,0
81c0283e-91c4-4a0d-9371-4dc66a3e103d,merchant_paymind_demo,cust_498,2026-08-10T17:24:00,2315.59,INR,credit_card,route_d,Kotak,,Bengaluru,web,order_3963,success,,1996,0
c9e94a75-5913-42a9-9cd9-151f366eaee7,merchant_paymind_demo,cust_628,2026-08-14T18:08:00,17481.3,INR,debit_card,route_c,Yes Bank,,Hyderabad,ios,order_3964,success,,2169,0
0dbc8a4c-5c83-4c30-9e10-98cea4b24322,merchant_paymind_demo,cust_355,2026-08-11T05:00:00,18142.16,INR,wallet,route_a,Axis,,Pune,ios,order_3965,success,,888,0
8f374e10-d0d3-4c8f-b656-9aad6443a040,merchant_paymind_demo,cust_1084,2026-08-06T04:50:00,3361.43,INR,netbanking,route_b,Yes Bank,,Bengaluru,android,order_3966,success,,961,0
36560e4a-3f21-4672-9563-3e9c0f7d084d,merchant_paymind_demo,cust_428,2026-08-09T23:15:00,21569.3,INR,credit_card,route_b,Axis,,Chennai,android,order_3967,success,,2190,0
2d79c2d0-69b2-4657-9f5c-d1a199d68424,merchant_paymind_demo,cust_555,2026-08-17T04:01:00,808.46,INR,netbanking,route_c,HDFC,,Bengaluru,web,order_3968,success,,1895,0
296e67aa-ac0d-4686-99ed-32a6b4d941b4,merchant_paymind_demo,cust_204,2026-08-02T20:06:00,4126.1,INR,debit_card,route_d,ICICI,,Hyderabad,android,order_3969,success,,802,0
4ad55ba6-42ef-4ebf-a418-e0dc41628ace,merchant_paymind_demo,cust_279,2026-08-17T02:18:00,21742.75,INR,UPI,route_b,Kotak,,Delhi,android,order_3970,success,,2253,0
da7e9bb6-7d54-46a2-9e16-4f412b5c7958,merchant_paymind_demo,cust_694,2026-08-14T08:56:00,8944.85,INR,debit_card,route_b,Axis,,Kolkata,ios,order_3971,success,,2308,0
4eeaa7ab-0129-4f7b-8833-3e61ed17018c,merchant_paymind_demo,cust_374,2026-08-05T16:39:00,15642.51,INR,netbanking,route_c,Yes Bank,,Bengaluru,android,order_3972,success,,1238,0
40f575f9-5566-4c71-b50b-e6ece029e108,merchant_paymind_demo,cust_273,2026-08-17T06:43:00,11039.62,INR,netbanking,route_b,Kotak,,Chennai,web,order_3973,success,,1066,0
ffab804c-d49c-47db-b7af-d6444cf1be5f,merchant_paymind_demo,cust_706,2026-08-03T17:22:00,1074.55,INR,UPI,route_b,Axis,gpay,Chennai,ios,order_3974,success,,976,0
941179d4-c634-4b4c-ae45-62f1b32e416b,merchant_paymind_demo,cust_515,2026-08-16T20:36:00,13072.03,INR,UPI,route_d,SBI,phonepe,Kolkata,ios,order_3975,success,,579,0
180ca169-66e4-4bed-a546-233b740263b7,merchant_paymind_demo,cust_976,2026-08-06T15:46:00,2829.4,INR,debit_card,route_a,SBI,,Delhi,android,order_3976,success,,1096,0
410e025a-6843-4511-b404-81cab5be28ff,merchant_paymind_demo,cust_455,2026-08-01T16:33:00,16648.38,INR,UPI,route_c,HDFC,bhim,Hyderabad,android,order_3977,success,,1254,0
6801f323-684f-4084-a61d-5d761ba5b2db,merchant_paymind_demo,cust_467,2026-08-03T09:35:00,24561.02,INR,netbanking,route_d,ICICI,,Bengaluru,android,order_3978,success,,1575,0
d6d8a350-1f40-4dd2-84ef-07a303990d81,merchant_paymind_demo,cust_328,2026-08-16T13:45:00,17273.71,INR,wallet,route_c,Kotak,,Pune,web,order_3979,success,,409,0
e9653f99-0d69-48ae-9891-e023dc49b0e2,merchant_paymind_demo,cust_1115,2026-08-17T07:07:00,512.51,INR,wallet,route_a,Axis,,Delhi,android,order_3980,success,,412,0
b3bfe1b5-e4ff-4f52-8547-776437e9d646,merchant_paymind_demo,cust_979,2026-08-02T22:38:00,21791.7,INR,wallet,route_a,Kotak,,Hyderabad,ios,order_3981,success,,1722,0
33059960-6e0a-4357-8e78-fa083794e413,merchant_paymind_demo,cust_663,2026-08-13T23:25:00,10367.49,INR,credit_card,route_a,ICICI,,Delhi,android,order_3982,success,,608,0
9a7782c1-37b0-4900-90b6-8e29718c4460,merchant_paymind_demo,cust_1057,2026-08-17T10:04:00,11640.74,INR,debit_card,route_c,HDFC,,Chennai,ios,order_3983,success,,2124,0
73d74e9c-8cbc-49e9-a596-d9732b692055,merchant_paymind_demo,cust_343,2026-08-05T11:22:00,393.33,INR,wallet,route_a,Axis,,Kolkata,android,order_3984,failed,invalid_otp,2549,0
5fb38ee9-48b9-4686-a245-b58924ab7a16,merchant_paymind_demo,cust_347,2026-08-19T02:20:00,18369.42,INR,netbanking,route_a,ICICI,,Mumbai,android,order_3985,success,,2117,0
184f97d0-c23e-461c-a8c8-b6e499d2780e,merchant_paymind_demo,cust_867,2026-08-12T05:35:00,16258.17,INR,wallet,route_d,SBI,,Bengaluru,web,order_3986,success,,1684,0
9a3407c9-7731-4318-845a-6ebb7dff2146,merchant_paymind_demo,cust_1178,2026-08-18T03:16:00,2469.3,INR,UPI,route_c,HDFC,paytm,Hyderabad,ios,order_3987,success,,1020,0
d6ba8d8c-79f6-493a-aca1-b3cbb95a34bc,merchant_paymind_demo,cust_597,2026-08-16T09:49:00,9863.99,INR,credit_card,route_d,ICICI,,Hyderabad,ios,order_3988,success,,1689,0
dd10bf2f-2693-44d7-92d7-b5c3e5c6969a,merchant_paymind_demo,cust_256,2026-08-07T13:18:00,19190.94,INR,UPI,route_b,HDFC,paytm,Kolkata,android,order_3989,success,,1407,0
ce0ccd20-f599-4355-8e5c-599231dbf589,merchant_paymind_demo,cust_531,2026-08-10T03:11:00,3698.6,INR,debit_card,route_d,Axis,,Bengaluru,web,order_3990,success,,1092,0
cfd7aad2-b6d2-4a09-aa4c-3056fb3407fe,merchant_paymind_demo,cust_413,2026-08-20T12:45:00,14371.16,INR,debit_card,route_c,HDFC,,Chennai,web,order_3991,success,,1846,0
4da904d2-9138-401f-8089-73f304483fc2,merchant_paymind_demo,cust_69,2026-08-11T01:10:00,13920.02,INR,netbanking,route_d,Kotak,,Hyderabad,web,order_3992,success,,1774,0
d1ef9cf1-2598-416c-913e-9f09d2a1250f,merchant_paymind_demo,cust_555,2026-08-15T02:55:00,1930.64,INR,wallet,route_a,HDFC,,Chennai,web,order_3993,success,,2088,0
4f7bf3a2-d3ab-49b3-9e8d-0fbdde8eac70,merchant_paymind_demo,cust_879,2026-08-07T14:12:00,23742.96,INR,netbanking,route_d,Kotak,,Delhi,web,order_3994,success,,2143,0
2664ac9f-dc9a-46f2-9d9c-b0db258ff1ef,merchant_paymind_demo,cust_650,2026-08-05T22:18:00,11390.13,INR,wallet,route_a,HDFC,,Delhi,ios,order_3995,success,,1171,0
fd80f6c9-13a0-4dc7-ab24-f20b4f5303f0,merchant_paymind_demo,cust_545,2026-08-09T02:37:00,16910.93,INR,UPI,route_b,SBI,phonepe,Chennai,web,order_3996,success,,359,0
fbc235c4-8826-4c18-b381-883d6dcd194d,merchant_paymind_demo,cust_600,2026-08-01T21:27:00,12087.7,INR,debit_card,route_b,Axis,,Bengaluru,android,order_3997,success,,2384,0
dcab998d-445b-40ec-b0f7-1e9f93aec42a,merchant_paymind_demo,cust_1188,2026-08-05T01:26:00,24644.47,INR,netbanking,route_b,HDFC,,Kolkata,android,order_3998,success,,951,0
98edd19f-6e7f-4721-9acf-3f7db4731e6b,merchant_paymind_demo,cust_702,2026-08-18T15:58:00,12433.09,INR,netbanking,route_b,SBI,,Chennai,ios,order_3999,success,,1056,0
03f9d954-7ecf-45f7-9919-7bc2b4422398,merchant_paymind_demo,cust_511,2026-08-01T02:39:00,720.26,INR,UPI,route_c,Axis,,Kolkata,web,order_4000,success,,1729,0
da561bc6-6fd1-4ae3-a3c2-d9cbf8d6b8fb,merchant_paymind_demo,cust_480,2026-08-04T05:28:00,17655.7,INR,wallet,route_b,SBI,,Kolkata,ios,order_4001,success,,1859,0
2bcb21b6-cd4d-4979-99b9-502b7bbd899a,merchant_paymind_demo,cust_1106,2026-08-18T20:25:00,18113.23,INR,UPI,route_a,SBI,bhim,Kolkata,web,order_4002,failed,bank_timeout,5336,0
a6d7fc80-ef7d-4c9a-8812-f50ffee76876,merchant_paymind_demo,cust_421,2026-08-01T16:50:00,5094.51,INR,wallet,route_c,HDFC,,Kolkata,android,order_4003,failed,gateway_error,4771,0
10acbc79-7e48-42e3-9b68-c119cad718a2,merchant_paymind_demo,cust_1056,2026-08-08T08:29:00,10870.39,INR,credit_card,route_c,Kotak,,Pune,web,order_4004,success,,2117,0
5f7a6ef7-af3e-4c82-9b7f-7c9abb770853,merchant_paymind_demo,cust_57,2026-08-17T18:09:00,12483.46,INR,netbanking,route_a,Axis,,Mumbai,android,order_4005,success,,2342,0
be4dbe1a-5539-457f-bada-612d57d4f926,merchant_paymind_demo,cust_204,2026-08-19T22:08:00,6986.01,INR,debit_card,route_b,ICICI,,Kolkata,ios,order_4006,success,,428,0
f9f87a63-37e6-4b35-9d3f-91a4b3e9f48a,merchant_paymind_demo,cust_163,2026-08-17T14:26:00,21698.73,INR,UPI,route_d,SBI,paytm,Delhi,ios,order_4007,success,,2092,0
0881defa-77ab-4964-8032-afe427171e96,merchant_paymind_demo,cust_782,2026-08-06T10:10:00,12618.16,INR,UPI,route_d,Axis,phonepe,Kolkata,android,order_4008,success,,1765,0
86ac96a8-f4df-4c5a-955b-ff6e1dcd65fa,merchant_paymind_demo,cust_617,2026-08-19T22:37:00,204.97,INR,netbanking,route_c,SBI,,Bengaluru,web,order_4009,success,,2090,0
f8b39017-0d3c-4336-80ca-3c20bf5232f0,merchant_paymind_demo,cust_306,2026-08-07T14:38:00,19019.81,INR,netbanking,route_d,SBI,,Mumbai,ios,order_4010,success,,997,0
8a566363-b43e-4050-9a49-193af0724673,merchant_paymind_demo,cust_479,2026-08-15T06:50:00,1634.82,INR,netbanking,route_a,Yes Bank,,Pune,web,order_4011,success,,2360,0
4b5456b9-5cdd-43a0-bacb-fc90ca8e09b9,merchant_paymind_demo,cust_857,2026-08-05T17:10:00,17734.61,INR,wallet,route_b,HDFC,,Pune,android,order_4012,success,,858,0
dc909d08-cb32-4505-9a78-bdb4a7477045,merchant_paymind_demo,cust_1181,2026-08-20T18:52:00,14651.52,INR,credit_card,route_b,HDFC,,Bengaluru,web,order_4013,success,,397,0
b543c1af-5571-45bd-acc5-e66c71145705,merchant_paymind_demo,cust_252,2026-08-05T19:34:00,21536.08,INR,UPI,route_b,Yes Bank,gpay,Bengaluru,web,order_4014,success,,1418,0
b5b51605-2212-40b4-8eaf-72aeb6d1e0d3,merchant_paymind_demo,cust_720,2026-08-10T13:19:00,11361.81,INR,wallet,route_d,HDFC,,Bengaluru,web,order_4015,success,,1389,0
8542c0a2-1bff-403d-9764-c27f76344abe,merchant_paymind_demo,cust_952,2026-08-15T18:56:00,17408.46,INR,UPI,route_d,HDFC,paytm,Bengaluru,ios,order_4016,success,,1244,0
2ac22cfe-ec75-4834-8267-391fb0ff1aec,merchant_paymind_demo,cust_203,2026-08-10T03:28:00,17156.27,INR,wallet,route_c,SBI,,Chennai,web,order_4017,success,,1941,0
d2a9f9d3-04ac-4682-8fbf-fb6b97d85f7e,merchant_paymind_demo,cust_922,2026-08-18T02:36:00,20373.99,INR,netbanking,route_c,Axis,,Pune,ios,order_4018,success,,1876,0
e8d8dcbb-df0f-4f39-a15e-5a577fb35111,merchant_paymind_demo,cust_985,2026-08-09T23:12:00,1219.38,INR,netbanking,route_c,ICICI,,Mumbai,web,order_4019,success,,1700,0
462998bb-112f-4b95-824d-e6313ac67ce3,merchant_paymind_demo,cust_637,2026-08-08T11:58:00,22017.57,INR,credit_card,route_b,HDFC,,Chennai,ios,order_4020,success,,554,0
3f4bcafc-b13b-46c5-a05d-4eee8bc68796,merchant_paymind_demo,cust_1101,2026-08-12T19:39:00,12402.94,INR,debit_card,route_b,Kotak,,Hyderabad,web,order_4021,success,,2297,0
1d00a054-79d9-4ddc-892d-64e3450f5ee5,merchant_paymind_demo,cust_613,2026-08-17T20:21:00,6933.06,INR,credit_card,route_b,HDFC,,Chennai,android,order_4022,success,,1781,0
a5a882b7-ea76-4359-958f-75d5eb0fe6e7,merchant_paymind_demo,cust_349,2026-08-14T12:54:00,20680.39,INR,UPI,route_d,Yes Bank,phonepe,Pune,web,order_4023,success,,2068,0
d84fb9bc-a168-4fa7-92b7-c57b7a8efca2,merchant_paymind_demo,cust_779,2026-08-19T05:07:00,11999.87,INR,debit_card,route_c,Axis,,Kolkata,ios,order_4024,failed,bank_timeout,6785,0
27cda1fa-864f-424a-8c92-d80143b19806,merchant_paymind_demo,cust_180,2026-08-06T20:19:00,6216.93,INR,UPI,route_b,HDFC,,Pune,android,order_4025,success,,1279,0
5d8d0d09-a2d3-4d72-ab46-eb02d39137b1,merchant_paymind_demo,cust_162,2026-08-03T11:15:00,23048.41,INR,credit_card,route_c,Yes Bank,,Mumbai,ios,order_4026,success,,1748,0
7897efe5-bf1f-44d6-8a1d-73c762814441,merchant_paymind_demo,cust_663,2026-08-08T19:23:00,13100.6,INR,debit_card,route_c,SBI,,Delhi,web,order_4027,success,,1485,0
943c95ff-2ea9-4b5d-a15e-7bf9f74fa298,merchant_paymind_demo,cust_805,2026-08-03T08:59:00,8622.89,INR,debit_card,route_c,ICICI,,Chennai,web,order_4028,success,,2173,0
af320f96-8fe9-4577-ae08-51a875ab2714,merchant_paymind_demo,cust_1072,2026-08-05T19:18:00,7968.66,INR,debit_card,route_d,Kotak,,Hyderabad,android,order_4029,success,,2354,0
4d6ecf27-503b-48f6-be6d-92169aac4ad0,merchant_paymind_demo,cust_183,2026-08-15T22:39:00,6076.32,INR,netbanking,route_c,Axis,,Chennai,web,order_4030,success,,2069,0
7d8a3bdc-60fa-49c6-bb25-fced52ece828,merchant_paymind_demo,cust_417,2026-08-19T09:12:00,21032.24,INR,credit_card,route_c,Yes Bank,,Pune,web,order_4031,success,,2091,0
aaa6e2c2-042f-4f0c-b2f2-d5814b36db34,merchant_paymind_demo,cust_1094,2026-08-04T04:55:00,8209.17,INR,debit_card,route_d,HDFC,,Pune,android,order_4032,success,,754,0
05c70d1c-74e7-4d7d-a69f-a260efdd86d0,merchant_paymind_demo,cust_870,2026-08-14T17:11:00,7697.65,INR,netbanking,route_d,Axis,,Pune,android,order_4033,success,,1102,0
cec30632-307d-42dd-8cf5-26d6c8f23137,merchant_paymind_demo,cust_1100,2026-08-07T11:04:00,3477.83,INR,netbanking,route_c,HDFC,,Chennai,web,order_4034,success,,2174,0
ee790fdd-7f42-4dbf-aa0c-f748d076caf7,merchant_paymind_demo,cust_1157,2026-08-17T12:58:00,20969.51,INR,credit_card,route_a,HDFC,,Kolkata,android,order_4035,success,,837,0
adc9c1d2-0920-4389-8f3d-7904e5e2ab10,merchant_paymind_demo,cust_120,2026-08-16T11:11:00,19676.33,INR,netbanking,route_c,Yes Bank,,Pune,web,order_4036,success,,821,0
f963745f-de1a-4b35-a7fe-dc1cc2daf65f,merchant_paymind_demo,cust_931,2026-08-04T14:45:00,2566.44,INR,UPI,route_b,HDFC,paytm,Pune,android,order_4037,success,,469,0
2233cbc2-f1d2-40df-9596-33a31fb9e3d2,merchant_paymind_demo,cust_784,2026-08-04T21:40:00,20665.18,INR,debit_card,route_c,Axis,,Pune,android,order_4038,success,,916,0
52dd4d06-2c55-4cf6-87bb-c2c4231b4a1b,merchant_paymind_demo,cust_690,2026-08-10T16:07:00,10230.46,INR,UPI,route_b,Kotak,phonepe,Pune,ios,order_4039,success,,449,0
11bd8db2-e270-4ccb-bfc4-3796bb6d6234,merchant_paymind_demo,cust_387,2026-08-17T15:39:00,3330.34,INR,wallet,route_b,SBI,,Delhi,web,order_4040,success,,674,0
b3ff80c2-aae3-4b32-a056-d930e862d5a8,merchant_paymind_demo,cust_110,2026-08-15T15:16:00,12388.17,INR,debit_card,route_c,Kotak,,Kolkata,web,order_4041,failed,invalid_otp,2536,0
27926788-40d1-4e1d-9868-e7e9372712ce,merchant_paymind_demo,cust_126,2026-08-04T05:04:00,22109.43,INR,debit_card,route_c,ICICI,,Kolkata,ios,order_4042,success,,501,0
306c8228-31ba-4575-86ff-96162a18e64b,merchant_paymind_demo,cust_30,2026-08-18T07:02:00,23871.33,INR,netbanking,route_b,Yes Bank,,Kolkata,android,order_4043,success,,1054,0
043f5ce5-20a3-44d5-bfe0-929bd8245e44,merchant_paymind_demo,cust_1197,2026-08-15T13:20:00,23509.49,INR,wallet,route_d,HDFC,,Delhi,ios,order_4044,success,,1405,0
26ba8a89-31ca-4f11-b471-21b3daa4d9f2,merchant_paymind_demo,cust_415,2026-08-02T22:59:00,650.01,INR,UPI,route_a,Axis,bhim,Mumbai,web,order_4045,success,,1012,0
e8cfbef3-67e0-424c-91f8-ecbfc2f6c4ef,merchant_paymind_demo,cust_495,2026-08-03T22:34:00,18924.45,INR,credit_card,route_d,Axis,,Pune,web,order_4046,success,,1203,0
06ee6de0-54a2-451c-b168-90b1097e7fd7,merchant_paymind_demo,cust_703,2026-08-06T20:29:00,11048.86,INR,netbanking,route_a,Axis,,Delhi,ios,order_4047,success,,1762,0
90dfb71d-b550-414f-8751-edd9797d333e,merchant_paymind_demo,cust_692,2026-08-08T07:01:00,7784.12,INR,netbanking,route_a,SBI,,Chennai,android,order_4048,success,,1036,0
e246bc5f-fba5-4c65-9a97-a5fe4d431e85,merchant_paymind_demo,cust_217,2026-08-08T17:27:00,22288.32,INR,netbanking,route_b,Kotak,,Delhi,web,order_4049,success,,822,0
b3729dba-bb6f-4e80-bd06-e863bc4dfba8,merchant_paymind_demo,cust_948,2026-08-17T02:33:00,1322.56,INR,wallet,route_b,HDFC,,Bengaluru,android,order_4050,success,,702,0
8df50f25-79da-4513-8b5d-23ee40abab84,merchant_paymind_demo,cust_456,2026-08-15T11:39:00,6276.54,INR,credit_card,route_a,Axis,,Delhi,ios,order_4051,success,,1653,0
a4c36689-d119-4088-9275-a4cdc219cb51,merchant_paymind_demo,cust_590,2026-08-19T11:39:00,11189.25,INR,wallet,route_b,ICICI,,Pune,web,order_4052,success,,586,0
a72fab1f-219f-431d-8b8e-e5334d41c8da,merchant_paymind_demo,cust_89,2026-08-06T00:43:00,11275.56,INR,credit_card,route_a,Yes Bank,,Hyderabad,android,order_4053,success,,906,0
ba4f7399-049e-44b1-b52e-214bed6b3a46,merchant_paymind_demo,cust_497,2026-08-13T21:51:00,17435.6,INR,netbanking,route_c,SBI,,Chennai,web,order_4054,success,,658,0
4892ba8e-23b8-47c0-bcc6-6a0ee773a64b,merchant_paymind_demo,cust_173,2026-08-18T23:19:00,18497.91,INR,debit_card,route_d,Yes Bank,,Delhi,android,order_4055,success,,437,0
5129dc65-ea1d-4b4c-9a89-24282d17faee,merchant_paymind_demo,cust_667,2026-08-14T14:36:00,2266.62,INR,netbanking,route_a,Yes Bank,,Bengaluru,ios,order_4056,success,,1076,0
d98d0203-1fc6-430c-a2f8-7603cd255cf2,merchant_paymind_demo,cust_442,2026-08-09T22:14:00,6712.79,INR,netbanking,route_c,ICICI,,Kolkata,android,order_4057,success,,2013,0
9cf5644c-b9fe-4b91-ad69-634da506d230,merchant_paymind_demo,cust_302,2026-08-04T13:21:00,17265.95,INR,wallet,route_a,Yes Bank,,Mumbai,ios,order_4058,success,,915,0
1c33b9d3-b767-41db-b562-8fc47f37af8b,merchant_paymind_demo,cust_905,2026-08-10T01:20:00,17959.19,INR,credit_card,route_b,SBI,,Delhi,ios,order_4059,success,,2383,0
1065f87d-08d0-418b-a39e-1cbd5fb5e5c0,merchant_paymind_demo,cust_1039,2026-08-11T03:35:00,23047.43,INR,UPI,route_c,Yes Bank,bhim,Mumbai,android,order_4060,success,,1194,0
8dbc7e36-cf73-4080-9304-142c58e06d2c,merchant_paymind_demo,cust_763,2026-08-05T23:04:00,1035.33,INR,credit_card,route_a,Kotak,,Mumbai,android,order_4061,success,,2032,0
bd2e4d76-8fe2-4686-8576-3f05b3dce821,merchant_paymind_demo,cust_288,2026-08-08T18:50:00,12886.25,INR,credit_card,route_d,Yes Bank,,Chennai,ios,order_4062,success,,1654,0
3225a4c9-8f51-4bbc-a9b0-0edef4d971f7,merchant_paymind_demo,cust_1130,2026-08-10T09:39:00,3058.86,INR,debit_card,route_b,Kotak,,Pune,ios,order_4063,success,,2194,0
ee967177-171f-42bf-912f-3d0a5e6bfd8e,merchant_paymind_demo,cust_562,2026-08-19T06:46:00,10557.88,INR,UPI,route_b,ICICI,phonepe,Pune,ios,order_4064,success,,1850,0
247de9ea-a3fc-4cf7-a6df-3231574b38e5,merchant_paymind_demo,cust_847,2026-08-20T11:18:00,21603.39,INR,debit_card,route_c,HDFC,,Bengaluru,ios,order_4065,success,,1982,0
91afa78a-9823-460d-b477-1381ce92249c,merchant_paymind_demo,cust_954,2026-08-08T02:43:00,12402.25,INR,credit_card,route_c,HDFC,,Kolkata,web,order_4066,success,,1800,0
b35a1ebe-37a0-4f4d-8a39-ab3334ec4303,merchant_paymind_demo,cust_1024,2026-08-10T00:12:00,14243.59,INR,UPI,route_d,SBI,,Bengaluru,web,order_4067,success,,1972,0
f1b02a5c-74da-4e07-ad39-2e155f24d898,merchant_paymind_demo,cust_26,2026-08-01T22:48:00,19651.74,INR,debit_card,route_b,Yes Bank,,Delhi,ios,order_4068,success,,1589,0
ca4edc41-02fc-4b94-b755-3736d386337f,merchant_paymind_demo,cust_810,2026-08-17T18:22:00,6837.58,INR,credit_card,route_c,Yes Bank,,Delhi,android,order_4069,success,,335,0
cc727f8c-caef-4019-a253-8c4945769ee8,merchant_paymind_demo,cust_262,2026-08-08T10:04:00,2359.9,INR,wallet,route_c,SBI,,Bengaluru,ios,order_4070,success,,1808,0
34f3b08d-06a8-4b9c-a7e4-34735272723e,merchant_paymind_demo,cust_268,2026-08-06T05:31:00,12142.59,INR,credit_card,route_d,HDFC,,Bengaluru,android,order_4071,success,,1466,0
7caef687-27e3-4a3b-a737-90d1e6e9e06d,merchant_paymind_demo,cust_629,2026-08-05T20:52:00,1482.57,INR,credit_card,route_d,HDFC,,Hyderabad,android,order_4072,success,,1203,0
9b1e46cf-485f-477a-8a68-a7f960b6bf76,merchant_paymind_demo,cust_1146,2026-08-04T05:57:00,3090.4,INR,netbanking,route_b,SBI,,Pune,android,order_4073,success,,1575,0
d51709b9-ef36-4691-b60e-34c15740c0ff,merchant_paymind_demo,cust_341,2026-08-14T19:41:00,15967.14,INR,credit_card,route_a,HDFC,,Pune,web,order_4074,success,,1551,0
13c7bfd0-af4d-4e96-bcf3-44b1861a6fc2,merchant_paymind_demo,cust_273,2026-08-13T16:11:00,6544.48,INR,wallet,route_d,Axis,,Pune,web,order_4075,success,,1645,0
376ef123-9e20-42f4-8147-ef4a04eba485,merchant_paymind_demo,cust_1118,2026-08-11T15:30:00,13485.5,INR,credit_card,route_b,Yes Bank,,Pune,ios,order_4076,success,,2343,0
74555eb9-2218-42b8-8bd6-3255caa2c5b1,merchant_paymind_demo,cust_50,2026-08-02T03:28:00,23774.56,INR,netbanking,route_d,Kotak,,Delhi,ios,order_4077,success,,1542,0
9876de19-ed85-43e4-94ed-200a843938c7,merchant_paymind_demo,cust_804,2026-08-09T14:02:00,15208.78,INR,netbanking,route_b,Axis,,Pune,android,order_4078,success,,1566,0
37e3f22c-6910-4b19-87cf-f2786674b5ca,merchant_paymind_demo,cust_1036,2026-08-04T14:42:00,21975.97,INR,credit_card,route_c,Yes Bank,,Mumbai,web,order_4079,success,,1639,0
a16318d3-677d-4056-be1d-59d94363b111,merchant_paymind_demo,cust_685,2026-08-18T21:52:00,15848.63,INR,debit_card,route_b,Kotak,,Chennai,android,order_4080,success,,1844,0
b22c9931-39fe-48ae-8eb9-0bec8304e30c,merchant_paymind_demo,cust_300,2026-08-05T19:04:00,20189.49,INR,netbanking,route_b,SBI,,Chennai,web,order_4081,success,,950,0
ca053fea-c6b0-4852-b1e6-6f4279ce5bd2,merchant_paymind_demo,cust_623,2026-08-17T08:02:00,20706.32,INR,netbanking,route_d,Kotak,,Kolkata,web,order_4082,success,,978,0
6f23761e-9df5-45b6-9fda-092ea873309c,merchant_paymind_demo,cust_554,2026-08-11T15:19:00,4462.05,INR,netbanking,route_b,SBI,,Pune,ios,order_4083,success,,2063,0
82a3e4c6-822b-45b2-82c5-547a65226c53,merchant_paymind_demo,cust_95,2026-08-09T01:01:00,2548.25,INR,netbanking,route_c,Kotak,,Pune,web,order_4084,success,,1882,0
1ff306a8-20c9-4e24-91b7-ab1cc5e38835,merchant_paymind_demo,cust_776,2026-08-20T19:11:00,12854.39,INR,UPI,route_b,Kotak,,Chennai,web,order_4085,success,,2429,0
adf12f6c-7901-47c1-9c1f-5218690a0047,merchant_paymind_demo,cust_347,2026-08-07T04:27:00,24297.99,INR,wallet,route_c,HDFC,,Kolkata,android,order_4086,success,,1775,0
ba5d89ed-4348-4476-a4b4-e67789870a90,merchant_paymind_demo,cust_875,2026-08-15T03:28:00,17696.55,INR,UPI,route_d,HDFC,phonepe,Pune,ios,order_4087,success,,1418,0
ac2a8f87-403d-4aa6-8fb8-f46072827a42,merchant_paymind_demo,cust_1107,2026-08-06T04:26:00,17400.31,INR,UPI,route_b,HDFC,,Delhi,web,order_4088,success,,413,0
2f711270-06cc-4b49-8a7d-62eed1812e3f,merchant_paymind_demo,cust_391,2026-08-07T02:17:00,11749.45,INR,UPI,route_a,ICICI,phonepe,Chennai,ios,order_4089,success,,1314,0
272214a3-6b36-4351-8d6c-6a751a526f36,merchant_paymind_demo,cust_5,2026-08-03T01:43:00,19408.6,INR,wallet,route_b,ICICI,,Kolkata,android,order_4090,success,,614,0
7da445d7-9259-4425-9f13-30f3b42a2e9e,merchant_paymind_demo,cust_1027,2026-08-18T09:27:00,9208.24,INR,netbanking,route_a,HDFC,,Pune,android,order_4091,success,,1284,0
0e10de53-0986-4511-b67c-4fd93f6518a9,merchant_paymind_demo,cust_312,2026-08-05T22:06:00,1876.24,INR,wallet,route_b,ICICI,,Kolkata,ios,order_4092,success,,1188,0
e00a8b7f-1eb7-4465-9bf6-3084ca4efa61,merchant_paymind_demo,cust_10,2026-08-14T12:12:00,13855.16,INR,UPI,route_a,ICICI,bhim,Mumbai,android,order_4093,success,,1301,0
6e55e71e-5327-4f35-bf74-16ffd4388075,merchant_paymind_demo,cust_874,2026-08-12T00:16:00,4723.08,INR,UPI,route_a,ICICI,,Bengaluru,web,order_4094,success,,374,0
4deff0e4-efc5-4ad0-bee4-ba9800ce07e1,merchant_paymind_demo,cust_935,2026-08-12T01:23:00,15908.32,INR,credit_card,route_d,Kotak,,Pune,web,order_4095,success,,356,0
e1c96225-b448-4743-ad7d-d5e0b4954071,merchant_paymind_demo,cust_216,2026-08-15T22:20:00,14566.76,INR,UPI,route_a,Axis,bhim,Kolkata,ios,order_4096,success,,1170,0
26464ff6-90ef-46f1-bb39-d895bfe808f9,merchant_paymind_demo,cust_633,2026-08-13T01:13:00,5999.53,INR,credit_card,route_b,Kotak,,Kolkata,ios,order_4097,success,,765,0
21cbfb73-5320-4320-b4e4-3eccc8767dc1,merchant_paymind_demo,cust_641,2026-08-07T11:28:00,17983.63,INR,debit_card,route_c,Axis,,Hyderabad,android,order_4098,success,,765,0
a9e27fd2-bc89-4d98-9dd4-30dc110251e7,merchant_paymind_demo,cust_120,2026-08-17T06:46:00,17264.26,INR,netbanking,route_d,HDFC,,Delhi,ios,order_4099,success,,876,0
75422ec0-9cae-4e5a-a9c8-53319c62ffb4,merchant_paymind_demo,cust_68,2026-08-20T04:48:00,6400.16,INR,wallet,route_a,Kotak,,Delhi,web,order_4100,success,,2428,0
d9f555ee-ff53-448d-9d8a-cd208268c374,merchant_paymind_demo,cust_1117,2026-08-17T13:05:00,5092.53,INR,UPI,route_a,ICICI,phonepe,Delhi,android,order_4101,success,,1858,0
22033fc7-cfd2-4736-baca-c8fe0bd5b665,merchant_paymind_demo,cust_440,2026-08-05T01:11:00,6669.2,INR,UPI,route_a,Kotak,phonepe,Delhi,web,order_4102,failed,invalid_otp,3531,0
d415fbd2-f906-46bb-8017-f2e942dd11cf,merchant_paymind_demo,cust_740,2026-08-04T08:35:00,16405.74,INR,netbanking,route_a,ICICI,,Mumbai,android,order_4103,success,,757,0
95d1d95e-51c5-426e-85a8-f77e58125cdc,merchant_paymind_demo,cust_1156,2026-08-08T21:08:00,18152.39,INR,UPI,route_b,Kotak,phonepe,Delhi,ios,order_4104,success,,2323,0
4a6a502d-8198-4b44-89d2-441ac7ead129,merchant_paymind_demo,cust_171,2026-08-10T02:56:00,11176.06,INR,UPI,route_a,HDFC,bhim,Chennai,web,order_4105,success,,2499,0
ba6fa621-8e70-45df-96e6-1f584d202031,merchant_paymind_demo,cust_15,2026-08-05T02:02:00,8030.47,INR,netbanking,route_c,ICICI,,Hyderabad,ios,order_4106,success,,1350,0
cc0cd4b8-2613-4930-aabd-1f18fc6b8328,merchant_paymind_demo,cust_479,2026-08-18T17:49:00,442.72,INR,credit_card,route_b,HDFC,,Hyderabad,web,order_4107,success,,1524,0
f15b8acc-428e-4d27-be74-6ef0832d217c,merchant_paymind_demo,cust_693,2026-08-05T17:59:00,16035.88,INR,UPI,route_a,SBI,gpay,Bengaluru,android,order_4108,success,,617,0
3531125b-3711-45dd-8f4f-70694e724cee,merchant_paymind_demo,cust_153,2026-08-02T09:07:00,16635.35,INR,wallet,route_a,Axis,,Bengaluru,ios,order_4109,success,,310,0
ab4b0b14-7a25-4ba0-a1f9-b630fc7a51f4,merchant_paymind_demo,cust_656,2026-08-04T17:27:00,13716.33,INR,wallet,route_d,Axis,,Chennai,android,order_4110,success,,1253,0
155a083a-4b97-4b44-9596-86286e63e165,merchant_paymind_demo,cust_894,2026-08-11T06:53:00,15268.79,INR,netbanking,route_a,Yes Bank,,Mumbai,web,order_4111,success,,1230,0
3c249602-e370-4deb-bc65-1040152c36ef,merchant_paymind_demo,cust_805,2026-08-07T04:52:00,16513.99,INR,UPI,route_a,SBI,,Delhi,ios,order_4112,success,,1642,0
1d2d8d4a-3bc9-4b54-9166-a8264ae4403b,merchant_paymind_demo,cust_335,2026-08-11T01:19:00,4216.6,INR,UPI,route_d,ICICI,phonepe,Hyderabad,android,order_4113,success,,405,0
afc12bec-828c-41c6-a990-057cdde9244b,merchant_paymind_demo,cust_1121,2026-08-06T09:01:00,3304.38,INR,UPI,route_c,HDFC,gpay,Kolkata,android,order_4114,success,,558,0
5646ef9f-0123-45fd-be9d-eb5cfe68e05b,merchant_paymind_demo,cust_875,2026-08-05T10:44:00,21253.31,INR,credit_card,route_a,HDFC,,Hyderabad,web,order_4115,success,,461,0
9faf928f-4ca6-4693-b022-1530edea8c75,merchant_paymind_demo,cust_621,2026-08-01T22:38:00,10060.68,INR,debit_card,route_a,HDFC,,Pune,ios,order_4116,failed,invalid_otp,5888,0
292da92e-2125-4de3-a039-0960aee8bcfa,merchant_paymind_demo,cust_944,2026-08-02T02:46:00,16723.92,INR,UPI,route_c,Kotak,paytm,Kolkata,ios,order_4117,success,,2084,0
82e84924-3c06-4bf9-9b9d-45819d7e8ab8,merchant_paymind_demo,cust_400,2026-08-15T08:28:00,16451.23,INR,wallet,route_b,SBI,,Kolkata,android,order_4118,success,,2134,0
8897b33c-5416-4da6-9989-a4df84ba1cd2,merchant_paymind_demo,cust_610,2026-08-13T08:33:00,17134.26,INR,wallet,route_b,Kotak,,Pune,web,order_4119,failed,insufficient_funds,6731,0
169bfa28-94f1-4930-8d9d-fc9710c8eed4,merchant_paymind_demo,cust_205,2026-08-18T03:16:00,23723.33,INR,UPI,route_c,SBI,bhim,Chennai,web,order_4120,success,,1947,0
901c11ff-165d-43c4-8fa1-fe3c17d43800,merchant_paymind_demo,cust_146,2026-08-14T07:11:00,21519.77,INR,netbanking,route_b,SBI,,Hyderabad,ios,order_4121,success,,418,0
a6c8f725-00ef-478e-83f0-c287170742c8,merchant_paymind_demo,cust_1164,2026-08-04T11:42:00,19764.19,INR,UPI,route_d,Axis,paytm,Bengaluru,android,order_4122,success,,2279,0
b14b2b82-3bbf-4d9f-93d7-7b5fab5f539b,merchant_paymind_demo,cust_83,2026-08-03T22:24:00,22113.54,INR,netbanking,route_b,Kotak,,Mumbai,ios,order_4123,success,,1733,0
852eae52-f0e4-4257-872f-d67d3cfc86ca,merchant_paymind_demo,cust_1034,2026-08-20T21:18:00,4095.96,INR,credit_card,route_d,Yes Bank,,Delhi,ios,order_4124,success,,1076,0
0bf3feda-4c01-4cdc-a1e7-da1f17e8dac6,merchant_paymind_demo,cust_724,2026-08-15T11:24:00,14722.0,INR,credit_card,route_b,Kotak,,Bengaluru,web,order_4125,success,,2242,0
a87d7433-a201-49ea-89e4-4c049eca269c,merchant_paymind_demo,cust_1029,2026-08-12T08:26:00,4407.56,INR,credit_card,route_d,ICICI,,Hyderabad,web,order_4126,success,,1078,0
d7a32db8-84c7-4a87-a4e3-b67ddcb209e8,merchant_paymind_demo,cust_696,2026-08-16T22:36:00,11841.31,INR,credit_card,route_a,ICICI,,Pune,ios,order_4127,success,,422,0
adbc453b-c6cd-4fc7-b0ac-5b84f352712d,merchant_paymind_demo,cust_1031,2026-08-10T02:56:00,16666.16,INR,wallet,route_b,Yes Bank,,Hyderabad,web,order_4128,success,,1562,0
ff1a1fd9-9154-4a30-9be3-4b4031537bda,merchant_paymind_demo,cust_586,2026-08-07T01:34:00,3426.11,INR,netbanking,route_d,ICICI,,Hyderabad,web,order_4129,success,,1252,0
35d0a0c9-1030-4e3a-9815-3c8ee8dfd211,merchant_paymind_demo,cust_805,2026-08-19T02:45:00,16942.02,INR,debit_card,route_b,Yes Bank,,Delhi,web,order_4130,success,,617,0
7ef5577d-03c9-4a44-98b9-ea878583fe56,merchant_paymind_demo,cust_853,2026-08-16T01:16:00,11376.65,INR,wallet,route_b,ICICI,,Chennai,android,order_4131,success,,1665,0
8153f886-ba97-428f-a4ae-a763f49a8f88,merchant_paymind_demo,cust_639,2026-08-01T01:37:00,23479.96,INR,credit_card,route_b,HDFC,,Kolkata,android,order_4132,success,,1983,0
643c0d4e-b365-4070-bf58-88145c18aca8,merchant_paymind_demo,cust_554,2026-08-18T17:44:00,1524.56,INR,netbanking,route_c,Yes Bank,,Delhi,android,order_4133,success,,1833,0
ea8cc8f3-e2ca-4940-8d00-68e286ca05e1,merchant_paymind_demo,cust_524,2026-08-16T16:18:00,24624.48,INR,netbanking,route_b,Axis,,Delhi,ios,order_4134,success,,1001,0
f28867dc-3a8a-4662-96e7-776d0fc5bb96,merchant_paymind_demo,cust_373,2026-08-05T22:35:00,4914.21,INR,wallet,route_d,HDFC,,Bengaluru,ios,order_4135,success,,1390,0
92570793-f552-4f21-af19-5931d5e4f44d,merchant_paymind_demo,cust_241,2026-08-17T20:14:00,22698.62,INR,debit_card,route_c,ICICI,,Bengaluru,ios,order_4136,success,,903,0
9ad5840f-d8c9-4957-9a46-43497dccfc7d,merchant_paymind_demo,cust_957,2026-08-08T17:25:00,6665.19,INR,UPI,route_c,SBI,,Bengaluru,ios,order_4137,success,,1483,0
dad9bb32-8261-4ef5-ac25-724751b72395,merchant_paymind_demo,cust_166,2026-08-15T09:02:00,13877.63,INR,credit_card,route_c,ICICI,,Kolkata,web,order_4138,success,,1529,0
81cf5caa-bdd1-4890-9593-49477cf0df42,merchant_paymind_demo,cust_225,2026-08-09T08:28:00,1911.13,INR,netbanking,route_a,HDFC,,Chennai,ios,order_4139,success,,2311,0
01b5459d-0600-4a1c-beef-40fa9c97bfc5,merchant_paymind_demo,cust_516,2026-08-16T00:47:00,9715.51,INR,wallet,route_b,Kotak,,Hyderabad,web,order_4140,success,,2111,0
a63acc24-ddd1-4880-afbd-c6949f22f171,merchant_paymind_demo,cust_419,2026-08-08T08:30:00,5399.47,INR,credit_card,route_d,SBI,,Kolkata,web,order_4141,success,,784,0
6a6b1c18-c150-4fab-b3f0-cbe22d361d57,merchant_paymind_demo,cust_5,2026-08-02T09:23:00,11644.71,INR,debit_card,route_a,SBI,,Bengaluru,web,order_4142,success,,608,0
b71028ec-df0b-482e-8cae-af755a8d6365,merchant_paymind_demo,cust_570,2026-08-11T22:12:00,22091.91,INR,wallet,route_b,Yes Bank,,Delhi,android,order_4143,success,,1691,0
edffc61d-c37c-48a1-a6d6-492df1aea079,merchant_paymind_demo,cust_1143,2026-08-04T21:40:00,6538.88,INR,netbanking,route_b,HDFC,,Mumbai,web,order_4144,success,,2360,0
0865de6b-00ad-4fb4-9a19-e20c3ca5a3cf,merchant_paymind_demo,cust_829,2026-08-07T19:45:00,22607.02,INR,UPI,route_b,Yes Bank,bhim,Hyderabad,web,order_4145,success,,1872,0
2bed7173-8484-44a0-8e58-655ed12d2e44,merchant_paymind_demo,cust_98,2026-08-19T14:43:00,15910.45,INR,credit_card,route_c,Yes Bank,,Chennai,android,order_4146,success,,2043,0
d35fc67a-2215-49a2-a88c-bfa97ae72dc6,merchant_paymind_demo,cust_798,2026-08-03T14:23:00,18148.58,INR,netbanking,route_d,Kotak,,Pune,ios,order_4147,success,,1292,0
1cda39ec-5d74-4a3d-9164-1fb3782a85cc,merchant_paymind_demo,cust_210,2026-08-19T11:29:00,3718.53,INR,netbanking,route_a,Kotak,,Chennai,web,order_4148,success,,451,0
694d0b17-5f6a-488f-a490-0666614ab9aa,merchant_paymind_demo,cust_870,2026-08-02T18:20:00,21245.13,INR,netbanking,route_c,Axis,,Mumbai,ios,order_4149,success,,336,0
00bb2180-4b09-4205-b5df-a991138338ba,merchant_paymind_demo,cust_338,2026-08-08T05:54:00,105.53,INR,UPI,route_b,HDFC,bhim,Mumbai,android,order_4150,success,,1341,0
cc3a918a-c5dc-4fe0-a713-73a56f9a1afc,merchant_paymind_demo,cust_985,2026-08-04T18:08:00,13970.15,INR,UPI,route_d,Kotak,phonepe,Pune,android,order_4151,success,,762,0
7e81127b-81a3-4645-b216-ca3d1f40ece8,merchant_paymind_demo,cust_801,2026-08-02T19:39:00,6643.62,INR,credit_card,route_c,ICICI,,Bengaluru,android,order_4152,success,,2192,0
e3f02393-2645-4fb0-a7db-8df3a3200de4,merchant_paymind_demo,cust_780,2026-08-15T01:26:00,15132.55,INR,wallet,route_d,Kotak,,Bengaluru,android,order_4153,success,,432,0
b02298d5-484b-4397-bdd5-31056f8f1ab5,merchant_paymind_demo,cust_586,2026-08-02T22:17:00,6992.7,INR,UPI,route_c,ICICI,paytm,Chennai,android,order_4154,success,,2248,0
302baf44-9a71-4652-9246-8e1a506b1078,merchant_paymind_demo,cust_348,2026-08-06T14:43:00,17653.64,INR,credit_card,route_d,HDFC,,Pune,ios,order_4155,success,,1808,0
6f1571d1-6d07-4bf0-9b2d-24a3fdfa7759,merchant_paymind_demo,cust_660,2026-08-17T20:03:00,14994.41,INR,credit_card,route_c,Axis,,Bengaluru,web,order_4156,success,,2227,0
eb9253b4-db21-48f1-a1a4-6daaf756a65e,merchant_paymind_demo,cust_1004,2026-08-16T23:33:00,19133.94,INR,netbanking,route_b,Kotak,,Delhi,android,order_4157,success,,1692,0
4c8f0acb-6c32-4b6a-a149-0d513cfd4827,merchant_paymind_demo,cust_1178,2026-08-11T16:15:00,16518.93,INR,debit_card,route_b,Axis,,Chennai,ios,order_4158,success,,364,0
fade72b4-0ad1-4204-a4fa-db42e8194585,merchant_paymind_demo,cust_205,2026-08-01T22:02:00,9255.85,INR,netbanking,route_b,Kotak,,Bengaluru,web,order_4159,success,,2493,0
50362ae5-dd09-49e2-983b-991864d9d80e,merchant_paymind_demo,cust_575,2026-08-19T14:21:00,21182.04,INR,UPI,route_a,ICICI,paytm,Kolkata,ios,order_4160,success,,404,0
4385f6bc-7bfc-4cc0-b9aa-5bea4e84e0d1,merchant_paymind_demo,cust_1130,2026-08-15T09:31:00,10274.88,INR,credit_card,route_d,Axis,,Pune,android,order_4161,success,,2016,0
32564b02-2a78-4649-912b-06fba25b81c5,merchant_paymind_demo,cust_959,2026-08-09T22:31:00,476.42,INR,credit_card,route_d,SBI,,Kolkata,android,order_4162,success,,1002,0
bca0bd43-47eb-459e-946b-19b304f9cd30,merchant_paymind_demo,cust_1025,2026-08-07T14:54:00,3281.79,INR,UPI,route_b,Yes Bank,phonepe,Chennai,ios,order_4163,success,,1470,0
86d6c7b0-6f92-4aaa-9a60-5b1b517e9bf4,merchant_paymind_demo,cust_268,2026-08-20T10:43:00,6971.71,INR,UPI,route_c,HDFC,,Bengaluru,web,order_4164,success,,1259,0
f501be9e-9543-4913-95ea-499cd7c5a32b,merchant_paymind_demo,cust_493,2026-08-08T15:42:00,3979.07,INR,debit_card,route_c,Yes Bank,,Delhi,ios,order_4165,success,,2156,0
e4d0dcda-84b8-4c79-8a2c-0c889e2bf612,merchant_paymind_demo,cust_916,2026-08-17T10:42:00,22368.01,INR,wallet,route_c,SBI,,Chennai,android,order_4166,success,,2290,0
f63e4f98-b535-47f3-8dd3-3a6a1eaff76f,merchant_paymind_demo,cust_723,2026-08-17T13:16:00,23016.1,INR,debit_card,route_b,SBI,,Mumbai,android,order_4167,success,,998,0
a8b0f28f-fd63-4897-88b9-0f9335088898,merchant_paymind_demo,cust_1129,2026-08-19T20:59:00,7296.47,INR,debit_card,route_d,Kotak,,Kolkata,web,order_4168,success,,510,0
4289604a-2486-4c62-9aad-348ca548048c,merchant_paymind_demo,cust_665,2026-08-18T14:05:00,4288.94,INR,UPI,route_b,Axis,,Kolkata,web,order_4169,success,,1017,0
88fb0423-061e-4ca5-80e3-da65f77421cd,merchant_paymind_demo,cust_877,2026-08-08T10:59:00,21940.39,INR,wallet,route_b,Kotak,,Chennai,ios,order_4170,success,,1343,0
9e8371e0-04cb-427a-985a-e9ea90de7770,merchant_paymind_demo,cust_1155,2026-08-15T00:43:00,1365.75,INR,wallet,route_a,ICICI,,Pune,web,order_4171,success,,1690,0
cc1c98f5-c87e-4a25-b3b7-d048f0a69f55,merchant_paymind_demo,cust_2,2026-08-02T08:08:00,14028.75,INR,debit_card,route_a,SBI,,Hyderabad,web,order_4172,failed,insufficient_funds,3055,0
f736412e-a003-4929-a133-b9942133952c,merchant_paymind_demo,cust_1156,2026-08-17T20:01:00,8030.98,INR,debit_card,route_c,ICICI,,Kolkata,web,order_4173,success,,1695,0
734bd3cb-4b7e-4b30-b249-920879215354,merchant_paymind_demo,cust_414,2026-08-16T09:01:00,23542.63,INR,UPI,route_d,Axis,phonepe,Bengaluru,android,order_4174,success,,1464,0
9e10536b-e085-468c-b17a-eb9740cc0f25,merchant_paymind_demo,cust_268,2026-08-17T10:51:00,10887.93,INR,netbanking,route_b,HDFC,,Bengaluru,android,order_4175,success,,2393,0
ea8d6c45-1c26-4cee-aeea-aea3bc93ab4d,merchant_paymind_demo,cust_815,2026-08-18T23:46:00,6189.39,INR,debit_card,route_c,Axis,,Mumbai,android,order_4176,success,,2459,0
3751600a-3912-4113-a1fb-b30348a7ad77,merchant_paymind_demo,cust_1016,2026-08-05T07:08:00,11248.15,INR,wallet,route_b,Yes Bank,,Chennai,ios,order_4177,success,,1072,0
56b35385-e232-4e56-8997-866b6ba9fc20,merchant_paymind_demo,cust_85,2026-08-07T12:39:00,2605.12,INR,credit_card,route_a,Axis,,Mumbai,ios,order_4178,success,,497,0
37920996-3a16-49f1-aef6-ac27381b4c90,merchant_paymind_demo,cust_474,2026-08-02T09:23:00,12639.85,INR,credit_card,route_c,SBI,,Bengaluru,android,order_4179,success,,2467,0
62e35668-13ed-42f3-80a2-bdfeffed18f3,merchant_paymind_demo,cust_881,2026-08-02T05:36:00,16641.01,INR,debit_card,route_a,Yes Bank,,Hyderabad,android,order_4180,success,,657,0
b3243fd8-dfc9-4186-b4c0-575c6cc4a65f,merchant_paymind_demo,cust_1134,2026-08-13T07:04:00,1254.57,INR,credit_card,route_b,Yes Bank,,Mumbai,android,order_4181,success,,1284,0
015db973-45af-43d2-a859-e1b113331ae6,merchant_paymind_demo,cust_847,2026-08-12T08:20:00,23491.59,INR,netbanking,route_d,Axis,,Delhi,ios,order_4182,success,,1701,0
4f06bea3-08d6-405c-9c80-e11dab41bb79,merchant_paymind_demo,cust_732,2026-08-08T22:22:00,7504.94,INR,netbanking,route_a,ICICI,,Bengaluru,web,order_4183,success,,753,0
a6d99865-c531-4549-975c-16f5202dd0d6,merchant_paymind_demo,cust_513,2026-08-05T14:20:00,8987.79,INR,wallet,route_a,HDFC,,Mumbai,android,order_4184,success,,1863,0
6e0951a1-b795-4b9a-b51a-c94b527b58e6,merchant_paymind_demo,cust_646,2026-08-09T10:52:00,5175.32,INR,wallet,route_a,Kotak,,Hyderabad,web,order_4185,success,,854,0
2999b6d4-c21b-4320-9e86-3a0236c9f5f1,merchant_paymind_demo,cust_387,2026-08-15T20:30:00,23657.61,INR,credit_card,route_a,ICICI,,Bengaluru,web,order_4186,success,,586,0
a72a85dd-2635-434d-9a9a-c77c4ec6a942,merchant_paymind_demo,cust_1066,2026-08-08T03:58:00,8442.21,INR,debit_card,route_a,Axis,,Mumbai,android,order_4187,success,,1842,0
5f68b460-0134-4d5e-9bde-de457bcfe813,merchant_paymind_demo,cust_284,2026-08-19T05:03:00,19901.27,INR,debit_card,route_a,Axis,,Chennai,ios,order_4188,failed,insufficient_funds,4620,0
29928a47-15a9-4796-b79f-d4c9d1097f62,merchant_paymind_demo,cust_609,2026-08-07T22:57:00,20383.41,INR,UPI,route_d,Axis,phonepe,Mumbai,ios,order_4189,success,,1470,0
dc860155-81bb-4644-840b-f1a28511ea38,merchant_paymind_demo,cust_523,2026-08-16T00:56:00,3438.45,INR,wallet,route_d,ICICI,,Mumbai,android,order_4190,success,,1454,0
20ab42b9-399b-4e16-b2b9-e916b0a508f7,merchant_paymind_demo,cust_671,2026-08-19T18:35:00,11975.75,INR,UPI,route_b,SBI,phonepe,Pune,android,order_4191,success,,945,0
ef085145-427c-46a2-ac65-53f7c0e1b9fe,merchant_paymind_demo,cust_740,2026-08-12T13:01:00,15519.1,INR,credit_card,route_d,Axis,,Kolkata,android,order_4192,success,,958,0
533bed6a-3934-4ad5-ac27-2ab63154cbb3,merchant_paymind_demo,cust_1100,2026-08-07T00:26:00,13291.51,INR,debit_card,route_a,Kotak,,Pune,web,order_4193,success,,1529,0
c8ea9815-98c1-45fc-9280-e2c77307ae76,merchant_paymind_demo,cust_170,2026-08-09T17:45:00,16983.52,INR,wallet,route_c,Kotak,,Hyderabad,android,order_4194,success,,1431,0
26f765b0-eb7d-4615-8708-056f1682fdcc,merchant_paymind_demo,cust_807,2026-08-15T22:42:00,24994.34,INR,debit_card,route_c,Axis,,Bengaluru,ios,order_4195,success,,891,0
69e6857d-30ce-4f3b-8a70-1b3159f866b0,merchant_paymind_demo,cust_13,2026-08-01T16:28:00,6482.8,INR,credit_card,route_c,ICICI,,Bengaluru,android,order_4196,success,,2455,0
3632b693-3df6-4cff-a2f5-d57d8d2d3f51,merchant_paymind_demo,cust_749,2026-08-08T12:21:00,6428.36,INR,netbanking,route_a,HDFC,,Hyderabad,web,order_4197,success,,2224,0
30610792-0f35-49b2-9d56-7100b1581c44,merchant_paymind_demo,cust_710,2026-08-18T09:31:00,1174.05,INR,netbanking,route_c,Axis,,Chennai,android,order_4198,success,,1235,0
6769ed42-8c56-469c-aa75-2da7ba1b2520,merchant_paymind_demo,cust_704,2026-08-02T00:16:00,18585.45,INR,netbanking,route_a,HDFC,,Kolkata,web,order_4199,success,,1568,0
1f6c19ee-4798-46cf-89a8-155ca67fdcdf,merchant_paymind_demo,cust_67,2026-08-19T20:33:00,15899.38,INR,UPI,route_b,SBI,bhim,Mumbai,web,order_4200,success,,1316,0
b894b6af-02c0-4707-9956-3837e30638ec,merchant_paymind_demo,cust_454,2026-08-16T02:25:00,7486.91,INR,UPI,route_d,Kotak,,Delhi,web,order_4201,success,,659,0
73d66231-805c-4e60-923d-30024c12332f,merchant_paymind_demo,cust_717,2026-08-11T22:55:00,8124.16,INR,netbanking,route_b,Axis,,Bengaluru,ios,order_4202,success,,1033,0
6b568ad8-6302-4b75-bbc4-6be50a489fb2,merchant_paymind_demo,cust_413,2026-08-20T18:42:00,3181.28,INR,wallet,route_d,Axis,,Pune,web,order_4203,success,,1686,0
55f37953-c2ff-465d-9dbc-0a5832b21557,merchant_paymind_demo,cust_107,2026-08-10T14:57:00,22686.38,INR,UPI,route_d,Kotak,,Mumbai,ios,order_4204,success,,1768,0
0170458d-b1e0-4dc1-aabe-f5ebde5d5477,merchant_paymind_demo,cust_666,2026-08-09T07:13:00,20904.48,INR,netbanking,route_d,HDFC,,Kolkata,ios,order_4205,success,,1998,0
a2ede767-be94-45e4-8cea-98290243f8fb,merchant_paymind_demo,cust_618,2026-08-01T23:33:00,14163.55,INR,wallet,route_d,Yes Bank,,Delhi,ios,order_4206,success,,1327,0
ff4abda5-0776-482e-9c6c-bcbca33deb09,merchant_paymind_demo,cust_700,2026-08-13T22:34:00,22071.08,INR,netbanking,route_c,HDFC,,Pune,ios,order_4207,success,,777,0
8cb11e93-e4de-4aeb-a7a2-a3866fa7d07b,merchant_paymind_demo,cust_685,2026-08-10T10:49:00,24604.68,INR,UPI,route_b,ICICI,paytm,Bengaluru,android,order_4208,success,,2392,0
7481c0ca-1cfc-45d6-be0f-b019d51e5650,merchant_paymind_demo,cust_828,2026-08-02T12:47:00,14856.8,INR,credit_card,route_a,ICICI,,Pune,web,order_4209,success,,2059,0
bfff2997-7eea-417a-81b2-82bd4203b360,merchant_paymind_demo,cust_639,2026-08-13T16:45:00,20995.69,INR,wallet,route_d,Kotak,,Chennai,web,order_4210,success,,1545,0
0c403819-d99a-4163-b4fe-48231a89e79f,merchant_paymind_demo,cust_1040,2026-08-15T06:41:00,15182.6,INR,wallet,route_d,Yes Bank,,Delhi,android,order_4211,success,,2040,0
28917f2b-7d98-4a4b-80a2-40e6f50bdc41,merchant_paymind_demo,cust_332,2026-08-12T06:09:00,15693.01,INR,credit_card,route_c,Yes Bank,,Delhi,ios,order_4212,success,,1050,0
aa1702ec-a49b-426b-ba53-622d3fc2ddf7,merchant_paymind_demo,cust_1154,2026-08-17T15:38:00,2010.6,INR,credit_card,route_c,ICICI,,Delhi,android,order_4213,success,,793,0
5fd19084-e6bb-4518-8297-0d6f8bb4062b,merchant_paymind_demo,cust_831,2026-08-14T08:15:00,22922.02,INR,credit_card,route_a,HDFC,,Chennai,ios,order_4214,success,,1134,0
1e3d471d-02f6-4f5c-877d-31ed5a0376c7,merchant_paymind_demo,cust_186,2026-08-13T23:39:00,20646.11,INR,UPI,route_d,ICICI,bhim,Pune,web,order_4215,success,,369,0
0ba5d44d-be7e-4c07-98e1-43b0d910aee3,merchant_paymind_demo,cust_709,2026-08-06T03:32:00,20316.98,INR,wallet,route_a,Axis,,Kolkata,android,order_4216,success,,1011,0
17e64d2f-7586-4317-838d-b912f7c6a5cb,merchant_paymind_demo,cust_387,2026-08-08T22:13:00,10458.61,INR,credit_card,route_b,Yes Bank,,Pune,ios,order_4217,failed,gateway_error,5725,0
b7677bd6-aad3-4bea-bd62-d0657fa699b0,merchant_paymind_demo,cust_593,2026-08-04T18:46:00,19170.46,INR,debit_card,route_c,HDFC,,Mumbai,ios,order_4218,success,,334,0
6a108fca-dbb6-4d2e-beea-7114eeef8294,merchant_paymind_demo,cust_327,2026-08-11T16:00:00,5120.82,INR,UPI,route_b,ICICI,paytm,Kolkata,web,order_4219,success,,1013,0
45627386-3381-4dd2-938b-94e033e65cb6,merchant_paymind_demo,cust_781,2026-08-05T17:03:00,18716.33,INR,netbanking,route_c,ICICI,,Pune,web,order_4220,success,,1239,0
baceb3cd-1ca6-4623-894d-69f504c8bc7f,merchant_paymind_demo,cust_166,2026-08-03T15:18:00,13941.89,INR,debit_card,route_b,HDFC,,Delhi,web,order_4221,success,,313,0
ad0c2ac5-c772-47f4-9e4a-64dd0dfde6e0,merchant_paymind_demo,cust_1194,2026-08-08T11:57:00,12664.12,INR,netbanking,route_d,ICICI,,Pune,android,order_4222,success,,1671,0
a418ab51-0f5e-4165-92ae-ce430de9eb8a,merchant_paymind_demo,cust_132,2026-08-17T03:50:00,2619.22,INR,credit_card,route_b,Kotak,,Kolkata,android,order_4223,success,,2211,0
1f7da94e-cca2-41b8-a861-c21912ccb2eb,merchant_paymind_demo,cust_62,2026-08-19T10:06:00,23484.45,INR,netbanking,route_d,Axis,,Chennai,ios,order_4224,success,,1236,0
800a9d6c-ff3b-4f2c-a83a-5adffeaf39b4,merchant_paymind_demo,cust_623,2026-08-11T22:13:00,4420.91,INR,netbanking,route_a,Yes Bank,,Delhi,android,order_4225,success,,1996,0
63a39067-cf55-4ac4-935c-a3ec5f40b141,merchant_paymind_demo,cust_574,2026-08-08T15:39:00,303.76,INR,debit_card,route_b,Yes Bank,,Chennai,web,order_4226,success,,501,0
c0d384b1-f9aa-4473-b3f8-009279310ca7,merchant_paymind_demo,cust_570,2026-08-01T16:51:00,20823.44,INR,credit_card,route_d,SBI,,Delhi,ios,order_4227,success,,1110,0
ee804149-719d-4bdc-9bb4-6a0433dd22bd,merchant_paymind_demo,cust_319,2026-08-17T04:01:00,6310.79,INR,UPI,route_c,ICICI,bhim,Pune,ios,order_4228,success,,1998,0
914c7284-12ec-4276-97ab-f44cab8edd03,merchant_paymind_demo,cust_1193,2026-08-15T08:48:00,8590.47,INR,netbanking,route_b,HDFC,,Bengaluru,ios,order_4229,success,,2353,0
03711a30-d3d7-4f73-914e-845e05b5b81b,merchant_paymind_demo,cust_935,2026-08-18T23:16:00,1723.12,INR,netbanking,route_d,SBI,,Delhi,ios,order_4230,success,,1496,0
0c4d8d90-060d-4631-9397-01c0098e176c,merchant_paymind_demo,cust_1026,2026-08-09T02:10:00,4041.34,INR,wallet,route_b,Kotak,,Hyderabad,android,order_4231,success,,316,0
67487aa9-4aa3-4d87-acbe-f211693f3c9b,merchant_paymind_demo,cust_567,2026-08-14T08:38:00,11696.79,INR,UPI,route_d,Axis,paytm,Hyderabad,android,order_4232,success,,1307,0
ebc4898a-b653-4276-88a0-ccec3b9cabc7,merchant_paymind_demo,cust_837,2026-08-20T12:06:00,8833.62,INR,netbanking,route_d,SBI,,Delhi,web,order_4233,success,,982,0
4325c916-bca7-4f56-916c-44131e1bb4b9,merchant_paymind_demo,cust_793,2026-08-03T11:16:00,21000.04,INR,credit_card,route_c,Yes Bank,,Bengaluru,web,order_4234,success,,397,0
87a31040-9434-4750-8d4d-3d514d088b2b,merchant_paymind_demo,cust_1151,2026-08-20T11:24:00,6625.33,INR,credit_card,route_c,ICICI,,Pune,web,order_4235,success,,1348,0
c74d7418-053f-4fcd-bc18-d5af9f0e5a93,merchant_paymind_demo,cust_839,2026-08-20T15:33:00,9907.44,INR,debit_card,route_b,Kotak,,Hyderabad,ios,order_4236,success,,1705,0
168985b1-5933-472e-8631-5e357db4afaf,merchant_paymind_demo,cust_70,2026-08-17T02:08:00,22375.08,INR,debit_card,route_a,Yes Bank,,Bengaluru,web,order_4237,failed,invalid_otp,7900,0
4c9feff3-7e6c-491b-8c57-9f1208645995,merchant_paymind_demo,cust_1056,2026-08-05T06:24:00,3584.09,INR,netbanking,route_b,Kotak,,Pune,web,order_4238,success,,1793,0
fedb70f7-e58e-45cd-8aaa-398cae6e3de5,merchant_paymind_demo,cust_786,2026-08-19T08:45:00,430.86,INR,wallet,route_a,Kotak,,Kolkata,ios,order_4239,success,,656,0
17980fc5-d5c2-4126-aa9f-4277310558a0,merchant_paymind_demo,cust_63,2026-08-10T10:40:00,9602.4,INR,credit_card,route_c,Yes Bank,,Delhi,ios,order_4240,success,,440,0
27259519-0a99-4ddf-9b58-e3dfda85be7b,merchant_paymind_demo,cust_86,2026-08-10T23:23:00,3438.51,INR,wallet,route_b,HDFC,,Kolkata,android,order_4241,success,,1179,0
775b4775-4cf0-4949-b9b3-e6f35215823f,merchant_paymind_demo,cust_206,2026-08-02T12:25:00,3990.69,INR,wallet,route_d,Axis,,Kolkata,ios,order_4242,success,,2055,0
522cac2a-9ff1-4b58-abdb-9dafd2f9710c,merchant_paymind_demo,cust_36,2026-08-05T12:52:00,16189.36,INR,credit_card,route_b,SBI,,Kolkata,ios,order_4243,success,,2361,0
b63897ce-6ae7-4238-9ad2-2239ce9991b9,merchant_paymind_demo,cust_769,2026-08-09T05:28:00,10542.16,INR,credit_card,route_a,Axis,,Pune,android,order_4244,success,,310,0
4e0f3c3d-ec09-4613-93b8-2d66d975f3e5,merchant_paymind_demo,cust_668,2026-08-12T03:48:00,20147.94,INR,debit_card,route_b,Kotak,,Chennai,ios,order_4245,success,,2259,0
70ed677b-ee54-4f3e-9875-ee838df09a82,merchant_paymind_demo,cust_801,2026-08-19T15:07:00,11292.25,INR,UPI,route_b,HDFC,bhim,Bengaluru,web,order_4246,success,,323,0
12f49ecf-8626-4d7b-bb94-3f76755aa802,merchant_paymind_demo,cust_700,2026-08-07T03:45:00,24693.95,INR,wallet,route_d,Yes Bank,,Delhi,web,order_4247,success,,505,0
6b74afb9-2351-40b1-a0eb-b0035c616919,merchant_paymind_demo,cust_1030,2026-08-10T18:09:00,13368.31,INR,debit_card,route_a,ICICI,,Bengaluru,android,order_4248,success,,687,0
8eb3c5d1-7644-4f19-986f-47af80a01687,merchant_paymind_demo,cust_361,2026-08-10T14:41:00,20986.05,INR,credit_card,route_d,ICICI,,Bengaluru,ios,order_4249,success,,2328,0
a15ac57a-e309-4a95-9c2d-8276160681e2,merchant_paymind_demo,cust_67,2026-08-13T19:46:00,8228.09,INR,wallet,route_a,SBI,,Mumbai,android,order_4250,success,,1503,0
fd0147a4-330a-48a4-a460-1c5a1fe579f8,merchant_paymind_demo,cust_647,2026-08-14T20:15:00,19697.17,INR,netbanking,route_a,HDFC,,Mumbai,android,order_4251,success,,527,0
77644750-9bc2-494e-be0d-3e6de54de79f,merchant_paymind_demo,cust_1064,2026-08-12T12:35:00,23457.71,INR,UPI,route_c,Axis,bhim,Kolkata,web,order_4252,success,,1249,0
035db254-250b-48be-ac9d-1176964cae20,merchant_paymind_demo,cust_580,2026-08-06T13:15:00,21121.51,INR,debit_card,route_b,Kotak,,Pune,android,order_4253,success,,1431,0
ec7b8d3a-6587-4c15-aa82-d0c7ef823bd5,merchant_paymind_demo,cust_1177,2026-08-13T02:04:00,7983.02,INR,UPI,route_d,Axis,gpay,Hyderabad,android,order_4254,success,,887,0
6af64b50-d867-4e04-b7b6-0b21b4a38eec,merchant_paymind_demo,cust_28,2026-08-08T23:13:00,7380.14,INR,UPI,route_c,Yes Bank,phonepe,Bengaluru,web,order_4255,success,,577,0
eab10014-2aa8-44b1-860c-830cafac6790,merchant_paymind_demo,cust_1194,2026-08-15T22:22:00,1094.15,INR,UPI,route_c,Kotak,paytm,Kolkata,web,order_4256,success,,358,0
f80bb6f3-7ef0-4d76-a1c0-589ca50eafa6,merchant_paymind_demo,cust_1183,2026-08-07T10:23:00,1623.18,INR,wallet,route_b,SBI,,Hyderabad,ios,order_4257,success,,448,0
b4d98dc6-c17e-4657-bb12-c65e551a8d3e,merchant_paymind_demo,cust_286,2026-08-06T14:50:00,13967.66,INR,credit_card,route_d,Yes Bank,,Chennai,ios,order_4258,success,,1894,0
4cf6a077-9ef8-403b-b0ab-fefc597b4d8f,merchant_paymind_demo,cust_794,2026-08-19T22:03:00,4174.7,INR,netbanking,route_c,HDFC,,Delhi,ios,order_4259,failed,insufficient_funds,7305,0
3301c7d7-8fab-4f95-b9e5-d38599db23fe,merchant_paymind_demo,cust_964,2026-08-13T12:26:00,5485.79,INR,credit_card,route_d,SBI,,Bengaluru,web,order_4260,success,,1096,0
2df9f886-46d1-4da6-918b-9d90bc55e96b,merchant_paymind_demo,cust_1046,2026-08-05T11:20:00,10216.3,INR,UPI,route_b,Yes Bank,,Pune,android,order_4261,success,,2133,0
e4810e17-935f-43f5-bb32-2161b2c3144e,merchant_paymind_demo,cust_783,2026-08-06T12:21:00,12769.5,INR,UPI,route_a,Axis,gpay,Bengaluru,ios,order_4262,success,,627,0
0ced2090-e6d2-46c6-ae5a-467a7b6aec37,merchant_paymind_demo,cust_456,2026-08-06T01:55:00,20631.33,INR,wallet,route_a,HDFC,,Kolkata,ios,order_4263,success,,2386,0
58301d2f-9e38-485e-9ba2-a2432e92f238,merchant_paymind_demo,cust_897,2026-08-19T20:51:00,11254.46,INR,netbanking,route_d,Axis,,Mumbai,web,order_4264,success,,859,0
c3c72db5-5728-4f78-ad2f-75b5a2b4d3ff,merchant_paymind_demo,cust_277,2026-08-18T08:49:00,882.57,INR,wallet,route_b,HDFC,,Delhi,web,order_4265,success,,2118,0
0e4535d7-7e70-415b-8717-df39c8ce9de5,merchant_paymind_demo,cust_553,2026-08-01T18:17:00,8970.17,INR,debit_card,route_b,ICICI,,Pune,android,order_4266,success,,1156,0
7fc6c3ef-6603-4cfb-a4c1-cd3135ca1c8e,merchant_paymind_demo,cust_897,2026-08-12T02:57:00,13270.12,INR,netbanking,route_a,Kotak,,Kolkata,web,order_4267,failed,bank_timeout,4181,0
3b688e54-605f-4b66-a15b-7f97d5f13534,merchant_paymind_demo,cust_359,2026-08-09T14:26:00,8124.55,INR,wallet,route_d,HDFC,,Delhi,ios,order_4268,success,,1454,0
814e37bc-8a8e-4ff9-b22b-ccc17915df16,merchant_paymind_demo,cust_977,2026-08-06T21:19:00,17465.44,INR,wallet,route_a,Yes Bank,,Pune,ios,order_4269,success,,1595,0
d424ac0f-b1c3-44fe-8947-3127e10dbb14,merchant_paymind_demo,cust_364,2026-08-09T02:07:00,11112.89,INR,credit_card,route_c,SBI,,Pune,web,order_4270,success,,2478,0
c5a3267c-7071-484b-9f38-fa26f75bf8d7,merchant_paymind_demo,cust_662,2026-08-04T04:11:00,18021.5,INR,credit_card,route_a,Yes Bank,,Mumbai,web,order_4271,success,,1796,0
1c261a9e-41b4-47dd-bd8a-125da233b0aa,merchant_paymind_demo,cust_211,2026-08-19T15:14:00,2849.82,INR,UPI,route_d,Axis,phonepe,Kolkata,android,order_4272,success,,1710,0
c862e5b0-ac80-404b-a800-fb1775e1b070,merchant_paymind_demo,cust_877,2026-08-07T12:39:00,18413.91,INR,UPI,route_d,HDFC,paytm,Mumbai,web,order_4273,success,,1994,0
d3cf8fe5-6cbd-40f3-8b4c-d67b3c22b7b5,merchant_paymind_demo,cust_1116,2026-08-05T14:28:00,12624.92,INR,wallet,route_b,HDFC,,Kolkata,web,order_4274,failed,bank_timeout,4123,0
1554f6b6-4473-40fc-8f12-055723dffae5,merchant_paymind_demo,cust_124,2026-08-05T00:55:00,18997.08,INR,netbanking,route_c,Kotak,,Chennai,android,order_4275,success,,1318,0
c8487b29-b2e5-4d79-8be2-afcdd0129cf9,merchant_paymind_demo,cust_705,2026-08-09T13:47:00,5108.63,INR,debit_card,route_b,ICICI,,Kolkata,web,order_4276,success,,917,0
2248eca2-ed5a-4ae1-a65e-b7157b862c63,merchant_paymind_demo,cust_737,2026-08-04T03:35:00,7008.47,INR,credit_card,route_c,Axis,,Mumbai,ios,order_4277,success,,615,0
e45fc041-4089-42ac-9dd4-3de799eb30f3,merchant_paymind_demo,cust_691,2026-08-17T10:33:00,11789.2,INR,debit_card,route_b,Axis,,Delhi,web,order_4278,success,,330,0
cc1f4e39-9b2f-420c-8808-c3fa42de0b7c,merchant_paymind_demo,cust_552,2026-08-16T09:51:00,18487.69,INR,credit_card,route_b,Axis,,Mumbai,ios,order_4279,success,,750,0
436f569c-c762-4c99-b88f-db6683aa708a,merchant_paymind_demo,cust_799,2026-08-18T14:06:00,4059.58,INR,wallet,route_d,Kotak,,Chennai,web,order_4280,success,,1327,0
33182571-1c84-483a-a2c6-b82dd3f918ec,merchant_paymind_demo,cust_369,2026-08-05T21:44:00,15833.25,INR,netbanking,route_a,ICICI,,Pune,web,order_4281,success,,1711,0
8bde49c4-b151-425d-87be-597742a6d055,merchant_paymind_demo,cust_910,2026-08-18T02:44:00,21763.01,INR,debit_card,route_b,Axis,,Hyderabad,android,order_4282,success,,1075,0
bb2a266f-fa15-444a-9c87-c391afdda7ae,merchant_paymind_demo,cust_318,2026-08-05T01:40:00,18111.41,INR,UPI,route_c,HDFC,phonepe,Pune,android,order_4283,success,,871,0
3c010bc8-e251-45fc-81ad-ee188399b282,merchant_paymind_demo,cust_2,2026-08-20T17:31:00,23478.98,INR,wallet,route_d,ICICI,,Bengaluru,android,order_4284,success,,1326,0
1493f979-003a-41c6-9262-1cc3f496dd97,merchant_paymind_demo,cust_739,2026-08-07T05:57:00,8576.06,INR,UPI,route_c,HDFC,,Hyderabad,android,order_4285,success,,1603,0
7fe59649-b906-4eec-ad21-119d42dc14e3,merchant_paymind_demo,cust_490,2026-08-02T22:42:00,6568.91,INR,wallet,route_a,HDFC,,Delhi,ios,order_4286,success,,1947,0
35ec4d2c-02ba-4d10-bbe2-18496dd726ac,merchant_paymind_demo,cust_325,2026-08-12T11:50:00,3809.03,INR,credit_card,route_d,ICICI,,Bengaluru,web,order_4287,failed,invalid_otp,7016,0
0c52525b-162f-449c-aa5f-fe231389b0cc,merchant_paymind_demo,cust_915,2026-08-14T04:31:00,20342.44,INR,UPI,route_d,SBI,bhim,Mumbai,ios,order_4288,success,,2363,0
6c1efbd0-faa7-4341-b34a-ebd7fffe6845,merchant_paymind_demo,cust_286,2026-08-03T02:27:00,4907.74,INR,wallet,route_c,HDFC,,Hyderabad,ios,order_4289,success,,1007,0
95d82c37-d0c8-4a15-ab0d-d6379a5dd37c,merchant_paymind_demo,cust_1099,2026-08-08T03:20:00,9679.07,INR,wallet,route_b,SBI,,Chennai,ios,order_4290,success,,507,0
2b467185-c596-4a29-a7d6-6886f6a31cb2,merchant_paymind_demo,cust_1103,2026-08-04T23:29:00,5311.97,INR,wallet,route_b,SBI,,Hyderabad,ios,order_4291,success,,1025,0
4f2a032f-3a1a-4894-a120-656247f3ddce,merchant_paymind_demo,cust_593,2026-08-09T23:45:00,11697.43,INR,wallet,route_b,Axis,,Delhi,android,order_4292,success,,1924,0
4d16fe83-00ab-47be-9c8f-4c839be3da8b,merchant_paymind_demo,cust_1135,2026-08-07T16:17:00,9716.75,INR,credit_card,route_a,Axis,,Delhi,web,order_4293,success,,1914,0
867fa229-807c-4b79-ac47-cc4108ab47ac,merchant_paymind_demo,cust_30,2026-08-06T08:40:00,23619.82,INR,credit_card,route_d,SBI,,Hyderabad,android,order_4294,success,,2411,0
993c0256-7afa-45b2-bc5d-5ed8a2749dd0,merchant_paymind_demo,cust_1024,2026-08-07T09:37:00,14295.53,INR,debit_card,route_a,Axis,,Kolkata,android,order_4295,success,,1340,0
af273469-b9c0-44ab-a34c-baac8b0ff1c7,merchant_paymind_demo,cust_71,2026-08-06T04:55:00,23572.49,INR,credit_card,route_a,Yes Bank,,Pune,android,order_4296,success,,1890,0
4e12f5c2-eac8-415c-90c7-15786137a8a1,merchant_paymind_demo,cust_769,2026-08-10T19:40:00,4514.15,INR,netbanking,route_b,Kotak,,Bengaluru,ios,order_4297,success,,1603,0
15d699fe-186f-441b-bbbd-41b9ebea1957,merchant_paymind_demo,cust_6,2026-08-13T03:19:00,15909.74,INR,debit_card,route_d,Kotak,,Kolkata,ios,order_4298,success,,923,0
f6a74163-7415-4f7e-b8bc-140a720402fe,merchant_paymind_demo,cust_721,2026-08-02T17:28:00,19107.0,INR,credit_card,route_a,Yes Bank,,Mumbai,web,order_4299,success,,1578,0
9254e05b-886f-4ffa-9a4a-d42eae2d0115,merchant_paymind_demo,cust_75,2026-08-09T16:58:00,18291.3,INR,wallet,route_d,Yes Bank,,Mumbai,web,order_4300,success,,546,0
1b839e27-93b6-4a79-ba5c-c6745615fb2f,merchant_paymind_demo,cust_13,2026-08-07T17:45:00,10500.03,INR,credit_card,route_a,Yes Bank,,Mumbai,ios,order_4301,success,,1372,0
c12c4b9e-a3b8-429c-952c-ad0722f4a2ed,merchant_paymind_demo,cust_409,2026-08-12T15:08:00,20741.32,INR,wallet,route_a,Yes Bank,,Chennai,android,order_4302,success,,1579,0
6d729013-191a-455a-9a09-8c4b5debee63,merchant_paymind_demo,cust_49,2026-08-10T11:25:00,9752.09,INR,debit_card,route_d,Kotak,,Hyderabad,ios,order_4303,success,,1608,0
792597fc-74ab-4253-be7f-3fd025dfe835,merchant_paymind_demo,cust_453,2026-08-20T07:19:00,20701.39,INR,netbanking,route_a,Axis,,Bengaluru,android,order_4304,success,,1027,0
ec2f3cd3-d975-4b03-bf16-ad2fb43d1a69,merchant_paymind_demo,cust_434,2026-08-18T14:48:00,13144.55,INR,debit_card,route_b,SBI,,Bengaluru,web,order_4305,success,,1341,0
6c346f1f-882e-434d-9b54-02ce1fca1fe8,merchant_paymind_demo,cust_139,2026-08-15T14:44:00,23128.87,INR,UPI,route_d,ICICI,,Hyderabad,ios,order_4306,success,,398,0
3af69d95-4b04-416b-8ab2-2d91db85ab3f,merchant_paymind_demo,cust_53,2026-08-08T20:59:00,15985.41,INR,credit_card,route_a,Axis,,Chennai,ios,order_4307,success,,686,0
4a76d987-6f1b-4ba8-96ab-faa9b66c62eb,merchant_paymind_demo,cust_480,2026-08-06T01:26:00,16443.6,INR,debit_card,route_a,Axis,,Kolkata,android,order_4308,success,,1343,0
5c0331c9-2b69-49da-b878-c4e3d3bb058e,merchant_paymind_demo,cust_649,2026-08-09T02:52:00,6423.92,INR,netbanking,route_a,ICICI,,Hyderabad,web,order_4309,success,,979,0
2a270550-84f9-410a-b86c-25435ee85acf,merchant_paymind_demo,cust_1186,2026-08-05T01:05:00,3957.52,INR,debit_card,route_b,Kotak,,Pune,web,order_4310,success,,595,0
83048ee3-6c0b-4087-a557-2cf9e4e6b7e6,merchant_paymind_demo,cust_371,2026-08-02T01:58:00,12749.83,INR,debit_card,route_c,ICICI,,Mumbai,ios,order_4311,success,,1907,0
5ccbaea1-3831-44dc-8989-d80d0b01a396,merchant_paymind_demo,cust_324,2026-08-10T11:46:00,15201.57,INR,wallet,route_b,SBI,,Mumbai,ios,order_4312,failed,insufficient_funds,5909,0
2c7e7163-f643-466a-ae06-fedba5c8ed8e,merchant_paymind_demo,cust_279,2026-08-07T08:07:00,18758.4,INR,credit_card,route_a,ICICI,,Hyderabad,ios,order_4313,success,,1277,0
faf25881-04fa-477e-a2b0-b1f3f286a204,merchant_paymind_demo,cust_346,2026-08-09T07:32:00,1193.4,INR,UPI,route_b,Axis,paytm,Hyderabad,ios,order_4314,success,,922,0
db2ae826-1d46-4511-8f66-3b24b85d904c,merchant_paymind_demo,cust_1036,2026-08-07T09:51:00,7427.41,INR,credit_card,route_b,Axis,,Pune,ios,order_4315,success,,1753,0
fc87fb27-5b39-4be0-9faf-94c922ba992e,merchant_paymind_demo,cust_1197,2026-08-14T11:14:00,6687.13,INR,debit_card,route_c,Yes Bank,,Hyderabad,android,order_4316,success,,1082,0
c9b7ec86-934c-4a5d-8ca0-0b0bb29bc300,merchant_paymind_demo,cust_1071,2026-08-10T08:23:00,16032.11,INR,credit_card,route_a,SBI,,Hyderabad,ios,order_4317,success,,1306,0
b8c7db56-ec26-448c-8d91-4a4dc4b4d68e,merchant_paymind_demo,cust_96,2026-08-12T17:26:00,8017.12,INR,credit_card,route_a,SBI,,Mumbai,ios,order_4318,success,,2393,0
58e8eac9-2518-4697-a6d8-c8fe3a413686,merchant_paymind_demo,cust_686,2026-08-14T07:14:00,741.91,INR,netbanking,route_c,HDFC,,Hyderabad,android,order_4319,success,,1165,0
54503050-d348-43c0-93ba-0294892e1a4d,merchant_paymind_demo,cust_215,2026-08-02T08:24:00,15376.51,INR,netbanking,route_d,SBI,,Bengaluru,ios,order_4320,success,,2227,0
77adc7cb-8b60-45c1-acb1-c60f8c54047f,merchant_paymind_demo,cust_1164,2026-08-03T10:33:00,17310.78,INR,wallet,route_d,HDFC,,Chennai,ios,order_4321,success,,340,0
91325188-f7c0-4fc5-911c-095df2d9aa75,merchant_paymind_demo,cust_525,2026-08-09T02:43:00,9892.39,INR,UPI,route_c,Kotak,bhim,Bengaluru,web,order_4322,success,,2293,0
39974618-d300-4991-9eb7-7928679c3f12,merchant_paymind_demo,cust_570,2026-08-14T15:03:00,9490.1,INR,credit_card,route_d,HDFC,,Chennai,android,order_4323,success,,1197,0
e68295aa-f115-470c-a71b-b3e6ebb92370,merchant_paymind_demo,cust_119,2026-08-18T11:09:00,7340.0,INR,netbanking,route_d,SBI,,Mumbai,android,order_4324,success,,327,0
ad276a7d-8a02-41c4-8097-93b730b58db8,merchant_paymind_demo,cust_4,2026-08-05T09:22:00,10937.09,INR,wallet,route_b,Kotak,,Pune,android,order_4325,success,,1756,0
0ceac7f8-466f-4042-b1d0-b4333bf9c64b,merchant_paymind_demo,cust_1200,2026-08-15T05:24:00,7086.88,INR,credit_card,route_c,ICICI,,Hyderabad,android,order_4326,success,,1795,0
a1190ab9-9216-4a8b-89a9-0cc9513ca9d7,merchant_paymind_demo,cust_281,2026-08-10T00:13:00,15212.13,INR,UPI,route_c,Axis,bhim,Bengaluru,android,order_4327,success,,2063,0
4d5f446a-883c-433c-9ced-64cc33147b2e,merchant_paymind_demo,cust_1145,2026-08-02T04:01:00,5464.86,INR,netbanking,route_a,Axis,,Delhi,ios,order_4328,success,,2224,0
f7a84401-c89e-4eb0-89ad-e1fb965c509e,merchant_paymind_demo,cust_646,2026-08-04T09:37:00,6577.54,INR,wallet,route_a,ICICI,,Bengaluru,android,order_4329,success,,2296,0
6b34e3db-c7cb-4116-91c4-c87673e74c0e,merchant_paymind_demo,cust_321,2026-08-14T21:02:00,20757.6,INR,netbanking,route_b,Kotak,,Delhi,android,order_4330,success,,1156,0
c0e77b17-8874-4f79-868a-a1372c98ba53,merchant_paymind_demo,cust_733,2026-08-06T11:15:00,15005.42,INR,wallet,route_b,Yes Bank,,Pune,ios,order_4331,success,,471,0
b82ea78b-d943-4b69-b526-25769b3d69ef,merchant_paymind_demo,cust_709,2026-08-05T06:47:00,4561.97,INR,wallet,route_d,ICICI,,Bengaluru,web,order_4332,success,,423,0
946891e7-ddc2-41ee-a2d1-ed4ce3a7968a,merchant_paymind_demo,cust_1002,2026-08-20T00:26:00,18009.21,INR,UPI,route_d,SBI,paytm,Pune,ios,order_4333,success,,1126,0
db413f60-4d24-45e2-a6e1-17d6c62bf425,merchant_paymind_demo,cust_76,2026-08-07T06:26:00,19033.23,INR,netbanking,route_a,Kotak,,Chennai,ios,order_4334,success,,2487,0
d82f0e39-6318-4ab6-ba6f-19deded5ca2d,merchant_paymind_demo,cust_747,2026-08-19T17:24:00,19806.82,INR,UPI,route_c,Kotak,bhim,Chennai,android,order_4335,success,,1876,0
989ff52d-5d14-44bc-90c7-a63f88281f8e,merchant_paymind_demo,cust_65,2026-08-16T02:15:00,5054.24,INR,UPI,route_c,HDFC,paytm,Chennai,android,order_4336,success,,1944,0
d78aa214-1087-46bb-a54a-60f86b2afe58,merchant_paymind_demo,cust_1189,2026-08-03T04:44:00,23066.7,INR,wallet,route_a,SBI,,Kolkata,android,order_4337,success,,2335,0
810557db-9c40-402c-9482-3b02b505308c,merchant_paymind_demo,cust_570,2026-08-05T21:11:00,840.84,INR,debit_card,route_b,HDFC,,Pune,web,order_4338,success,,2373,0
e4113b8c-16ae-4d5a-8832-a969b4d6c71e,merchant_paymind_demo,cust_140,2026-08-16T09:58:00,17986.78,INR,netbanking,route_a,Axis,,Bengaluru,web,order_4339,success,,2194,0
39813ca5-f8a2-4d81-a129-ff6361721b05,merchant_paymind_demo,cust_507,2026-08-08T00:19:00,19091.78,INR,credit_card,route_a,HDFC,,Bengaluru,web,order_4340,success,,1659,0
708de2be-2c13-43c6-afa3-ac2dfca0cc26,merchant_paymind_demo,cust_860,2026-08-11T05:21:00,23329.46,INR,netbanking,route_a,ICICI,,Chennai,ios,order_4341,success,,2254,0
8e47c3e8-7459-4084-8314-f1bdcb109833,merchant_paymind_demo,cust_137,2026-08-13T14:08:00,24221.54,INR,credit_card,route_a,ICICI,,Kolkata,ios,order_4342,success,,2487,0
be9197ab-1337-4005-8740-1317bb38223c,merchant_paymind_demo,cust_338,2026-08-06T21:02:00,14457.43,INR,wallet,route_a,Kotak,,Chennai,android,order_4343,success,,2470,0
36d8c364-0302-4368-9b4f-4a9e837fceb4,merchant_paymind_demo,cust_713,2026-08-16T09:56:00,24984.75,INR,debit_card,route_c,SBI,,Delhi,ios,order_4344,success,,1229,0
d7b843f3-5ddc-42bd-998c-303e8fabbe10,merchant_paymind_demo,cust_570,2026-08-05T21:08:00,11420.54,INR,UPI,route_d,ICICI,gpay,Hyderabad,ios,order_4345,success,,1809,0
f02a368e-c61f-4fb8-9faa-8e6c89568366,merchant_paymind_demo,cust_1012,2026-08-01T11:54:00,12351.59,INR,wallet,route_a,Axis,,Kolkata,web,order_4346,success,,1346,0
08dfe0e3-96e1-4409-859c-171ba9233416,merchant_paymind_demo,cust_196,2026-08-07T03:59:00,18755.87,INR,debit_card,route_a,HDFC,,Mumbai,web,order_4347,success,,1413,0
5608f6b4-b5e4-467e-8d8e-75729e2c5982,merchant_paymind_demo,cust_757,2026-08-10T08:04:00,1176.14,INR,UPI,route_b,HDFC,gpay,Pune,ios,order_4348,success,,1579,0
f0da8f9f-b9a2-4036-b039-21adfdfdfe3c,merchant_paymind_demo,cust_996,2026-08-04T14:47:00,14628.59,INR,UPI,route_b,ICICI,,Hyderabad,web,order_4349,success,,1652,0
3a1c7a21-b553-4556-b99d-b10d24b20b84,merchant_paymind_demo,cust_423,2026-08-17T21:34:00,6721.08,INR,debit_card,route_d,Kotak,,Kolkata,web,order_4350,success,,911,0
1fa17b46-86e5-4982-b8bc-f926d09ea35c,merchant_paymind_demo,cust_984,2026-08-16T16:38:00,4912.91,INR,debit_card,route_d,Axis,,Pune,ios,order_4351,success,,1429,0
60e75dd4-f74b-4ed6-90de-c2d492024291,merchant_paymind_demo,cust_751,2026-08-12T13:50:00,22538.33,INR,netbanking,route_d,Kotak,,Pune,web,order_4352,success,,1296,0
909380f4-0b6a-423e-82df-eee77514afaa,merchant_paymind_demo,cust_123,2026-08-20T02:28:00,17536.25,INR,netbanking,route_b,Kotak,,Pune,web,order_4353,success,,885,0
00711298-efe2-49e6-a832-8b92d0b3d0d6,merchant_paymind_demo,cust_113,2026-08-19T02:46:00,10782.6,INR,debit_card,route_d,Axis,,Mumbai,web,order_4354,success,,1626,0
d813112b-ffdd-40e2-8c77-c59a76b794e9,merchant_paymind_demo,cust_5,2026-08-18T11:20:00,15897.72,INR,credit_card,route_d,SBI,,Delhi,web,order_4355,success,,382,0
90d56014-a776-4bdd-a254-2fc96d5955e3,merchant_paymind_demo,cust_324,2026-08-08T23:15:00,9456.67,INR,debit_card,route_a,HDFC,,Bengaluru,android,order_4356,success,,1123,0
db875f77-eb75-440e-98d6-980fdeddb199,merchant_paymind_demo,cust_813,2026-08-20T06:25:00,12380.36,INR,UPI,route_c,ICICI,bhim,Kolkata,android,order_4357,success,,2093,0
25639cdf-13ff-4e50-a516-86afdcd28883,merchant_paymind_demo,cust_918,2026-08-14T02:23:00,24822.41,INR,UPI,route_d,HDFC,bhim,Chennai,android,order_4358,success,,1634,0
fa602ab7-3c43-4362-8c75-4e9b2e70c4eb,merchant_paymind_demo,cust_606,2026-08-05T01:27:00,24989.54,INR,UPI,route_d,ICICI,,Pune,web,order_4359,success,,396,0
0276a817-0ee6-4dfb-aec6-138786e80ad4,merchant_paymind_demo,cust_1122,2026-08-15T07:33:00,2562.26,INR,debit_card,route_d,Axis,,Chennai,android,order_4360,success,,987,0
d3774687-8ff7-4be2-8861-17f1209c29a0,merchant_paymind_demo,cust_713,2026-08-08T02:23:00,6202.04,INR,netbanking,route_a,Axis,,Pune,android,order_4361,failed,insufficient_funds,4609,0
3a90dafd-8e5e-43b3-8c94-b8bcc713e25c,merchant_paymind_demo,cust_863,2026-08-07T04:56:00,22150.46,INR,wallet,route_b,SBI,,Chennai,android,order_4362,success,,1458,0
cd2a9f3c-84ec-4dae-9c8a-88c4adf049d3,merchant_paymind_demo,cust_1050,2026-08-04T14:03:00,24528.01,INR,netbanking,route_a,Yes Bank,,Delhi,ios,order_4363,success,,387,0
d27bd41a-2736-4590-94a8-3a0ba960a3fc,merchant_paymind_demo,cust_221,2026-08-08T06:54:00,17765.23,INR,netbanking,route_c,HDFC,,Pune,android,order_4364,success,,1909,0
58f57694-541e-4de8-8c63-802f2d818b6d,merchant_paymind_demo,cust_61,2026-08-16T23:09:00,15614.63,INR,UPI,route_d,ICICI,gpay,Kolkata,android,order_4365,success,,933,0
b60b6bdc-a415-4bb5-abd3-4d25b50c8c5a,merchant_paymind_demo,cust_885,2026-08-09T17:38:00,11004.36,INR,UPI,route_d,SBI,paytm,Pune,android,order_4366,success,,1628,0
a7570242-5dc7-4d2b-8494-a76c0e09d16e,merchant_paymind_demo,cust_367,2026-08-07T07:40:00,3961.47,INR,credit_card,route_a,Yes Bank,,Kolkata,ios,order_4367,success,,1436,0
2ea3f6b5-3281-4e4a-9d34-4295e5d4b74d,merchant_paymind_demo,cust_342,2026-08-12T09:22:00,18648.08,INR,credit_card,route_a,Axis,,Hyderabad,web,order_4368,success,,349,0
265ef3c1-483d-4a55-919d-21c9e13a8751,merchant_paymind_demo,cust_139,2026-08-06T10:56:00,24401.14,INR,debit_card,route_a,SBI,,Chennai,android,order_4369,success,,1065,0
f0bc19fd-aed2-4ed2-8095-e07f11bfeb80,merchant_paymind_demo,cust_909,2026-08-20T12:10:00,13970.16,INR,UPI,route_d,SBI,paytm,Bengaluru,ios,order_4370,success,,846,0
642c29c7-2f4d-4b60-83eb-78ae1289277f,merchant_paymind_demo,cust_245,2026-08-01T16:28:00,11039.66,INR,netbanking,route_c,Yes Bank,,Bengaluru,ios,order_4371,success,,334,0
210c742d-b271-4a9d-9279-66b855412011,merchant_paymind_demo,cust_321,2026-08-15T04:11:00,23659.34,INR,debit_card,route_a,Kotak,,Chennai,web,order_4372,success,,2318,0
9357d618-5549-4d8d-b284-1bb23104daa5,merchant_paymind_demo,cust_260,2026-08-18T13:51:00,4814.25,INR,debit_card,route_d,Yes Bank,,Delhi,ios,order_4373,success,,1926,0
aa5b4ec3-af12-42f0-a04c-d539a860ee8e,merchant_paymind_demo,cust_818,2026-08-06T14:37:00,7875.36,INR,wallet,route_a,HDFC,,Chennai,web,order_4374,success,,1066,0
5ef474b4-1720-4d42-87da-e66e25748159,merchant_paymind_demo,cust_129,2026-08-09T07:59:00,2230.44,INR,debit_card,route_d,Yes Bank,,Bengaluru,android,order_4375,success,,1122,0
12bee0f7-27f0-46c9-b520-a67ffcfc08ba,merchant_paymind_demo,cust_513,2026-08-14T09:06:00,8397.66,INR,netbanking,route_a,ICICI,,Chennai,android,order_4376,success,,1394,0
3fefea36-8f43-4c66-850e-655b5f2e9b3a,merchant_paymind_demo,cust_685,2026-08-13T01:25:00,16176.82,INR,debit_card,route_a,Kotak,,Chennai,ios,order_4377,success,,953,0
9cb5ebb4-6c42-45c3-a2c9-300784e473e2,merchant_paymind_demo,cust_551,2026-08-10T11:40:00,19094.19,INR,UPI,route_d,SBI,bhim,Mumbai,ios,order_4378,success,,909,0
87214b17-6975-404f-b42f-ee589c1e0c3a,merchant_paymind_demo,cust_509,2026-08-04T10:33:00,20319.58,INR,netbanking,route_b,Yes Bank,,Kolkata,ios,order_4379,success,,2141,0
dcc0ed98-5b09-4322-be70-6274876b0d0f,merchant_paymind_demo,cust_1045,2026-08-03T03:45:00,24506.61,INR,UPI,route_a,HDFC,paytm,Hyderabad,web,order_4380,success,,742,0
91d959bd-8b01-499d-8dee-642837c43f7d,merchant_paymind_demo,cust_907,2026-08-02T15:29:00,15404.82,INR,credit_card,route_c,HDFC,,Kolkata,web,order_4381,success,,1328,0
7534faa5-2d18-44f8-9cf2-b78161bb9da8,merchant_paymind_demo,cust_619,2026-08-13T14:27:00,16667.36,INR,credit_card,route_a,ICICI,,Chennai,web,order_4382,success,,750,0
d6ec214f-e88c-4de3-81a2-6bcd00e407a5,merchant_paymind_demo,cust_512,2026-08-01T04:31:00,18209.31,INR,netbanking,route_a,SBI,,Hyderabad,web,order_4383,success,,348,0
8e2f8e8d-5ccf-4773-a3cd-10708ce8c267,merchant_paymind_demo,cust_1041,2026-08-01T22:49:00,13685.33,INR,debit_card,route_c,HDFC,,Delhi,android,order_4384,success,,1457,0
f0e502b6-0de3-435d-8dcb-30475991241d,merchant_paymind_demo,cust_69,2026-08-13T13:56:00,20979.28,INR,UPI,route_a,Yes Bank,gpay,Bengaluru,ios,order_4385,success,,1206,0
128a21ad-1ada-491e-be05-d86056445fbe,merchant_paymind_demo,cust_1062,2026-08-17T09:34:00,20598.87,INR,debit_card,route_d,Kotak,,Hyderabad,android,order_4386,success,,1055,0
415d7473-b762-4e80-8ef9-97cffd950368,merchant_paymind_demo,cust_141,2026-08-03T05:05:00,10302.76,INR,UPI,route_d,Kotak,paytm,Chennai,android,order_4387,success,,861,0
69d094f1-1ec2-41d4-adea-bc5045ba0d33,merchant_paymind_demo,cust_596,2026-08-10T18:55:00,24071.65,INR,UPI,route_d,SBI,phonepe,Hyderabad,android,order_4388,success,,910,0
feb49da6-9163-41ee-b05c-fdc303932f68,merchant_paymind_demo,cust_390,2026-08-10T00:33:00,19444.28,INR,debit_card,route_a,Axis,,Kolkata,ios,order_4389,success,,2385,0
66a31c3f-8404-4c65-8585-3ee02e539ac0,merchant_paymind_demo,cust_540,2026-08-14T07:22:00,22541.27,INR,wallet,route_c,Kotak,,Mumbai,android,order_4390,success,,1892,0
19fbbe09-38de-46a8-8821-704b41531dab,merchant_paymind_demo,cust_305,2026-08-01T00:15:00,6155.05,INR,UPI,route_a,Yes Bank,paytm,Pune,ios,order_4391,success,,1813,0
897de9f4-4ce5-4cae-9bab-bd266c954fc5,merchant_paymind_demo,cust_725,2026-08-12T06:34:00,17900.08,INR,netbanking,route_a,Axis,,Chennai,ios,order_4392,success,,2311,0
5b6146a3-34ff-4c70-8292-c4e8c902045b,merchant_paymind_demo,cust_433,2026-08-01T12:23:00,7170.97,INR,wallet,route_c,HDFC,,Bengaluru,android,order_4393,success,,2353,0
6ba1ceb0-aabc-4d58-8073-3cf9e08986a7,merchant_paymind_demo,cust_812,2026-08-07T14:45:00,16248.67,INR,wallet,route_d,SBI,,Bengaluru,android,order_4394,success,,2464,0
f47a7ffd-85b3-4dcf-9361-277bfe782afc,merchant_paymind_demo,cust_1155,2026-08-20T23:14:00,8107.9,INR,netbanking,route_b,ICICI,,Kolkata,android,order_4395,success,,394,0
31ed534a-63c3-485c-86e1-7718f1123d73,merchant_paymind_demo,cust_556,2026-08-17T13:17:00,24475.7,INR,netbanking,route_d,Axis,,Bengaluru,android,order_4396,success,,1063,0
c237b618-ca3f-4054-876a-bbf546faf5fb,merchant_paymind_demo,cust_446,2026-08-16T05:38:00,21666.86,INR,netbanking,route_c,SBI,,Chennai,ios,order_4397,success,,1613,0
1470e913-4196-45e4-81b6-e76af4034453,merchant_paymind_demo,cust_1033,2026-08-17T23:20:00,382.36,INR,wallet,route_c,Kotak,,Delhi,web,order_4398,success,,1305,0
94de53a7-8755-4f4d-8459-f798e25606d6,merchant_paymind_demo,cust_75,2026-08-12T18:56:00,5520.23,INR,debit_card,route_c,Yes Bank,,Kolkata,ios,order_4399,success,,876,0
477e390c-a95c-49b5-9cae-117e4961a51b,merchant_paymind_demo,cust_723,2026-08-13T20:20:00,13665.86,INR,netbanking,route_a,Kotak,,Delhi,android,order_4400,success,,2075,0
7a81ec60-1423-498b-bf26-42fb93e82743,merchant_paymind_demo,cust_781,2026-08-14T22:54:00,4943.81,INR,wallet,route_c,Yes Bank,,Hyderabad,ios,order_4401,success,,881,0
238fe438-6a4f-4a98-9317-9b68d35e2077,merchant_paymind_demo,cust_335,2026-08-04T03:50:00,6037.82,INR,netbanking,route_b,HDFC,,Kolkata,android,order_4402,success,,2225,0
533527ee-eeed-4cca-ad6e-c566df7b9856,merchant_paymind_demo,cust_521,2026-08-03T19:02:00,13333.96,INR,debit_card,route_c,SBI,,Pune,ios,order_4403,success,,434,0
49b519d6-3732-495e-88a7-73c81a722cff,merchant_paymind_demo,cust_275,2026-08-12T16:40:00,492.81,INR,credit_card,route_d,Axis,,Mumbai,web,order_4404,success,,409,0
364b54a8-dc12-4a0a-80a3-8ede80c4366d,merchant_paymind_demo,cust_607,2026-08-09T06:10:00,21695.3,INR,netbanking,route_a,ICICI,,Pune,ios,order_4405,success,,1472,0
051ae1a4-76b3-4aac-adc6-ac58662be205,merchant_paymind_demo,cust_748,2026-08-16T04:14:00,5378.0,INR,debit_card,route_a,Yes Bank,,Bengaluru,web,order_4406,success,,1310,0
73aed11b-9e90-4fa8-8a05-7b49def00860,merchant_paymind_demo,cust_445,2026-08-05T05:43:00,23747.02,INR,wallet,route_a,Kotak,,Chennai,web,order_4407,success,,2048,0
c014d30e-78f6-42d6-a3e2-9c9c64be4a90,merchant_paymind_demo,cust_103,2026-08-10T15:51:00,10579.62,INR,netbanking,route_d,Yes Bank,,Bengaluru,ios,order_4408,success,,2274,0
fb8510dc-be2e-484b-b40a-7562146fe1a5,merchant_paymind_demo,cust_200,2026-08-02T19:24:00,16563.59,INR,credit_card,route_a,SBI,,Mumbai,web,order_4409,success,,1243,0
6cf9e5d6-1aef-408a-a68c-fbf103c200f4,merchant_paymind_demo,cust_960,2026-08-20T06:07:00,13967.34,INR,wallet,route_d,HDFC,,Kolkata,android,order_4410,success,,2130,0
b00386dc-333a-40d2-9bf9-144a741fc153,merchant_paymind_demo,cust_709,2026-08-15T15:54:00,5581.13,INR,netbanking,route_c,ICICI,,Delhi,ios,order_4411,success,,1167,0
e7209ff8-d9da-4e86-8fa5-816c3bcbef2d,merchant_paymind_demo,cust_266,2026-08-04T01:08:00,6628.76,INR,wallet,route_c,Axis,,Chennai,ios,order_4412,success,,1043,0
e6127358-11e7-4397-9a03-dfd4eee7c71f,merchant_paymind_demo,cust_742,2026-08-11T03:31:00,16877.6,INR,netbanking,route_a,ICICI,,Mumbai,web,order_4413,success,,2434,0
9e0900eb-e4a8-440e-bf8e-e7bb92083b58,merchant_paymind_demo,cust_383,2026-08-03T02:55:00,2540.2,INR,wallet,route_c,Kotak,,Bengaluru,ios,order_4414,success,,442,0
5ef3bd7d-4905-456b-83bd-a84d0f3f1a2e,merchant_paymind_demo,cust_389,2026-08-13T02:07:00,5795.81,INR,credit_card,route_d,Yes Bank,,Kolkata,web,order_4415,success,,2303,0
57885f24-4653-4127-98ef-0fbe5182365a,merchant_paymind_demo,cust_610,2026-08-05T00:18:00,20292.82,INR,wallet,route_a,Yes Bank,,Kolkata,web,order_4416,success,,1468,0
ef6802a9-0666-4bde-a8d1-a793a4589bb1,merchant_paymind_demo,cust_1148,2026-08-06T14:40:00,9244.23,INR,netbanking,route_c,Axis,,Kolkata,ios,order_4417,success,,529,0
0f9a4c66-cb0d-497d-bbf3-1de0e63cbe2a,merchant_paymind_demo,cust_501,2026-08-16T12:43:00,14764.09,INR,netbanking,route_c,ICICI,,Delhi,web,order_4418,success,,523,0
fe1cc151-c984-4d5e-b800-ef3636588383,merchant_paymind_demo,cust_650,2026-08-08T01:34:00,10212.19,INR,credit_card,route_d,Yes Bank,,Pune,web,order_4419,success,,2242,0
a42c3f7c-cb33-4d90-ae64-e5bef91a60cd,merchant_paymind_demo,cust_843,2026-08-17T23:29:00,24679.6,INR,wallet,route_d,Kotak,,Pune,android,order_4420,success,,2429,0
accdf8c3-1e93-4259-b927-13513ecbb118,merchant_paymind_demo,cust_890,2026-08-05T21:33:00,17953.6,INR,wallet,route_a,ICICI,,Kolkata,web,order_4421,success,,1633,0
b7b98aa4-249a-41b1-9d35-460854879e8c,merchant_paymind_demo,cust_672,2026-08-18T20:48:00,14665.09,INR,wallet,route_a,HDFC,,Pune,web,order_4422,success,,1673,0
8df45be0-bf4e-4169-9b58-8c7f8c2b6016,merchant_paymind_demo,cust_681,2026-08-15T08:15:00,1338.89,INR,netbanking,route_c,Axis,,Delhi,ios,order_4423,success,,2296,0
ae5af804-4bac-46fa-a7b8-b023ae41c24c,merchant_paymind_demo,cust_822,2026-08-16T08:28:00,4957.72,INR,wallet,route_d,SBI,,Bengaluru,web,order_4424,success,,2321,0
fc5fc482-f53a-429a-bd2a-ea2519a23d73,merchant_paymind_demo,cust_981,2026-08-13T14:32:00,15694.75,INR,netbanking,route_b,ICICI,,Mumbai,android,order_4425,success,,805,0
c8f949cd-6a71-4a9c-859a-714638946d56,merchant_paymind_demo,cust_200,2026-08-17T21:25:00,6425.29,INR,UPI,route_d,Yes Bank,bhim,Hyderabad,android,order_4426,success,,1918,0
1b7b7c0a-a6d3-40df-b0fb-a70d060eab0e,merchant_paymind_demo,cust_660,2026-08-12T02:45:00,8117.91,INR,credit_card,route_c,HDFC,,Bengaluru,web,order_4427,success,,475,0
817711ec-26bc-4a08-9f1e-bfa30e850019,merchant_paymind_demo,cust_912,2026-08-03T05:36:00,15830.04,INR,wallet,route_a,Yes Bank,,Hyderabad,android,order_4428,success,,306,0
8a57dd57-88ad-4558-acb8-a92a474fef2f,merchant_paymind_demo,cust_724,2026-08-12T17:10:00,17381.11,INR,debit_card,route_b,SBI,,Delhi,web,order_4429,success,,1014,0
0d2df626-50c6-43f3-bdc8-20875dd16cac,merchant_paymind_demo,cust_601,2026-08-20T22:43:00,24400.08,INR,netbanking,route_d,Axis,,Bengaluru,web,order_4430,success,,826,0
3a357a96-5060-4232-904d-1aa8ec76eada,merchant_paymind_demo,cust_1058,2026-08-05T12:20:00,21344.35,INR,wallet,route_c,HDFC,,Chennai,android,order_4431,success,,2203,0
bef9c8fe-93db-4115-aec9-7e47e7cb4dac,merchant_paymind_demo,cust_131,2026-08-05T02:19:00,16330.74,INR,credit_card,route_c,ICICI,,Kolkata,android,order_4432,success,,1641,0
f35cd91b-625a-4446-99e6-49d8e6d15d86,merchant_paymind_demo,cust_949,2026-08-09T11:47:00,16904.05,INR,credit_card,route_d,Axis,,Chennai,android,order_4433,success,,1326,0
d652e016-1908-4eb3-a304-7f6e68bd15ac,merchant_paymind_demo,cust_686,2026-08-13T02:33:00,21362.47,INR,credit_card,route_c,HDFC,,Delhi,web,order_4434,success,,585,0
f7524aed-23c9-4b32-9f79-d2dc685ea2f0,merchant_paymind_demo,cust_897,2026-08-14T15:16:00,2349.15,INR,UPI,route_a,Axis,bhim,Mumbai,web,order_4435,success,,1046,0
da9ed109-4dd7-40da-9bb2-cba13bd2869b,merchant_paymind_demo,cust_846,2026-08-02T22:36:00,23512.25,INR,wallet,route_a,Axis,,Kolkata,ios,order_4436,failed,gateway_error,5219,0
c8e29cc8-914b-46fb-b8cf-7ad5c232294e,merchant_paymind_demo,cust_1019,2026-08-19T22:40:00,16729.23,INR,netbanking,route_d,ICICI,,Kolkata,web,order_4437,success,,669,0
05fe2bd7-46af-425a-b045-e1e36fd30423,merchant_paymind_demo,cust_349,2026-08-07T14:17:00,19212.76,INR,netbanking,route_c,Axis,,Chennai,web,order_4438,success,,1303,0
16ed1fb3-a6b8-4922-9758-4eb9e1fd7185,merchant_paymind_demo,cust_714,2026-08-18T05:30:00,4970.78,INR,UPI,route_c,Yes Bank,phonepe,Bengaluru,ios,order_4439,success,,2479,0
ca2c178d-733a-44c3-895a-68d83e7965a1,merchant_paymind_demo,cust_778,2026-08-12T03:23:00,5211.66,INR,netbanking,route_a,Axis,,Hyderabad,android,order_4440,success,,526,0
3c576f61-841f-411f-8ba0-381eed3549b0,merchant_paymind_demo,cust_459,2026-08-15T20:19:00,14904.91,INR,netbanking,route_d,Axis,,Bengaluru,web,order_4441,success,,2000,0
85936159-5003-418e-ade1-8efd5916ec63,merchant_paymind_demo,cust_776,2026-08-03T00:09:00,6544.69,INR,UPI,route_b,Yes Bank,bhim,Pune,android,order_4442,success,,739,0
474f845b-6323-4e25-808f-b48fb3667912,merchant_paymind_demo,cust_904,2026-08-08T14:16:00,9891.85,INR,wallet,route_c,SBI,,Delhi,web,order_4443,success,,456,0
bc9eabf1-4b85-47f6-a0d3-8087aa9f05d7,merchant_paymind_demo,cust_690,2026-08-09T22:45:00,22222.42,INR,wallet,route_d,ICICI,,Mumbai,android,order_4444,success,,1913,0
40ffcd14-b233-47bb-9278-33bfcf351944,merchant_paymind_demo,cust_242,2026-08-19T00:50:00,24765.27,INR,credit_card,route_c,Yes Bank,,Mumbai,ios,order_4445,success,,1360,0
84c778de-4e50-4f0b-9c7d-45eec544a29e,merchant_paymind_demo,cust_947,2026-08-20T19:12:00,18537.12,INR,UPI,route_a,SBI,,Mumbai,android,order_4446,success,,1137,0
f627bea1-7adf-4e39-8d8b-78bf8bef3343,merchant_paymind_demo,cust_401,2026-08-20T21:07:00,23308.11,INR,debit_card,route_d,Yes Bank,,Pune,web,order_4447,success,,1309,0
2a7d865a-1b0c-4eb1-9f01-3c5fbf000d87,merchant_paymind_demo,cust_328,2026-08-11T23:38:00,23051.74,INR,wallet,route_b,Kotak,,Bengaluru,web,order_4448,success,,1907,0
6a5ed081-9dc0-44b2-807c-72d838a3a8aa,merchant_paymind_demo,cust_126,2026-08-08T14:45:00,9045.52,INR,netbanking,route_a,Axis,,Mumbai,android,order_4449,success,,1873,0
57368832-2f83-45c2-9dbe-ac5320c9a2f7,merchant_paymind_demo,cust_197,2026-08-08T09:51:00,7346.41,INR,wallet,route_b,Axis,,Mumbai,android,order_4450,success,,821,0
5e7e72c1-c5bd-4514-88f7-50c105e8bab4,merchant_paymind_demo,cust_215,2026-08-05T19:51:00,24516.21,INR,wallet,route_d,Kotak,,Hyderabad,android,order_4451,success,,2229,0
7f96c50e-3a34-4be4-b715-7f5c7a434dbe,merchant_paymind_demo,cust_321,2026-08-02T11:08:00,6280.36,INR,debit_card,route_c,HDFC,,Bengaluru,ios,order_4452,success,,2274,0
15332f5d-5f5b-4d1e-9017-5f13ec55ced5,merchant_paymind_demo,cust_139,2026-08-12T23:25:00,6684.52,INR,UPI,route_c,HDFC,,Bengaluru,ios,order_4453,success,,648,0
74562190-0d60-4456-8115-931573ce4a5d,merchant_paymind_demo,cust_747,2026-08-08T15:29:00,13971.48,INR,netbanking,route_b,ICICI,,Delhi,web,order_4454,success,,1809,0
47ddef56-6cd6-45dc-8fef-7db48341bc75,merchant_paymind_demo,cust_1120,2026-08-08T08:29:00,13931.48,INR,debit_card,route_a,Axis,,Delhi,android,order_4455,success,,919,0
edef432c-1b4a-4ad3-86a0-3831ff33d01f,merchant_paymind_demo,cust_364,2026-08-14T20:14:00,23213.24,INR,credit_card,route_b,SBI,,Delhi,web,order_4456,success,,2097,0
abd380ea-e0f9-492a-b9d7-551c00130a36,merchant_paymind_demo,cust_213,2026-08-09T12:33:00,18168.68,INR,wallet,route_b,SBI,,Kolkata,web,order_4457,success,,1979,0
7ec097b4-dad5-4ac0-a3ef-88a3021482c9,merchant_paymind_demo,cust_321,2026-08-10T08:12:00,13179.89,INR,debit_card,route_c,Yes Bank,,Chennai,ios,order_4458,success,,1989,0
7eafd8d4-7c63-4cca-9170-55ebb94a737a,merchant_paymind_demo,cust_658,2026-08-01T18:28:00,11398.59,INR,debit_card,route_b,Kotak,,Delhi,android,order_4459,success,,340,0
33a8582b-c636-4975-a85e-a83ebb9ed3a1,merchant_paymind_demo,cust_724,2026-08-17T12:28:00,17123.14,INR,UPI,route_a,Kotak,bhim,Bengaluru,ios,order_4460,success,,1571,0
a637de73-7d74-442e-9277-67199817ef23,merchant_paymind_demo,cust_694,2026-08-13T08:30:00,2822.3,INR,debit_card,route_a,SBI,,Hyderabad,android,order_4461,success,,745,0
f1548c32-e692-4b09-81b3-d24d71d73eca,merchant_paymind_demo,cust_1139,2026-08-16T11:36:00,20601.27,INR,UPI,route_d,Kotak,bhim,Kolkata,ios,order_4462,success,,1338,0
bb071e99-b474-4e21-8b28-7a87f0ed93e2,merchant_paymind_demo,cust_435,2026-08-11T03:52:00,13308.19,INR,netbanking,route_d,Axis,,Delhi,ios,order_4463,success,,1511,0
0ccf6118-98af-40d1-8bfd-0a0e0870af4f,merchant_paymind_demo,cust_497,2026-08-05T23:44:00,5887.56,INR,netbanking,route_d,Axis,,Bengaluru,web,order_4464,success,,1972,0
f45ee0a5-6b5c-4ce8-8fc9-a69bc5722dc3,merchant_paymind_demo,cust_983,2026-08-14T03:12:00,22359.41,INR,credit_card,route_b,ICICI,,Kolkata,web,order_4465,success,,2062,0
b4f2d38f-6904-4133-8115-6bb7acfcd20f,merchant_paymind_demo,cust_153,2026-08-08T20:22:00,62.94,INR,credit_card,route_b,Axis,,Bengaluru,android,order_4466,success,,2342,0
a4cdcf1e-12c9-4528-9bf3-7c6f0e402520,merchant_paymind_demo,cust_642,2026-08-02T03:27:00,8112.15,INR,credit_card,route_b,HDFC,,Hyderabad,ios,order_4467,success,,335,0
01cdb542-a453-415f-b350-7290cbbb534d,merchant_paymind_demo,cust_8,2026-08-06T17:53:00,11857.29,INR,debit_card,route_d,HDFC,,Hyderabad,ios,order_4468,success,,2049,0
b8bbcd73-c9ae-45fb-9a03-cf2ddefba4f8,merchant_paymind_demo,cust_553,2026-08-09T02:05:00,23739.41,INR,credit_card,route_d,Axis,,Delhi,ios,order_4469,success,,1846,0
69c7c869-0b9a-4505-9d78-fe002b1603a6,merchant_paymind_demo,cust_650,2026-08-14T05:05:00,2915.55,INR,UPI,route_a,Axis,paytm,Chennai,web,order_4470,success,,1249,0
e8eae740-0945-4e96-ae42-02d05784a395,merchant_paymind_demo,cust_420,2026-08-14T23:19:00,11058.45,INR,netbanking,route_c,Kotak,,Chennai,ios,order_4471,success,,2372,0
3310bd6a-bd55-4a0f-8986-f70ffde8db96,merchant_paymind_demo,cust_710,2026-08-15T21:29:00,21808.69,INR,wallet,route_d,HDFC,,Delhi,android,order_4472,success,,2492,0
7edfea07-5f3e-4905-ab7c-9c6ab88e84db,merchant_paymind_demo,cust_541,2026-08-19T00:53:00,18083.19,INR,debit_card,route_d,HDFC,,Chennai,android,order_4473,success,,1611,0
5243239e-cba6-49ef-acc2-784dd3fd4dbf,merchant_paymind_demo,cust_514,2026-08-11T20:45:00,11944.43,INR,credit_card,route_c,ICICI,,Chennai,web,order_4474,success,,946,0
e7f704da-ad2d-4927-8a34-8b8c7c49f428,merchant_paymind_demo,cust_1040,2026-08-07T05:43:00,12904.57,INR,UPI,route_d,SBI,bhim,Kolkata,android,order_4475,success,,633,0
232473bc-bd2d-4232-8798-70e6394713e3,merchant_paymind_demo,cust_1064,2026-08-11T16:10:00,8336.15,INR,wallet,route_d,Kotak,,Kolkata,web,order_4476,success,,1204,0
e85feb21-a64c-4f44-b6b1-b3a7d8062a4f,merchant_paymind_demo,cust_83,2026-08-15T13:06:00,19485.35,INR,credit_card,route_a,SBI,,Hyderabad,android,order_4477,success,,1609,0
d24b5c79-3c52-4d13-a9fe-453fcb72dac0,merchant_paymind_demo,cust_233,2026-08-10T23:17:00,5791.36,INR,debit_card,route_c,Kotak,,Bengaluru,ios,order_4478,success,,432,0
f12745e7-f530-4611-a2d6-c608a7ef3624,merchant_paymind_demo,cust_138,2026-08-14T00:11:00,5641.72,INR,debit_card,route_c,ICICI,,Bengaluru,ios,order_4479,success,,814,0
feab1865-8c4b-468e-a7ba-8fb2622e3a43,merchant_paymind_demo,cust_276,2026-08-05T06:54:00,15271.19,INR,netbanking,route_b,HDFC,,Kolkata,ios,order_4480,success,,1677,0
fba934a2-3634-429c-87b7-4ab17efad9a9,merchant_paymind_demo,cust_399,2026-08-20T22:50:00,17856.34,INR,credit_card,route_d,SBI,,Kolkata,web,order_4481,success,,382,0
8820dfa2-8fa8-4f82-991d-c411d9954bd8,merchant_paymind_demo,cust_321,2026-08-12T11:07:00,4688.32,INR,wallet,route_a,Kotak,,Chennai,android,order_4482,success,,2451,0
ed64f900-9ae4-4ca5-b587-87c66e4ba292,merchant_paymind_demo,cust_667,2026-08-15T09:38:00,11793.7,INR,netbanking,route_b,Yes Bank,,Kolkata,ios,order_4483,success,,1079,0
9b2936d2-f47f-4436-a31f-2d5b740dc890,merchant_paymind_demo,cust_871,2026-08-06T15:11:00,1232.68,INR,netbanking,route_d,Axis,,Delhi,web,order_4484,success,,2411,0
e71f8d55-8faf-44e7-bcec-19085c01e617,merchant_paymind_demo,cust_789,2026-08-10T08:57:00,729.27,INR,credit_card,route_d,Yes Bank,,Hyderabad,ios,order_4485,success,,2361,0
18e0027a-3397-4977-8a85-892e45e8ee98,merchant_paymind_demo,cust_23,2026-08-18T23:58:00,21992.13,INR,debit_card,route_a,Yes Bank,,Pune,ios,order_4486,success,,1436,0
6af4a188-26f2-4eab-b65c-c820d63207f5,merchant_paymind_demo,cust_909,2026-08-17T00:37:00,3555.38,INR,debit_card,route_d,ICICI,,Hyderabad,web,order_4487,success,,411,0
036a26b0-6c9f-4eed-a738-a9ea3a1949c2,merchant_paymind_demo,cust_905,2026-08-14T22:19:00,5821.5,INR,UPI,route_b,Yes Bank,phonepe,Chennai,ios,order_4488,failed,bank_timeout,5675,0
8ee725f9-590c-4619-9195-0f0b0e4eaf8f,merchant_paymind_demo,cust_594,2026-08-09T18:42:00,5978.16,INR,wallet,route_c,Kotak,,Bengaluru,web,order_4489,success,,621,0
3cea211b-464b-45b4-99ac-b34ad493a648,merchant_paymind_demo,cust_248,2026-08-02T12:57:00,11497.38,INR,debit_card,route_c,ICICI,,Hyderabad,web,order_4490,success,,2111,0
b139470f-872a-4631-8685-0ac3e940626e,merchant_paymind_demo,cust_647,2026-08-13T14:20:00,2309.49,INR,credit_card,route_d,Yes Bank,,Mumbai,web,order_4491,success,,2351,0
9adf2f3d-c52d-4841-b267-fb4c51a76ecd,merchant_paymind_demo,cust_675,2026-08-17T04:45:00,7919.81,INR,debit_card,route_b,Yes Bank,,Hyderabad,android,order_4492,failed,invalid_otp,3603,0
7a1200a2-8739-429a-8632-06b239958208,merchant_paymind_demo,cust_978,2026-08-04T05:30:00,10962.6,INR,netbanking,route_b,Kotak,,Bengaluru,android,order_4493,success,,2157,0
5336ba8b-2102-4e33-907b-9454c8c7e5c8,merchant_paymind_demo,cust_389,2026-08-20T09:20:00,1183.78,INR,UPI,route_d,Axis,phonepe,Mumbai,android,order_4494,success,,2490,0
ef2c65a0-de31-4487-8dc0-985c89b17647,merchant_paymind_demo,cust_1122,2026-08-06T12:20:00,13842.13,INR,UPI,route_a,ICICI,bhim,Kolkata,web,order_4495,success,,1666,0
4dc446d6-452f-46b9-9d43-3d754cf82166,merchant_paymind_demo,cust_1141,2026-08-18T13:01:00,3932.02,INR,credit_card,route_c,Yes Bank,,Hyderabad,android,order_4496,success,,1570,0
7a94f415-bda6-4226-b92f-b2ffe88e6f3c,merchant_paymind_demo,cust_212,2026-08-11T21:50:00,6071.28,INR,UPI,route_d,Yes Bank,phonepe,Hyderabad,android,order_4497,success,,2467,0
8e9ab71b-7736-4866-9f3e-59a71cb2f175,merchant_paymind_demo,cust_69,2026-08-10T06:49:00,14003.72,INR,debit_card,route_b,Axis,,Kolkata,web,order_4498,success,,806,0
69e4a502-4881-4d0b-b207-a621e59bd72f,merchant_paymind_demo,cust_408,2026-08-13T04:34:00,9896.91,INR,netbanking,route_c,Yes Bank,,Chennai,android,order_4499,success,,1934,0
e2587a2d-477d-468c-9818-4d0a62ff07c4,merchant_paymind_demo,cust_717,2026-08-13T20:05:00,8925.37,INR,netbanking,route_b,Yes Bank,,Kolkata,ios,order_4500,success,,1490,0
8d2e416b-3df7-4683-ab75-8f9778c96969,merchant_paymind_demo,cust_653,2026-08-17T22:53:00,18942.51,INR,UPI,route_d,Axis,phonepe,Bengaluru,android,order_4501,success,,1502,0
a8d5c916-20bb-44a6-8ca5-40219f7b4f94,merchant_paymind_demo,cust_1092,2026-08-15T19:31:00,15390.52,INR,UPI,route_a,HDFC,,Bengaluru,ios,order_4502,success,,2465,0
274aed4f-872d-4746-acf8-8f6850e77849,merchant_paymind_demo,cust_702,2026-08-12T00:33:00,12621.07,INR,netbanking,route_c,Axis,,Pune,android,order_4503,success,,490,0
cfc04c2b-2d5d-4801-b6f3-cfd91d94de43,merchant_paymind_demo,cust_591,2026-08-03T14:20:00,459.58,INR,wallet,route_c,HDFC,,Bengaluru,android,order_4504,failed,gateway_error,8022,0
f29ea901-036f-473c-bbd4-e47cca4c351d,merchant_paymind_demo,cust_240,2026-08-10T05:46:00,9505.43,INR,debit_card,route_a,Axis,,Kolkata,web,order_4505,success,,769,0
b7e75521-3c8c-4e03-905d-27c0ead086c1,merchant_paymind_demo,cust_752,2026-08-15T07:53:00,9591.05,INR,UPI,route_d,HDFC,phonepe,Pune,ios,order_4506,success,,368,0
07e0a9f3-3151-404b-a46a-9b6340a1e7f0,merchant_paymind_demo,cust_730,2026-08-02T00:35:00,1100.2,INR,debit_card,route_c,SBI,,Hyderabad,ios,order_4507,success,,438,0
fc4a6d54-387f-4d99-915b-86da766ed1c5,merchant_paymind_demo,cust_267,2026-08-15T05:59:00,11965.06,INR,wallet,route_d,Kotak,,Hyderabad,web,order_4508,success,,452,0
6b2b6c9c-de41-42f5-ac8d-c8668217d6f9,merchant_paymind_demo,cust_631,2026-08-15T04:41:00,6087.8,INR,netbanking,route_d,Yes Bank,,Bengaluru,web,order_4509,success,,2373,0
2345e801-bdb7-4564-995f-5f251a69b40d,merchant_paymind_demo,cust_462,2026-08-18T22:37:00,16402.62,INR,UPI,route_b,Kotak,phonepe,Chennai,ios,order_4510,success,,2295,0
784b1778-d790-4c6a-96a8-5305db1f5b89,merchant_paymind_demo,cust_624,2026-08-09T06:08:00,8163.93,INR,credit_card,route_a,Axis,,Mumbai,web,order_4511,success,,1204,0
4be347f6-ddb5-42b6-a568-2e75cba717f0,merchant_paymind_demo,cust_608,2026-08-20T19:46:00,16088.42,INR,credit_card,route_b,SBI,,Bengaluru,web,order_4512,success,,1966,0
9767c34d-c534-412c-b483-78c809609c9e,merchant_paymind_demo,cust_73,2026-08-18T12:44:00,1063.63,INR,netbanking,route_a,SBI,,Bengaluru,android,order_4513,success,,374,0
ae67e026-6ba8-4ce6-9253-52b4bd403736,merchant_paymind_demo,cust_1127,2026-08-20T17:55:00,19027.08,INR,debit_card,route_d,Axis,,Pune,android,order_4514,success,,1595,0
74bed452-9f0c-4087-b3e3-5bb536e2cbf6,merchant_paymind_demo,cust_1179,2026-08-09T13:36:00,2781.76,INR,UPI,route_d,HDFC,,Hyderabad,web,order_4515,success,,2134,0
0cd20d7d-0217-4f60-bb46-106188055923,merchant_paymind_demo,cust_29,2026-08-14T10:12:00,12552.07,INR,credit_card,route_a,Axis,,Chennai,web,order_4516,success,,720,0
d315796b-1168-456a-b072-2cecc8e0cd15,merchant_paymind_demo,cust_471,2026-08-20T12:32:00,15686.33,INR,credit_card,route_c,Axis,,Hyderabad,android,order_4517,success,,1039,0
a909dc30-1443-4ebc-a3d1-10e2015e4139,merchant_paymind_demo,cust_112,2026-08-03T07:14:00,9556.5,INR,wallet,route_c,SBI,,Chennai,ios,order_4518,success,,928,0
9d8b85b1-c398-4d28-afb9-d21f33bc73aa,merchant_paymind_demo,cust_229,2026-08-04T12:32:00,21658.73,INR,debit_card,route_b,Axis,,Mumbai,android,order_4519,success,,2107,0
a0d9cb31-1613-4adc-85cd-6955db66f1fc,merchant_paymind_demo,cust_927,2026-08-09T23:32:00,4346.77,INR,netbanking,route_b,Kotak,,Bengaluru,ios,order_4520,success,,1565,0
d5a6bace-af49-4bff-99d0-846c381686c7,merchant_paymind_demo,cust_77,2026-08-13T15:18:00,1545.18,INR,netbanking,route_d,HDFC,,Chennai,android,order_4521,success,,1203,0
323af7c3-0b5a-4eee-918c-ff3639fef47a,merchant_paymind_demo,cust_1016,2026-08-03T03:21:00,23324.27,INR,UPI,route_a,SBI,phonepe,Chennai,android,order_4522,success,,1385,0
d245661f-c1ea-49ec-8f3e-f099530d4ac5,merchant_paymind_demo,cust_855,2026-08-08T13:50:00,970.45,INR,debit_card,route_c,SBI,,Kolkata,android,order_4523,success,,1815,0
a0fc0710-0d1d-4f98-b59e-db2ff1370e94,merchant_paymind_demo,cust_582,2026-08-08T20:25:00,17070.57,INR,credit_card,route_b,Kotak,,Kolkata,ios,order_4524,success,,1470,0
c100f53a-ddf7-447d-8072-b073a7123b24,merchant_paymind_demo,cust_1175,2026-08-19T03:54:00,22092.7,INR,debit_card,route_b,Yes Bank,,Kolkata,ios,order_4525,success,,482,0
5d0a8557-1998-49bf-8665-bd5632a95222,merchant_paymind_demo,cust_994,2026-08-19T20:27:00,10742.86,INR,debit_card,route_a,Kotak,,Delhi,web,order_4526,success,,1087,0
e3fb00be-90b6-45ae-8292-1ed6ef6a57b8,merchant_paymind_demo,cust_804,2026-08-08T09:38:00,18411.77,INR,netbanking,route_c,ICICI,,Kolkata,ios,order_4527,success,,2007,0
d1519d40-d477-4b3b-8d7a-8d95f98fe089,merchant_paymind_demo,cust_996,2026-08-07T09:38:00,16514.4,INR,UPI,route_a,SBI,bhim,Bengaluru,ios,order_4528,success,,313,0
172bef5b-fb5f-4b80-aa3e-02fc59a0d280,merchant_paymind_demo,cust_254,2026-08-05T07:56:00,8839.98,INR,credit_card,route_c,ICICI,,Bengaluru,ios,order_4529,success,,1698,0
c2f82ebe-d5e1-4f7d-8cdc-5d06053fd1b8,merchant_paymind_demo,cust_405,2026-08-04T06:18:00,20440.52,INR,netbanking,route_d,Yes Bank,,Delhi,android,order_4530,success,,1151,0
fc398e2a-32db-429f-8f9d-7e04cb9ba1d5,merchant_paymind_demo,cust_252,2026-08-20T15:21:00,17213.87,INR,wallet,route_c,HDFC,,Kolkata,android,order_4531,success,,1740,0
118bdb4f-efd4-430f-a9fc-308b084c4c1c,merchant_paymind_demo,cust_742,2026-08-18T14:00:00,3577.01,INR,debit_card,route_d,SBI,,Mumbai,ios,order_4532,success,,1946,0
d7048860-cc4d-4cd6-9014-500ec7b79888,merchant_paymind_demo,cust_127,2026-08-12T14:49:00,22623.21,INR,wallet,route_b,Yes Bank,,Mumbai,ios,order_4533,success,,940,0
e5d584ea-67dc-4f80-b028-4b3e76d3abfd,merchant_paymind_demo,cust_802,2026-08-05T06:45:00,5177.78,INR,netbanking,route_a,Yes Bank,,Pune,android,order_4534,success,,1167,0
1dd8de32-b5ce-4279-9327-87ae8cb0b814,merchant_paymind_demo,cust_216,2026-08-17T16:28:00,19586.24,INR,netbanking,route_b,Axis,,Chennai,android,order_4535,success,,2148,0
79ed6e7f-9590-4ec1-a54a-467d386a8e8d,merchant_paymind_demo,cust_839,2026-08-03T20:28:00,11248.19,INR,credit_card,route_d,Axis,,Bengaluru,ios,order_4536,success,,1675,0
97f92ffe-aa5e-421a-a331-c6a8f0c8c97e,merchant_paymind_demo,cust_254,2026-08-14T05:06:00,15882.24,INR,wallet,route_c,Axis,,Hyderabad,ios,order_4537,success,,2175,0
32770911-f841-48a3-80ad-2cee19c597e5,merchant_paymind_demo,cust_310,2026-08-14T02:07:00,7273.74,INR,debit_card,route_b,HDFC,,Delhi,ios,order_4538,success,,2302,0
1d886186-8852-4fa6-b8e2-36c485b4c10e,merchant_paymind_demo,cust_1014,2026-08-04T13:44:00,24705.33,INR,debit_card,route_d,Axis,,Hyderabad,ios,order_4539,success,,318,0
98072409-2efb-4e9c-affa-beb412fa2011,merchant_paymind_demo,cust_866,2026-08-10T23:49:00,16171.87,INR,debit_card,route_b,ICICI,,Mumbai,android,order_4540,success,,609,0
f5728a29-a666-4e6e-a52e-3d421ebaef32,merchant_paymind_demo,cust_423,2026-08-20T21:28:00,2727.21,INR,netbanking,route_d,Kotak,,Mumbai,ios,order_4541,success,,1296,0
a1f1b2c4-f496-4c13-9600-c5b90376198f,merchant_paymind_demo,cust_425,2026-08-13T14:52:00,17030.68,INR,debit_card,route_b,ICICI,,Delhi,android,order_4542,failed,invalid_otp,8516,0
e329bf61-5180-4b62-b17c-98f80a7079c0,merchant_paymind_demo,cust_216,2026-08-10T01:22:00,10100.23,INR,UPI,route_a,ICICI,phonepe,Chennai,android,order_4543,success,,538,0
58910705-4972-4ed8-9c37-49fc3b2e9798,merchant_paymind_demo,cust_455,2026-08-12T09:28:00,13236.22,INR,UPI,route_c,ICICI,gpay,Mumbai,ios,order_4544,success,,1430,0
59c3c537-862c-4b2e-b3b9-77b34c6af42c,merchant_paymind_demo,cust_1115,2026-08-03T03:28:00,9019.01,INR,credit_card,route_b,SBI,,Kolkata,android,order_4545,success,,1600,0
6f54c6fd-08d2-43ae-a496-162b04cb3e4f,merchant_paymind_demo,cust_45,2026-08-16T07:57:00,9470.62,INR,wallet,route_d,HDFC,,Hyderabad,ios,order_4546,success,,1051,0
4d7d77a3-4a15-4d08-b3d5-c763722966d3,merchant_paymind_demo,cust_724,2026-08-02T08:33:00,7278.11,INR,credit_card,route_a,ICICI,,Chennai,web,order_4547,success,,1015,0
24965e74-420d-4e4d-ab22-33b53425e6ae,merchant_paymind_demo,cust_1013,2026-08-13T13:34:00,15995.48,INR,credit_card,route_b,ICICI,,Bengaluru,android,order_4548,success,,899,0
b4dce95d-4bff-4c46-865d-8e79a39cc204,merchant_paymind_demo,cust_204,2026-08-19T00:34:00,19419.92,INR,netbanking,route_c,HDFC,,Chennai,android,order_4549,success,,566,0
c517ab96-d276-49bf-abdb-fd0aaca79a2a,merchant_paymind_demo,cust_68,2026-08-02T18:15:00,8110.8,INR,UPI,route_d,Kotak,,Chennai,web,order_4550,success,,372,0
f813d5cd-b9b7-4d7f-9633-58467277ed7e,merchant_paymind_demo,cust_1073,2026-08-02T11:06:00,977.4,INR,netbanking,route_d,Yes Bank,,Bengaluru,android,order_4551,success,,2031,0
2b49cb90-0d6d-45b2-9628-5f5eb07df53b,merchant_paymind_demo,cust_767,2026-08-02T03:05:00,24516.46,INR,wallet,route_b,Axis,,Hyderabad,android,order_4552,success,,1902,0
648d422b-70fe-4786-8f3e-a079d6fdbe2a,merchant_paymind_demo,cust_336,2026-08-03T14:06:00,7308.22,INR,wallet,route_d,ICICI,,Chennai,android,order_4553,success,,520,0
e8c13bee-6a3f-425a-92b3-052c325ea02f,merchant_paymind_demo,cust_929,2026-08-02T21:11:00,23092.07,INR,wallet,route_b,Kotak,,Mumbai,android,order_4554,success,,341,0
213a72b2-f4ed-4b53-9471-960d0eb611d7,merchant_paymind_demo,cust_318,2026-08-01T14:17:00,22839.6,INR,wallet,route_c,Yes Bank,,Pune,ios,order_4555,success,,1025,0
a9d95800-5426-4985-9e2b-f924253ab9f9,merchant_paymind_demo,cust_988,2026-08-01T03:58:00,15830.66,INR,netbanking,route_c,Axis,,Bengaluru,web,order_4556,success,,1636,0
737e6e3a-fe47-4972-ac30-7580147d703c,merchant_paymind_demo,cust_1095,2026-08-20T04:27:00,13264.77,INR,netbanking,route_b,HDFC,,Delhi,android,order_4557,success,,2191,0
511cf421-c0a5-425e-ac9f-38d299f24555,merchant_paymind_demo,cust_677,2026-08-04T23:05:00,3859.27,INR,credit_card,route_b,ICICI,,Delhi,web,order_4558,success,,2157,0
5d1e86c0-5839-49b3-9fc4-3a20f394be0f,merchant_paymind_demo,cust_672,2026-08-06T19:46:00,977.46,INR,credit_card,route_c,Kotak,,Pune,web,order_4559,success,,1319,0
ce5e3b09-a8ef-4a5d-8b80-ac80f9d10e50,merchant_paymind_demo,cust_606,2026-08-12T03:13:00,19282.85,INR,wallet,route_c,SBI,,Delhi,web,order_4560,success,,649,0
ec790f0f-173e-4455-9653-04d76aeb01ac,merchant_paymind_demo,cust_638,2026-08-09T05:09:00,15023.84,INR,wallet,route_d,Kotak,,Mumbai,android,order_4561,success,,2247,0
1ed120fc-7ba8-420d-9637-9fbcc6b2d5d1,merchant_paymind_demo,cust_553,2026-08-18T03:31:00,10741.16,INR,wallet,route_d,Axis,,Hyderabad,web,order_4562,success,,1291,0
fa354129-6a21-4f3b-b80e-2abb0fbbabed,merchant_paymind_demo,cust_737,2026-08-15T12:43:00,16256.71,INR,netbanking,route_a,SBI,,Kolkata,ios,order_4563,success,,1299,0
f50dddde-07d6-4a94-b031-c5ca5bbc8cb6,merchant_paymind_demo,cust_80,2026-08-01T07:26:00,21868.86,INR,wallet,route_d,Yes Bank,,Chennai,android,order_4564,success,,522,0
c61c18a5-aa01-47af-bc2c-695345a01d21,merchant_paymind_demo,cust_297,2026-08-03T03:52:00,15772.22,INR,credit_card,route_a,ICICI,,Kolkata,ios,order_4565,success,,2349,0
631c1192-fbb0-41da-ba04-77ff3a35031d,merchant_paymind_demo,cust_430,2026-08-06T09:08:00,2794.28,INR,UPI,route_c,Yes Bank,bhim,Hyderabad,ios,order_4566,success,,1383,0
a0a15958-9e9f-4edd-a47a-8b488027e14c,merchant_paymind_demo,cust_171,2026-08-08T02:36:00,10172.35,INR,UPI,route_a,Kotak,phonepe,Delhi,ios,order_4567,success,,1060,0
9a27cca6-9099-4439-acd4-8d2fafb1a7ca,merchant_paymind_demo,cust_891,2026-08-04T18:51:00,24656.12,INR,UPI,route_d,HDFC,,Delhi,android,order_4568,success,,1888,0
48b05103-b6aa-4c5f-aa00-ca5e5d04568b,merchant_paymind_demo,cust_792,2026-08-10T01:41:00,20955.09,INR,debit_card,route_b,ICICI,,Mumbai,ios,order_4569,success,,687,0
e4f2009f-7595-4530-a6b7-277f4d2f4ee2,merchant_paymind_demo,cust_1126,2026-08-04T13:17:00,4798.02,INR,debit_card,route_a,HDFC,,Chennai,android,order_4570,success,,2138,0
25422de9-7c37-452c-b003-eb9bd200c2db,merchant_paymind_demo,cust_1193,2026-08-07T17:09:00,7945.07,INR,UPI,route_c,HDFC,paytm,Kolkata,android,order_4571,success,,1782,0
ed1a2efa-de03-45b0-a6cd-d2d6ced14521,merchant_paymind_demo,cust_24,2026-08-01T03:06:00,21045.55,INR,UPI,route_c,Axis,bhim,Kolkata,android,order_4572,success,,1766,0
e850643a-522f-4d5a-baa5-423688c0b19a,merchant_paymind_demo,cust_463,2026-08-09T07:13:00,14972.62,INR,credit_card,route_a,Axis,,Kolkata,ios,order_4573,success,,1277,0
c9bc9e2e-d596-4d10-a51c-f5f7982fb010,merchant_paymind_demo,cust_225,2026-08-06T10:58:00,16321.4,INR,debit_card,route_a,ICICI,,Pune,android,order_4574,success,,2459,0
29665fd9-563b-481e-b128-eea651e469d1,merchant_paymind_demo,cust_201,2026-08-02T05:40:00,9951.47,INR,netbanking,route_c,Yes Bank,,Chennai,android,order_4575,success,,990,0
09e6f94d-57ec-4596-b5d6-48a82ca28e7f,merchant_paymind_demo,cust_396,2026-08-09T08:03:00,22096.34,INR,debit_card,route_d,Axis,,Bengaluru,android,order_4576,success,,1532,0
42fa47ff-8a46-4a37-bdc1-94050e9b055d,merchant_paymind_demo,cust_965,2026-08-02T22:40:00,12484.47,INR,wallet,route_b,ICICI,,Delhi,web,order_4577,failed,gateway_error,7589,0
07c76cd5-14d1-452d-884a-83c6ac4da6d3,merchant_paymind_demo,cust_1011,2026-08-16T19:04:00,19819.88,INR,wallet,route_c,ICICI,,Chennai,android,order_4578,success,,1593,0
d212a3c7-a238-4f98-8531-879d1eda421a,merchant_paymind_demo,cust_1071,2026-08-15T05:01:00,17593.36,INR,wallet,route_a,Axis,,Kolkata,web,order_4579,success,,1321,0
40878c46-d88d-4dce-90fa-71962be555c2,merchant_paymind_demo,cust_217,2026-08-08T05:15:00,21650.94,INR,UPI,route_a,HDFC,gpay,Bengaluru,android,order_4580,success,,1377,0
a22fa4b7-5fb9-4373-906a-888406bb9988,merchant_paymind_demo,cust_1026,2026-08-08T02:15:00,24850.32,INR,UPI,route_c,Axis,bhim,Delhi,android,order_4581,success,,1135,0
698f4c1b-dc67-4a97-a006-4c32fda678e2,merchant_paymind_demo,cust_963,2026-08-20T03:36:00,22125.25,INR,netbanking,route_c,HDFC,,Hyderabad,android,order_4582,success,,1978,0
4a07fa96-8830-4a4d-ac9d-7a30cbb6a4bf,merchant_paymind_demo,cust_636,2026-08-08T05:23:00,16383.62,INR,netbanking,route_c,Axis,,Pune,android,order_4583,success,,1086,0
5bce5f9c-f700-4752-8de2-c05b4a8bf0d4,merchant_paymind_demo,cust_251,2026-08-15T18:43:00,24512.84,INR,debit_card,route_a,Axis,,Chennai,android,order_4584,failed,gateway_error,2236,0
39d154fd-8e58-4540-9cb2-a3b3078b2732,merchant_paymind_demo,cust_76,2026-08-03T13:54:00,2633.04,INR,netbanking,route_b,Axis,,Delhi,web,order_4585,success,,1207,0
7a604495-a42b-448b-94bc-60eface1f2b5,merchant_paymind_demo,cust_1070,2026-08-15T08:51:00,20714.86,INR,UPI,route_a,Axis,phonepe,Mumbai,android,order_4586,success,,1602,0
15494a5c-b876-4331-bc0f-d26b006c36d3,merchant_paymind_demo,cust_733,2026-08-20T01:58:00,10576.17,INR,netbanking,route_a,HDFC,,Mumbai,web,order_4587,success,,561,0
f04f0a98-e33c-40ee-b18c-a7209e7fe573,merchant_paymind_demo,cust_266,2026-08-18T18:36:00,10000.33,INR,debit_card,route_a,Yes Bank,,Kolkata,ios,order_4588,success,,908,0
d0435661-71f5-45e0-8a44-70da007464b3,merchant_paymind_demo,cust_863,2026-08-20T19:10:00,7039.99,INR,debit_card,route_c,Yes Bank,,Delhi,ios,order_4589,success,,585,0
02d209f0-8523-4546-9b27-0cc0ddfcb3cb,merchant_paymind_demo,cust_969,2026-08-08T05:10:00,21947.37,INR,UPI,route_d,Axis,phonepe,Bengaluru,web,order_4590,success,,897,0
1fab28f4-a2f0-46e8-9a66-0d77566df1d2,merchant_paymind_demo,cust_128,2026-08-15T15:49:00,10664.45,INR,credit_card,route_c,ICICI,,Pune,android,order_4591,success,,624,0
0a713d2b-e3cc-40f7-a900-854dbc6fed04,merchant_paymind_demo,cust_536,2026-08-10T02:38:00,1417.61,INR,netbanking,route_c,HDFC,,Pune,web,order_4592,success,,1684,0
7bc34016-7f1b-4418-93ab-8832cf5c31f5,merchant_paymind_demo,cust_572,2026-08-16T16:31:00,10593.11,INR,wallet,route_c,ICICI,,Mumbai,ios,order_4593,success,,1474,0
2a7a699f-6495-4517-92de-2da67be59cff,merchant_paymind_demo,cust_386,2026-08-18T07:44:00,23139.52,INR,netbanking,route_a,Axis,,Kolkata,ios,order_4594,success,,1588,0
43457835-7ef6-491b-a4e1-3484bfada5aa,merchant_paymind_demo,cust_663,2026-08-15T16:34:00,20547.11,INR,UPI,route_a,HDFC,phonepe,Chennai,web,order_4595,success,,726,0
6984ddcf-6829-4cc1-bb55-bdb7be50c35e,merchant_paymind_demo,cust_596,2026-08-15T13:56:00,10661.03,INR,credit_card,route_b,Yes Bank,,Mumbai,web,order_4596,success,,348,0
cdd648ee-4c66-4ffb-8809-41d0faac7121,merchant_paymind_demo,cust_94,2026-08-15T12:57:00,12114.09,INR,netbanking,route_d,Kotak,,Kolkata,web,order_4597,success,,1615,0
574e101f-37e1-4e19-8c14-21ac221138f4,merchant_paymind_demo,cust_110,2026-08-03T12:52:00,13957.83,INR,netbanking,route_b,HDFC,,Bengaluru,android,order_4598,success,,1621,0
dc9d692c-134e-4d02-ab30-95e0d1d6beb7,merchant_paymind_demo,cust_1001,2026-08-07T23:21:00,20953.45,INR,debit_card,route_b,ICICI,,Bengaluru,web,order_4599,success,,1212,0
62d6c993-d8c6-4915-b31b-25b7ecea534d,merchant_paymind_demo,cust_961,2026-08-06T15:46:00,10828.88,INR,debit_card,route_d,HDFC,,Mumbai,web,order_4600,success,,2047,0
f7e10539-9fee-41e6-830e-1503141e75ac,merchant_paymind_demo,cust_320,2026-08-20T00:37:00,23781.59,INR,wallet,route_b,HDFC,,Pune,web,order_4601,success,,2281,0
920dd0f8-01fe-4f4b-a642-249c6d319e07,merchant_paymind_demo,cust_9,2026-08-19T02:15:00,14109.55,INR,debit_card,route_d,HDFC,,Mumbai,web,order_4602,failed,insufficient_funds,6246,0
32696a62-a3ea-4d13-921f-7abb7d1b7365,merchant_paymind_demo,cust_1141,2026-08-14T00:33:00,17428.46,INR,debit_card,route_c,Yes Bank,,Mumbai,web,order_4603,success,,1768,0
dcbde542-d36a-4e7f-93ca-a9a43c1bb619,merchant_paymind_demo,cust_671,2026-08-17T11:32:00,19706.67,INR,credit_card,route_c,HDFC,,Hyderabad,ios,order_4604,success,,2278,0
734f2ae5-b42c-47c4-bb17-e12d654f14fc,merchant_paymind_demo,cust_139,2026-08-13T01:47:00,6709.19,INR,wallet,route_b,Axis,,Chennai,web,order_4605,success,,503,0
79c53526-6594-42c8-b935-8380b9e62adb,merchant_paymind_demo,cust_353,2026-08-07T13:17:00,1970.27,INR,netbanking,route_a,HDFC,,Hyderabad,ios,order_4606,success,,1403,0
42c04258-35c8-43ed-b880-a4a376f525c9,merchant_paymind_demo,cust_781,2026-08-05T00:56:00,18504.85,INR,UPI,route_a,Kotak,,Pune,web,order_4607,success,,520,0
9553bec2-c420-4465-a077-fd07f515ed08,merchant_paymind_demo,cust_413,2026-08-03T00:37:00,19065.35,INR,netbanking,route_b,Yes Bank,,Kolkata,android,order_4608,success,,2185,0
d1b98a93-5009-442d-97f0-b016efc4e177,merchant_paymind_demo,cust_286,2026-08-20T23:36:00,13882.53,INR,wallet,route_b,ICICI,,Delhi,android,order_4609,success,,1059,0
82df2da1-b14b-45bf-83a7-7499807625c5,merchant_paymind_demo,cust_1021,2026-08-04T02:49:00,8688.1,INR,debit_card,route_b,Kotak,,Kolkata,ios,order_4610,success,,2056,0
b996707f-6ce0-41a8-bdc5-356182cb5e7b,merchant_paymind_demo,cust_944,2026-08-16T21:54:00,2947.37,INR,UPI,route_c,HDFC,phonepe,Bengaluru,android,order_4611,success,,2334,0
1e8a73b5-980a-419f-a7b5-c7c9d8f31a6b,merchant_paymind_demo,cust_413,2026-08-08T04:19:00,16281.42,INR,netbanking,route_b,Yes Bank,,Chennai,ios,order_4612,success,,1036,0
b22fb53d-4178-4819-bbfc-fb0cb2c0d89d,merchant_paymind_demo,cust_634,2026-08-17T10:32:00,3818.98,INR,UPI,route_c,ICICI,gpay,Chennai,web,order_4613,success,,1276,0
4dcefb76-41de-4418-a9a6-b54658156a62,merchant_paymind_demo,cust_757,2026-08-15T18:42:00,12729.21,INR,netbanking,route_a,Kotak,,Pune,web,order_4614,success,,1477,0
a01a981e-826c-436e-a57b-1c218c3cad91,merchant_paymind_demo,cust_675,2026-08-13T21:25:00,3441.74,INR,credit_card,route_c,ICICI,,Kolkata,web,order_4615,success,,308,0
65b19c04-1186-4792-aaea-14f0b3510402,merchant_paymind_demo,cust_1122,2026-08-12T04:31:00,12384.54,INR,wallet,route_b,Axis,,Bengaluru,web,order_4616,success,,1046,0
b7b20d8d-0527-4a7e-8e6e-975ba16b3093,merchant_paymind_demo,cust_1199,2026-08-08T22:10:00,11373.1,INR,netbanking,route_b,Kotak,,Pune,web,order_4617,success,,707,0
b00cbfa7-ea21-4c52-aa09-cc6f6b9611bb,merchant_paymind_demo,cust_147,2026-08-03T21:43:00,14595.73,INR,netbanking,route_a,ICICI,,Bengaluru,android,order_4618,success,,717,0
8e350299-5b99-4a6f-a41b-f3a5a920ce6a,merchant_paymind_demo,cust_425,2026-08-02T03:42:00,2717.27,INR,UPI,route_d,SBI,phonepe,Bengaluru,web,order_4619,success,,481,0
c4b2f76b-8b13-4e40-9f6b-c2aec4be9cb9,merchant_paymind_demo,cust_830,2026-08-14T02:59:00,7009.04,INR,credit_card,route_c,Yes Bank,,Pune,android,order_4620,success,,998,0
9354c244-0c25-43b6-9554-fb97a5f1ac75,merchant_paymind_demo,cust_259,2026-08-05T03:02:00,5742.27,INR,credit_card,route_b,HDFC,,Hyderabad,ios,order_4621,success,,1321,0
02c02348-6630-466d-8c2d-91ec297480e3,merchant_paymind_demo,cust_972,2026-08-02T08:20:00,23531.18,INR,wallet,route_c,ICICI,,Hyderabad,android,order_4622,success,,1318,0
588b04df-5373-4f39-bf52-c0cf94f1dca9,merchant_paymind_demo,cust_1079,2026-08-09T00:55:00,14068.33,INR,netbanking,route_d,Kotak,,Delhi,ios,order_4623,failed,bank_timeout,3014,0
b5dd42de-c16c-49e8-bf50-7ab27e2871e1,merchant_paymind_demo,cust_229,2026-08-10T15:41:00,20403.16,INR,credit_card,route_b,ICICI,,Chennai,web,order_4624,success,,521,0
85f75a5e-4820-4486-b2e0-05ecdb20d89c,merchant_paymind_demo,cust_429,2026-08-11T03:46:00,1736.78,INR,wallet,route_a,Kotak,,Delhi,android,order_4625,failed,gateway_error,8901,0
f21a80d0-343d-4253-ae8b-6954e9549304,merchant_paymind_demo,cust_1116,2026-08-13T17:20:00,19679.14,INR,wallet,route_b,Kotak,,Mumbai,android,order_4626,success,,2119,0
c926a684-d645-45f5-b680-fcf3181376d9,merchant_paymind_demo,cust_897,2026-08-17T20:22:00,20108.53,INR,debit_card,route_a,HDFC,,Delhi,android,order_4627,success,,2124,0
1db155e6-62bf-483a-9a69-2976ec633dbd,merchant_paymind_demo,cust_1178,2026-08-07T01:35:00,9922.43,INR,UPI,route_c,SBI,paytm,Bengaluru,android,order_4628,success,,2100,0
17ee203d-8201-4091-ae2e-42cfe36f43f3,merchant_paymind_demo,cust_32,2026-08-01T08:28:00,8055.78,INR,netbanking,route_b,SBI,,Bengaluru,web,order_4629,success,,2379,0
b925c438-9406-448c-bff2-b916958b93e4,merchant_paymind_demo,cust_419,2026-08-07T00:04:00,13816.65,INR,wallet,route_a,Yes Bank,,Mumbai,web,order_4630,success,,412,0
7727c0f1-d93b-4d27-8c34-ad12aecafe77,merchant_paymind_demo,cust_1157,2026-08-15T20:01:00,18663.49,INR,wallet,route_c,HDFC,,Kolkata,android,order_4631,success,,2491,0
5bcb29cf-0475-4868-bc63-e37c00d749be,merchant_paymind_demo,cust_1134,2026-08-18T09:07:00,4190.96,INR,debit_card,route_c,Kotak,,Chennai,web,order_4632,success,,1750,0
491b2417-e6f9-489b-8c9f-5d2a3f24ca91,merchant_paymind_demo,cust_761,2026-08-10T16:44:00,19265.11,INR,credit_card,route_a,SBI,,Kolkata,android,order_4633,success,,1186,0
d677a97a-0134-4461-aa21-1a5b6c23135b,merchant_paymind_demo,cust_34,2026-08-09T16:15:00,10303.59,INR,UPI,route_d,HDFC,bhim,Delhi,android,order_4634,success,,671,0
594aabe2-1488-4a72-8190-d89ff13cd4cf,merchant_paymind_demo,cust_142,2026-08-17T08:28:00,10797.19,INR,UPI,route_a,HDFC,,Bengaluru,ios,order_4635,success,,1202,0
644404e6-ae64-463d-bf40-bc2055289d34,merchant_paymind_demo,cust_1004,2026-08-05T16:15:00,18173.61,INR,UPI,route_b,SBI,gpay,Delhi,ios,order_4636,success,,2318,0
a825a11b-3719-4d59-af9e-3b6c13f294bd,merchant_paymind_demo,cust_956,2026-08-01T04:35:00,19360.23,INR,wallet,route_b,Axis,,Hyderabad,web,order_4637,success,,1165,0
80ea0adb-831c-4542-b72b-68d564411a6e,merchant_paymind_demo,cust_1103,2026-08-14T05:08:00,3471.3,INR,UPI,route_a,HDFC,paytm,Bengaluru,web,order_4638,success,,830,0
bc213e59-daa5-44ca-ade9-2326dd6dbf66,merchant_paymind_demo,cust_198,2026-08-09T21:37:00,4603.67,INR,UPI,route_c,Axis,paytm,Delhi,ios,order_4639,success,,2067,0
b034c027-8623-4a31-9f03-0ab67efcbbb0,merchant_paymind_demo,cust_980,2026-08-06T13:09:00,3728.41,INR,wallet,route_c,HDFC,,Kolkata,ios,order_4640,success,,1645,0
85ec0b58-5cee-43f0-9e38-2a7f8723e4b8,merchant_paymind_demo,cust_50,2026-08-08T15:06:00,17926.78,INR,credit_card,route_b,Axis,,Kolkata,ios,order_4641,success,,790,0
cc9bb72c-3b9f-4bbe-b7f8-1e4381726ff1,merchant_paymind_demo,cust_923,2026-08-04T14:47:00,22667.81,INR,credit_card,route_a,Kotak,,Bengaluru,ios,order_4642,failed,insufficient_funds,8939,0
4575a0e8-0673-4274-9092-5d7016d1255c,merchant_paymind_demo,cust_658,2026-08-01T06:06:00,23013.81,INR,credit_card,route_a,Kotak,,Hyderabad,ios,order_4643,success,,1377,0
ab16dfc2-534e-4874-aefc-391638947704,merchant_paymind_demo,cust_669,2026-08-17T00:30:00,11195.12,INR,debit_card,route_a,Yes Bank,,Chennai,ios,order_4644,success,,1505,0
1e4e32c2-700d-40c2-a9d7-f1ceb226bb9a,merchant_paymind_demo,cust_645,2026-08-06T22:09:00,1435.52,INR,credit_card,route_c,HDFC,,Bengaluru,web,order_4645,failed,invalid_otp,5439,0
344b6280-b3ce-4e97-ac7d-a81ed3d4f2a0,merchant_paymind_demo,cust_575,2026-08-01T05:15:00,14121.21,INR,netbanking,route_b,HDFC,,Mumbai,web,order_4646,success,,1912,0
cf7c0cf5-ec01-4476-8c5a-5beec174200d,merchant_paymind_demo,cust_498,2026-08-01T19:21:00,23122.65,INR,netbanking,route_a,HDFC,,Delhi,ios,order_4647,success,,621,0
8df9a716-4906-4e94-a5d4-9f6d262bd063,merchant_paymind_demo,cust_715,2026-08-17T18:53:00,15747.21,INR,debit_card,route_a,Axis,,Pune,ios,order_4648,success,,378,0
25c9b9df-e15b-4ec6-b0c6-f754e78f662f,merchant_paymind_demo,cust_522,2026-08-18T19:51:00,19640.67,INR,wallet,route_d,SBI,,Bengaluru,web,order_4649,success,,1354,0
d4eba0f1-9b12-4123-9ab3-97a0137a59f6,merchant_paymind_demo,cust_28,2026-08-01T21:57:00,22242.03,INR,UPI,route_a,HDFC,paytm,Pune,ios,order_4650,success,,1343,0
78a6e0bb-fb1f-4fc5-b2c1-ce1437a7b2ab,merchant_paymind_demo,cust_947,2026-08-09T18:17:00,13234.15,INR,debit_card,route_b,SBI,,Pune,web,order_4651,success,,2105,0
adfeec18-e383-4cfc-9772-f8ef581ae59b,merchant_paymind_demo,cust_833,2026-08-01T10:20:00,7087.25,INR,debit_card,route_b,SBI,,Chennai,ios,order_4652,success,,851,0
47713d72-c9d4-4fbf-a56f-da9cd20c9c87,merchant_paymind_demo,cust_124,2026-08-02T21:24:00,24156.42,INR,debit_card,route_a,Yes Bank,,Chennai,web,order_4653,success,,1657,0
d4d8529c-5951-49c4-81d2-18f998b359d2,merchant_paymind_demo,cust_1039,2026-08-03T13:13:00,4307.43,INR,UPI,route_a,Axis,paytm,Delhi,web,order_4654,success,,1827,0
d29d1864-f146-46f2-80fa-931a12e5e706,merchant_paymind_demo,cust_241,2026-08-09T09:03:00,14175.3,INR,UPI,route_a,SBI,phonepe,Mumbai,ios,order_4655,success,,388,0
e13f8d67-fed3-4955-aec8-a998664a2cf9,merchant_paymind_demo,cust_145,2026-08-18T15:44:00,12456.61,INR,netbanking,route_a,Yes Bank,,Chennai,web,order_4656,success,,1424,0
11105ffb-cdd0-4d3c-82c1-b34f146aa5b0,merchant_paymind_demo,cust_992,2026-08-20T11:54:00,19167.71,INR,netbanking,route_d,ICICI,,Kolkata,android,order_4657,success,,463,0
dba41c7b-7c59-4dae-b51a-309a1cfbb6a9,merchant_paymind_demo,cust_321,2026-08-16T22:36:00,6225.25,INR,credit_card,route_d,Axis,,Chennai,android,order_4658,success,,964,0
ffe3e913-17f5-4ad7-ac3d-7fde1610a6a8,merchant_paymind_demo,cust_770,2026-08-03T06:25:00,10361.71,INR,debit_card,route_c,SBI,,Bengaluru,ios,order_4659,success,,2017,0
de6050a4-e5ff-4a09-9c68-a6ce4ebbd0f8,merchant_paymind_demo,cust_1035,2026-08-14T19:28:00,22568.96,INR,debit_card,route_b,SBI,,Pune,ios,order_4660,success,,644,0
64a429c2-3f6a-4f5e-8de8-0062f790dd67,merchant_paymind_demo,cust_1042,2026-08-18T13:58:00,1729.4,INR,wallet,route_a,ICICI,,Kolkata,ios,order_4661,success,,820,0
5a20748e-58b3-4183-adea-19d8e53dd67b,merchant_paymind_demo,cust_572,2026-08-18T11:06:00,12353.2,INR,debit_card,route_b,Kotak,,Chennai,web,order_4662,success,,1629,0
84cdffa9-1cff-4cc8-a631-2c8eea3dead6,merchant_paymind_demo,cust_546,2026-08-19T23:42:00,7518.47,INR,wallet,route_c,HDFC,,Mumbai,web,order_4663,success,,1567,0
8e9d5fa4-3ff7-4751-937d-f53ecea159dd,merchant_paymind_demo,cust_1115,2026-08-06T19:18:00,22431.16,INR,netbanking,route_b,Kotak,,Delhi,web,order_4664,success,,1484,0
858f0f3f-6dbe-451a-a9c8-660cef043331,merchant_paymind_demo,cust_1031,2026-08-12T05:58:00,14025.74,INR,wallet,route_d,ICICI,,Chennai,ios,order_4665,success,,2255,0
1612466c-c75a-4f82-8c63-3b5255040afd,merchant_paymind_demo,cust_1172,2026-08-11T16:41:00,23134.57,INR,netbanking,route_d,Kotak,,Mumbai,ios,order_4666,success,,1316,0
9cc11a03-edde-49fc-a7a5-1a317f68fc6f,merchant_paymind_demo,cust_719,2026-08-03T12:54:00,14094.43,INR,debit_card,route_d,HDFC,,Chennai,android,order_4667,success,,2128,0
e4d7d50c-e474-4c9b-bda8-92d9a6a7dbd5,merchant_paymind_demo,cust_938,2026-08-10T20:13:00,10656.32,INR,debit_card,route_d,HDFC,,Pune,web,order_4668,success,,634,0
7369b51c-5aad-4ac8-afd4-c9cfe3b8933c,merchant_paymind_demo,cust_389,2026-08-09T07:13:00,4133.86,INR,wallet,route_c,ICICI,,Bengaluru,web,order_4669,success,,1162,0
e8feab5d-ed57-467b-9237-2e9e85f9c541,merchant_paymind_demo,cust_1187,2026-08-12T07:00:00,21144.27,INR,UPI,route_a,Kotak,paytm,Chennai,ios,order_4670,success,,1604,0
eaeb28e6-0884-4868-9241-ba686fec6258,merchant_paymind_demo,cust_768,2026-08-20T05:52:00,16332.42,INR,wallet,route_b,Yes Bank,,Hyderabad,web,order_4671,success,,2002,0
fac8872a-e74e-4211-9a6b-be4ae4a5c379,merchant_paymind_demo,cust_621,2026-08-20T11:20:00,6972.94,INR,netbanking,route_d,Axis,,Chennai,android,order_4672,failed,invalid_otp,2278,0
f50c3e24-2162-4739-a906-6faf64c8a23b,merchant_paymind_demo,cust_959,2026-08-02T06:15:00,3412.49,INR,debit_card,route_c,Yes Bank,,Mumbai,web,order_4673,success,,650,0
9dcf84dc-2139-4e41-aa05-0c1bb4382cdb,merchant_paymind_demo,cust_578,2026-08-06T19:50:00,15461.67,INR,debit_card,route_a,Yes Bank,,Kolkata,web,order_4674,success,,1613,0
0c9d1d0f-7102-4910-a8e4-52a9de8e4f7b,merchant_paymind_demo,cust_271,2026-08-09T10:10:00,9766.6,INR,netbanking,route_b,Axis,,Bengaluru,ios,order_4675,success,,1402,0
4c8d9ff6-d8c5-4aee-ac20-3968dd62bece,merchant_paymind_demo,cust_690,2026-08-17T03:29:00,16744.14,INR,debit_card,route_d,Axis,,Kolkata,web,order_4676,success,,1979,0
33895f25-4fa3-47d8-b70f-24b957fe17d4,merchant_paymind_demo,cust_693,2026-08-16T16:44:00,6823.6,INR,credit_card,route_b,HDFC,,Pune,ios,order_4677,success,,408,0
848aa89d-73fc-4a0d-84ef-b7df36f74d04,merchant_paymind_demo,cust_442,2026-08-18T18:10:00,296.12,INR,wallet,route_d,ICICI,,Chennai,web,order_4678,success,,2225,0
5631e7ca-97a2-4155-8594-3026a2adadb4,merchant_paymind_demo,cust_293,2026-08-11T19:18:00,9757.38,INR,credit_card,route_c,Yes Bank,,Hyderabad,web,order_4679,success,,2339,0
d51d1f48-b47f-42f0-ad18-df004d289146,merchant_paymind_demo,cust_1138,2026-08-14T05:20:00,24774.89,INR,UPI,route_b,Yes Bank,bhim,Kolkata,ios,order_4680,success,,393,0
5509be4d-9a53-40ef-929d-1d288defe0e7,merchant_paymind_demo,cust_868,2026-08-19T10:53:00,15272.68,INR,credit_card,route_a,Yes Bank,,Delhi,ios,order_4681,success,,2082,0
cd7fb0fc-9b11-4c39-ae5a-505871c67e86,merchant_paymind_demo,cust_354,2026-08-15T14:18:00,22616.49,INR,debit_card,route_c,ICICI,,Pune,ios,order_4682,success,,489,0
d52464da-cc87-4ca2-ae63-511ab2348d55,merchant_paymind_demo,cust_816,2026-08-19T05:58:00,2610.13,INR,UPI,route_c,ICICI,bhim,Chennai,ios,order_4683,success,,2452,0
b3941efe-f2d0-4288-b670-9302c31a5c98,merchant_paymind_demo,cust_1006,2026-08-03T09:59:00,10530.87,INR,debit_card,route_c,Kotak,,Mumbai,web,order_4684,success,,757,0
9117fed4-31be-4698-80d4-439dba059498,merchant_paymind_demo,cust_878,2026-08-14T05:49:00,8375.14,INR,netbanking,route_d,ICICI,,Bengaluru,web,order_4685,success,,1020,0
baf22138-8e4c-466f-a1e0-6c64e8c500ad,merchant_paymind_demo,cust_796,2026-08-14T19:11:00,1895.25,INR,debit_card,route_d,Kotak,,Chennai,web,order_4686,failed,insufficient_funds,5935,0
becf05bc-a2b1-49ac-a94b-288f08d53192,merchant_paymind_demo,cust_427,2026-08-02T05:12:00,11982.31,INR,wallet,route_a,HDFC,,Hyderabad,android,order_4687,success,,1105,0
e96b1f47-8af2-4f73-8ba3-00c1a35c1e83,merchant_paymind_demo,cust_631,2026-08-19T18:27:00,18437.15,INR,credit_card,route_a,ICICI,,Delhi,ios,order_4688,success,,1527,0
360d6f9f-6bc1-40dc-bd8d-a8e4fd47c250,merchant_paymind_demo,cust_886,2026-08-14T01:35:00,21518.43,INR,credit_card,route_b,SBI,,Hyderabad,ios,order_4689,success,,700,0
afd609d2-caf9-4cce-b0d6-ac2ffead1b84,merchant_paymind_demo,cust_777,2026-08-16T07:24:00,14451.6,INR,wallet,route_c,Kotak,,Hyderabad,android,order_4690,failed,insufficient_funds,7282,0
905afe59-c2f9-4c74-a921-8444bdf76d65,merchant_paymind_demo,cust_616,2026-08-10T13:39:00,22532.74,INR,credit_card,route_a,ICICI,,Mumbai,android,order_4691,success,,937,0
ecdb6063-dec4-4292-9e7d-e69c9423cfc9,merchant_paymind_demo,cust_194,2026-08-06T23:43:00,10894.41,INR,wallet,route_c,Kotak,,Bengaluru,android,order_4692,success,,636,0
dfcabfa2-7037-4bd9-9933-619c3534cffe,merchant_paymind_demo,cust_387,2026-08-19T19:19:00,5800.68,INR,credit_card,route_a,SBI,,Hyderabad,ios,order_4693,failed,gateway_error,7570,0
45cdd2fe-ce8b-4281-bb85-16eb23f160d7,merchant_paymind_demo,cust_520,2026-08-04T12:12:00,5460.23,INR,netbanking,route_c,ICICI,,Hyderabad,web,order_4694,success,,1151,0
6890380c-4e9e-414f-bb1d-3890b9565017,merchant_paymind_demo,cust_588,2026-08-04T14:50:00,13271.03,INR,netbanking,route_c,Axis,,Delhi,ios,order_4695,success,,2263,0
9292c9c7-aaf4-4eeb-b4dc-931dc7b68b1f,merchant_paymind_demo,cust_1127,2026-08-15T08:01:00,19460.68,INR,credit_card,route_a,Yes Bank,,Delhi,android,order_4696,success,,1034,0
aff42be2-2ba4-4029-9b10-f5dd2161173c,merchant_paymind_demo,cust_280,2026-08-16T13:26:00,19832.6,INR,netbanking,route_d,Kotak,,Delhi,android,order_4697,success,,1942,0
51453db0-7530-4581-b1da-c66c44bea9f6,merchant_paymind_demo,cust_676,2026-08-09T00:30:00,4986.8,INR,credit_card,route_d,Axis,,Hyderabad,web,order_4698,success,,896,0
bdcc3500-8768-4725-a2aa-d41ecf41626b,merchant_paymind_demo,cust_626,2026-08-16T08:57:00,19361.93,INR,debit_card,route_b,Yes Bank,,Chennai,android,order_4699,success,,1916,0
909e32b5-e35f-40ba-97d8-21cf02f4d92a,merchant_paymind_demo,cust_999,2026-08-14T09:46:00,22132.07,INR,wallet,route_c,Kotak,,Mumbai,android,order_4700,success,,2456,0
68d738cb-d9d6-417a-a0a7-cce197eb7ac9,merchant_paymind_demo,cust_1038,2026-08-12T02:17:00,12029.17,INR,netbanking,route_d,Kotak,,Chennai,web,order_4701,success,,641,0
fa239957-c1f8-432e-a451-b5e3af42ba29,merchant_paymind_demo,cust_908,2026-08-09T15:12:00,17638.75,INR,UPI,route_b,Kotak,bhim,Kolkata,web,order_4702,success,,1860,0
a3570c9e-6110-44ce-9434-13a1ac3ba69a,merchant_paymind_demo,cust_577,2026-08-03T06:47:00,18604.21,INR,debit_card,route_d,ICICI,,Mumbai,web,order_4703,success,,2404,0
842426b5-9915-47ea-a4fe-a9fbfeaf4c74,merchant_paymind_demo,cust_586,2026-08-01T11:01:00,6633.62,INR,UPI,route_a,Axis,gpay,Hyderabad,android,order_4704,success,,851,0
64662073-7b1c-4b2e-8d13-266674147acc,merchant_paymind_demo,cust_574,2026-08-06T16:10:00,19678.5,INR,wallet,route_b,Axis,,Mumbai,android,order_4705,success,,2029,0
3328adca-4d98-410f-bbe7-e788e64a88c7,merchant_paymind_demo,cust_205,2026-08-07T14:58:00,15527.08,INR,debit_card,route_b,SBI,,Bengaluru,android,order_4706,success,,623,0
45201074-85eb-49c9-bf11-0e951b141374,merchant_paymind_demo,cust_429,2026-08-02T10:27:00,16559.97,INR,wallet,route_a,HDFC,,Pune,ios,order_4707,success,,2393,0
182acf08-eca8-4e2f-a722-a876b69df5b0,merchant_paymind_demo,cust_908,2026-08-20T04:34:00,5669.94,INR,debit_card,route_a,ICICI,,Chennai,android,order_4708,success,,489,0
c4a4a5c7-877b-4afb-bded-ca2573ae2af4,merchant_paymind_demo,cust_945,2026-08-07T06:18:00,14202.32,INR,UPI,route_a,Axis,paytm,Chennai,android,order_4709,success,,2346,0
eb5b7ed6-ee0a-4801-9f18-ce2e6c490bb3,merchant_paymind_demo,cust_213,2026-08-17T01:22:00,23334.32,INR,credit_card,route_d,ICICI,,Chennai,android,order_4710,failed,bank_timeout,8830,0
c0c07b01-ca11-4b3d-b04b-0a7894c9c4c3,merchant_paymind_demo,cust_91,2026-08-02T21:33:00,21044.42,INR,wallet,route_a,HDFC,,Pune,ios,order_4711,success,,1003,0
effbbfe6-986c-44b2-b329-c5b129f9cfc7,merchant_paymind_demo,cust_1130,2026-08-15T00:44:00,21328.37,INR,netbanking,route_b,Yes Bank,,Pune,ios,order_4712,success,,363,0
84aa85e5-a294-4a8f-8f35-4f70687d00ed,merchant_paymind_demo,cust_428,2026-08-12T22:17:00,9562.64,INR,UPI,route_c,Yes Bank,,Chennai,ios,order_4713,success,,517,0
854d87db-272b-43d5-90e8-0cd5bd2a4be9,merchant_paymind_demo,cust_642,2026-08-20T11:02:00,2170.96,INR,credit_card,route_c,ICICI,,Bengaluru,web,order_4714,success,,469,0
dcc32eb7-f746-4f7d-9923-c9f49d69855d,merchant_paymind_demo,cust_171,2026-08-02T11:01:00,20759.76,INR,debit_card,route_a,HDFC,,Bengaluru,ios,order_4715,success,,515,0
627f5d9f-2502-4ce4-8d1c-916875607673,merchant_paymind_demo,cust_497,2026-08-02T14:15:00,17707.9,INR,UPI,route_c,Kotak,bhim,Mumbai,android,order_4716,success,,2273,0
9ab706cf-4573-4a59-a2a8-7100306d382f,merchant_paymind_demo,cust_391,2026-08-19T04:16:00,22222.67,INR,netbanking,route_c,Axis,,Chennai,web,order_4717,success,,2090,0
20533a7c-c7a3-4190-91fc-8c207b82bad4,merchant_paymind_demo,cust_671,2026-08-06T20:10:00,22823.55,INR,netbanking,route_c,Axis,,Delhi,ios,order_4718,failed,gateway_error,4866,0
79283efa-7d37-49bd-a03c-0d0ccb3d8bb9,merchant_paymind_demo,cust_347,2026-08-05T02:00:00,7774.9,INR,UPI,route_c,HDFC,bhim,Hyderabad,ios,order_4719,success,,2348,0
e83afaca-c3cb-4f59-87f6-f823587c95db,merchant_paymind_demo,cust_1008,2026-08-08T16:19:00,21325.71,INR,netbanking,route_a,Yes Bank,,Hyderabad,android,order_4720,success,,2342,0
abb61b6c-f3dd-4c8b-baf4-7d04b7a93137,merchant_paymind_demo,cust_238,2026-08-07T19:53:00,14065.84,INR,netbanking,route_a,Axis,,Mumbai,ios,order_4721,success,,386,0
85629502-03d3-4f6c-9b2b-7f5f83242731,merchant_paymind_demo,cust_677,2026-08-09T01:23:00,22766.68,INR,UPI,route_a,Kotak,phonepe,Chennai,ios,order_4722,success,,1862,0
99048901-a282-42d8-8356-8c29b6e1c04d,merchant_paymind_demo,cust_538,2026-08-07T03:54:00,18366.34,INR,debit_card,route_a,SBI,,Bengaluru,web,order_4723,success,,862,0
614678e2-8515-4127-86e5-5ba378dc944d,merchant_paymind_demo,cust_534,2026-08-18T10:12:00,3666.52,INR,wallet,route_d,Axis,,Kolkata,web,order_4724,success,,376,0
42bee008-224f-4811-ba2f-852839149b36,merchant_paymind_demo,cust_710,2026-08-20T07:08:00,1138.5,INR,wallet,route_c,HDFC,,Delhi,ios,order_4725,success,,2396,0
8770dc7d-e978-496c-9e73-8d49648a8574,merchant_paymind_demo,cust_363,2026-08-10T08:18:00,12770.7,INR,netbanking,route_d,HDFC,,Bengaluru,android,order_4726,success,,1343,0
8963f44e-7a95-4e81-a5af-4b78a257481f,merchant_paymind_demo,cust_1154,2026-08-16T03:20:00,12647.49,INR,UPI,route_c,ICICI,gpay,Chennai,ios,order_4727,success,,621,0
b43a5416-593f-4847-8549-cb699f1aaa59,merchant_paymind_demo,cust_91,2026-08-10T18:23:00,13395.13,INR,netbanking,route_c,ICICI,,Chennai,ios,order_4728,success,,2234,0
0f71e923-67ec-4103-95db-9f6b7c255fb0,merchant_paymind_demo,cust_463,2026-08-14T13:28:00,18718.54,INR,credit_card,route_d,Axis,,Chennai,web,order_4729,success,,729,0
fd68b072-6cc3-446a-8de8-076245d3d24f,merchant_paymind_demo,cust_249,2026-08-20T16:42:00,11501.8,INR,UPI,route_a,SBI,gpay,Mumbai,ios,order_4730,success,,2071,0
e69e41ec-beda-47de-864f-fdad8e857d93,merchant_paymind_demo,cust_937,2026-08-08T21:58:00,18956.43,INR,UPI,route_a,Yes Bank,,Mumbai,android,order_4731,success,,2138,0
a7da9e7d-05e2-48b7-adf0-a2730ea7f097,merchant_paymind_demo,cust_367,2026-08-12T12:50:00,7134.51,INR,netbanking,route_c,SBI,,Chennai,ios,order_4732,success,,720,0
807c2760-8d33-42c9-b603-50b67dbb8d18,merchant_paymind_demo,cust_990,2026-08-11T23:21:00,19988.71,INR,wallet,route_d,Axis,,Chennai,android,order_4733,success,,678,0
3389a03e-1216-4f53-8a7b-22b4be18e5d3,merchant_paymind_demo,cust_363,2026-08-13T14:08:00,19005.1,INR,wallet,route_c,Kotak,,Kolkata,android,order_4734,success,,1360,0
62614480-4e04-431e-bba9-82c425bf5629,merchant_paymind_demo,cust_310,2026-08-03T12:28:00,9091.39,INR,credit_card,route_d,ICICI,,Pune,ios,order_4735,failed,gateway_error,6380,0
bffb861a-23b3-42c4-ac0c-25893de9c910,merchant_paymind_demo,cust_950,2026-08-07T09:07:00,19639.38,INR,credit_card,route_a,Kotak,,Pune,web,order_4736,success,,718,0
7ddf375a-36d5-4d6c-a4d3-faf2e458c0a7,merchant_paymind_demo,cust_93,2026-08-08T20:34:00,14845.56,INR,credit_card,route_c,SBI,,Pune,ios,order_4737,success,,1901,0
65a0787a-d958-48de-819b-692dbe32af67,merchant_paymind_demo,cust_1093,2026-08-20T13:59:00,13510.51,INR,wallet,route_a,ICICI,,Pune,android,order_4738,success,,1701,0
0fd74a14-0159-4a79-b30b-e61298f7e821,merchant_paymind_demo,cust_125,2026-08-13T02:36:00,5443.65,INR,netbanking,route_a,Yes Bank,,Mumbai,web,order_4739,success,,456,0
dc16577a-6111-4cca-a7c4-0b4ae481c43d,merchant_paymind_demo,cust_79,2026-08-19T00:36:00,1793.09,INR,credit_card,route_d,Yes Bank,,Delhi,web,order_4740,success,,493,0
2f22a0aa-b2c6-4265-87ee-9e4e6ff71521,merchant_paymind_demo,cust_938,2026-08-02T10:00:00,5700.8,INR,netbanking,route_c,SBI,,Hyderabad,ios,order_4741,success,,732,0
20420e37-d769-4d5b-b4f1-25520172e32c,merchant_paymind_demo,cust_898,2026-08-09T14:52:00,18844.26,INR,debit_card,route_d,Yes Bank,,Chennai,android,order_4742,success,,1962,0
a34a8920-5bd1-4807-b52c-9e0b81a12a8a,merchant_paymind_demo,cust_813,2026-08-20T21:01:00,18667.95,INR,debit_card,route_d,HDFC,,Delhi,ios,order_4743,success,,1297,0
08de741b-4780-417d-8e46-a47447cab667,merchant_paymind_demo,cust_386,2026-08-04T06:48:00,20244.15,INR,netbanking,route_b,ICICI,,Bengaluru,ios,order_4744,success,,1772,0
7cffc90c-2236-4d46-9396-f389f4969b11,merchant_paymind_demo,cust_41,2026-08-09T19:28:00,15380.39,INR,UPI,route_a,Kotak,bhim,Hyderabad,ios,order_4745,success,,1136,0
efed28c4-46c4-4ea0-b6ab-33bd69f2ac9c,merchant_paymind_demo,cust_199,2026-08-19T14:18:00,21011.58,INR,wallet,route_b,Yes Bank,,Bengaluru,android,order_4746,success,,529,0
df45c7fc-7126-49db-bee0-4c49ed3b8bd4,merchant_paymind_demo,cust_896,2026-08-09T20:43:00,8099.2,INR,UPI,route_c,Kotak,paytm,Delhi,web,order_4747,success,,1247,0
979f063b-f8e1-41f2-9cb7-6516d3ef1918,merchant_paymind_demo,cust_567,2026-08-10T19:09:00,1596.34,INR,UPI,route_c,Yes Bank,bhim,Mumbai,web,order_4748,success,,2485,0
31502ff0-5376-4e5d-9f18-8191a141d43f,merchant_paymind_demo,cust_1017,2026-08-01T20:50:00,9626.14,INR,wallet,route_b,Axis,,Bengaluru,web,order_4749,success,,321,0
bb61c671-6a93-4c58-bf84-78f3b7c7c39d,merchant_paymind_demo,cust_105,2026-08-15T11:02:00,20767.03,INR,debit_card,route_c,Yes Bank,,Hyderabad,android,order_4750,success,,536,0
66198c22-1c32-4524-900b-9ff90019c7a4,merchant_paymind_demo,cust_260,2026-08-12T02:49:00,16388.6,INR,debit_card,route_a,ICICI,,Kolkata,ios,order_4751,success,,2042,0
c9d6214a-fbce-477d-9ae5-bc774e3c8ae0,merchant_paymind_demo,cust_386,2026-08-01T02:23:00,17156.44,INR,debit_card,route_a,SBI,,Pune,android,order_4752,success,,784,0
f32b4a37-7d58-4991-8fe1-99cca86ddaf5,merchant_paymind_demo,cust_672,2026-08-12T04:07:00,8243.66,INR,wallet,route_d,ICICI,,Hyderabad,web,order_4753,success,,300,0
96e35f3f-e3dd-42a4-b8f5-493fbb9eea66,merchant_paymind_demo,cust_993,2026-08-07T23:54:00,657.83,INR,wallet,route_b,Kotak,,Delhi,web,order_4754,success,,1633,0
0ba17a99-a43c-427f-b3a9-40bd891cff60,merchant_paymind_demo,cust_706,2026-08-08T03:53:00,5631.21,INR,UPI,route_a,SBI,phonepe,Hyderabad,ios,order_4755,success,,598,0
531e68ab-a8cd-4868-bffd-19c1e35a57e1,merchant_paymind_demo,cust_115,2026-08-03T15:56:00,4753.83,INR,debit_card,route_b,SBI,,Chennai,android,order_4756,success,,676,0
3715958d-adb2-4aa2-9531-142ebf68b643,merchant_paymind_demo,cust_971,2026-08-16T07:16:00,19031.19,INR,netbanking,route_c,HDFC,,Pune,ios,order_4757,success,,800,0
876b62da-8f27-4b12-aba9-34a2a9ceeebe,merchant_paymind_demo,cust_247,2026-08-20T23:05:00,13288.43,INR,credit_card,route_c,HDFC,,Hyderabad,android,order_4758,success,,1769,0
dd3383d8-ca1c-4723-b923-df58b2b6ad60,merchant_paymind_demo,cust_209,2026-08-03T21:27:00,600.54,INR,UPI,route_a,Axis,paytm,Pune,android,order_4759,success,,1425,0
e125c2c8-e50c-41f3-8309-faca8701622a,merchant_paymind_demo,cust_877,2026-08-14T05:01:00,15112.5,INR,debit_card,route_b,ICICI,,Kolkata,android,order_4760,success,,2236,0
c9d974ff-6b2f-4839-95b5-7d92a05ee5d1,merchant_paymind_demo,cust_298,2026-08-18T20:29:00,19368.84,INR,netbanking,route_c,Axis,,Delhi,web,order_4761,success,,2206,0
7441d3a5-4272-4aac-a9d4-fa80c5ae0b72,merchant_paymind_demo,cust_1162,2026-08-04T10:23:00,16875.91,INR,wallet,route_b,ICICI,,Hyderabad,android,order_4762,success,,1837,0
e02cfd63-45a7-430e-9604-b7b8af5cc8c8,merchant_paymind_demo,cust_407,2026-08-10T08:42:00,20289.4,INR,UPI,route_d,HDFC,phonepe,Bengaluru,android,order_4763,success,,1133,0
13678817-1e72-42cb-8e71-6dc87fbcc424,merchant_paymind_demo,cust_609,2026-08-15T00:13:00,2209.39,INR,netbanking,route_c,Kotak,,Kolkata,android,order_4764,success,,1208,0
1c7a59cd-5c9b-4a8b-a7ec-6f60d64e2017,merchant_paymind_demo,cust_589,2026-08-20T18:56:00,4782.84,INR,netbanking,route_c,ICICI,,Chennai,ios,order_4765,success,,1098,0
a41f32da-0503-41ff-a4bd-f34b2df7007e,merchant_paymind_demo,cust_646,2026-08-16T18:27:00,24227.83,INR,UPI,route_c,SBI,bhim,Hyderabad,android,order_4766,success,,1807,0
dab646af-feba-46ea-b427-63c5bddd4234,merchant_paymind_demo,cust_1196,2026-08-08T06:33:00,24806.21,INR,UPI,route_c,Axis,phonepe,Kolkata,web,order_4767,success,,741,0
f4726c06-7fc8-4cdb-be6a-64a006c9b936,merchant_paymind_demo,cust_1128,2026-08-14T04:10:00,11999.13,INR,wallet,route_d,ICICI,,Delhi,web,order_4768,success,,489,0
716ae36b-36c3-4d1a-99af-60a5c1db704a,merchant_paymind_demo,cust_576,2026-08-04T13:00:00,20270.72,INR,credit_card,route_b,ICICI,,Kolkata,android,order_4769,success,,2422,0
c802ac0c-173e-410d-a0f7-dcb2947c38bc,merchant_paymind_demo,cust_491,2026-08-03T08:36:00,16552.3,INR,wallet,route_d,HDFC,,Kolkata,android,order_4770,success,,1628,0
df93cf38-a816-4ccd-a049-96b5ce30817a,merchant_paymind_demo,cust_315,2026-08-12T06:41:00,453.06,INR,UPI,route_a,HDFC,paytm,Delhi,web,order_4771,success,,2083,0
cbe135c6-375e-49c3-9f23-2b3c62dfad63,merchant_paymind_demo,cust_621,2026-08-11T15:12:00,1050.61,INR,netbanking,route_d,Yes Bank,,Delhi,ios,order_4772,success,,475,0
e2eb104c-c2b9-4a54-a965-0d15ffcfb45a,merchant_paymind_demo,cust_977,2026-08-17T16:41:00,12680.67,INR,credit_card,route_d,Axis,,Delhi,ios,order_4773,success,,2362,0
ceec80ac-1b62-4c0e-bb85-56b4f65b9058,merchant_paymind_demo,cust_995,2026-08-05T09:41:00,13271.4,INR,UPI,route_b,ICICI,phonepe,Kolkata,android,order_4774,success,,2185,0
ee94201f-e32a-49e9-b204-69df823f659f,merchant_paymind_demo,cust_1190,2026-08-13T08:00:00,4284.66,INR,UPI,route_d,Axis,gpay,Pune,web,order_4775,success,,2211,0
ad28cdd9-0f0c-48d4-b6f5-da21ce3df429,merchant_paymind_demo,cust_812,2026-08-04T03:41:00,2652.6,INR,debit_card,route_d,ICICI,,Chennai,ios,order_4776,success,,2460,0
efba1290-d061-4d63-a6e4-2a8010d1ec1d,merchant_paymind_demo,cust_140,2026-08-10T15:21:00,13633.85,INR,credit_card,route_d,HDFC,,Mumbai,ios,order_4777,success,,1934,0
8ccc6a66-a718-4f57-8548-d20d92073192,merchant_paymind_demo,cust_1073,2026-08-02T10:34:00,21887.33,INR,wallet,route_b,Axis,,Hyderabad,android,order_4778,success,,1576,0
b0d6944e-26b0-4b84-aff4-e1549a6ae89a,merchant_paymind_demo,cust_1115,2026-08-16T06:59:00,6693.17,INR,credit_card,route_c,Kotak,,Mumbai,ios,order_4779,success,,607,0
16baa2c7-f110-4ab8-aaa3-58352b97c8d7,merchant_paymind_demo,cust_322,2026-08-15T08:46:00,7172.85,INR,netbanking,route_d,Kotak,,Chennai,android,order_4780,success,,1188,0
8c886d36-070e-42b3-bbfc-fb8eedd917f8,merchant_paymind_demo,cust_128,2026-08-13T02:05:00,5342.59,INR,UPI,route_a,Kotak,,Kolkata,ios,order_4781,failed,invalid_otp,4108,0
527cee9e-03eb-465d-bc91-3ce421a6b152,merchant_paymind_demo,cust_1129,2026-08-14T01:12:00,1160.93,INR,wallet,route_c,Kotak,,Delhi,android,order_4782,success,,1344,0
fc5df5b7-c54a-44a8-9ffc-d504659ded9b,merchant_paymind_demo,cust_652,2026-08-13T06:28:00,9459.81,INR,netbanking,route_d,Yes Bank,,Pune,android,order_4783,success,,1884,0
86cde5ce-d812-4847-8413-2d450c13eab0,merchant_paymind_demo,cust_444,2026-08-02T14:21:00,16765.66,INR,UPI,route_a,Axis,bhim,Pune,web,order_4784,success,,1999,0
42feb844-e158-407f-a251-f0e1745666cd,merchant_paymind_demo,cust_1184,2026-08-11T20:15:00,15903.58,INR,debit_card,route_c,ICICI,,Pune,android,order_4785,success,,2475,0
a6eef828-9725-43dc-92a3-8a6f5357cccb,merchant_paymind_demo,cust_18,2026-08-20T03:46:00,17582.57,INR,netbanking,route_d,Kotak,,Delhi,web,order_4786,success,,1669,0
92c45ae1-c623-4fae-aff0-e42b6eebd0b3,merchant_paymind_demo,cust_260,2026-08-10T12:25:00,18387.07,INR,credit_card,route_d,HDFC,,Bengaluru,android,order_4787,success,,1666,0
c321b6d9-5225-416b-a0e2-5c5547967fd8,merchant_paymind_demo,cust_202,2026-08-06T08:18:00,15811.92,INR,debit_card,route_d,ICICI,,Pune,android,order_4788,success,,1462,0
1cfead14-baef-4649-833f-e38c04ad8f2e,merchant_paymind_demo,cust_245,2026-08-20T03:09:00,11976.61,INR,credit_card,route_c,Axis,,Delhi,ios,order_4789,success,,2268,0
8e5cc9f3-fe62-4761-bdff-b1ef2d20f2d7,merchant_paymind_demo,cust_517,2026-08-06T14:29:00,4950.01,INR,wallet,route_a,Axis,,Hyderabad,android,order_4790,success,,2141,0
d27d4eb8-ed91-4ba6-a38a-ff047f4303cb,merchant_paymind_demo,cust_80,2026-08-09T00:09:00,16249.54,INR,credit_card,route_d,Axis,,Chennai,android,order_4791,success,,431,0
0219d506-6494-4850-a4d5-6ea0cc559c6f,merchant_paymind_demo,cust_29,2026-08-11T00:35:00,13045.3,INR,wallet,route_d,SBI,,Mumbai,android,order_4792,success,,1660,0
a2a3d8b0-f0cf-4728-877e-05cb82bd2b87,merchant_paymind_demo,cust_833,2026-08-09T18:54:00,3515.92,INR,netbanking,route_d,Kotak,,Pune,ios,order_4793,success,,2050,0
537a6883-d8ea-494c-8de5-2db9649a031b,merchant_paymind_demo,cust_648,2026-08-08T19:39:00,16616.52,INR,debit_card,route_c,ICICI,,Bengaluru,ios,order_4794,success,,2028,0
40a124fa-9019-4f8e-bce5-0444d6695ea7,merchant_paymind_demo,cust_366,2026-08-14T00:41:00,15197.18,INR,netbanking,route_d,ICICI,,Delhi,web,order_4795,success,,2020,0
a159141a-33ea-4f6d-b519-7930cb4bc54a,merchant_paymind_demo,cust_90,2026-08-10T20:43:00,16671.87,INR,netbanking,route_a,SBI,,Kolkata,ios,order_4796,success,,726,0
f75febb8-ca73-40b0-bbee-5783e822dd4b,merchant_paymind_demo,cust_898,2026-08-17T07:43:00,23107.68,INR,credit_card,route_b,Kotak,,Chennai,web,order_4797,success,,2452,0
1e805bc5-ce96-4d30-8bde-54bb13a6c561,merchant_paymind_demo,cust_277,2026-08-19T06:48:00,5112.07,INR,credit_card,route_d,ICICI,,Delhi,ios,order_4798,success,,1335,0
f47dbaa2-c640-41fb-8aca-b8c4136691b3,merchant_paymind_demo,cust_863,2026-08-05T05:58:00,14096.76,INR,netbanking,route_d,HDFC,,Mumbai,android,order_4799,success,,1776,0
724cbf04-a161-44c4-9602-4db6d67cc544,merchant_paymind_demo,cust_551,2026-08-15T14:18:00,13888.31,INR,netbanking,route_c,ICICI,,Chennai,web,order_4800,success,,624,0
bb09a278-4b11-41b3-bf54-cb405c755459,merchant_paymind_demo,cust_1188,2026-08-04T15:53:00,10289.94,INR,debit_card,route_d,ICICI,,Pune,ios,order_4801,success,,316,0
9051f06c-ba09-4125-8d5a-0a1b89fcfdb0,merchant_paymind_demo,cust_159,2026-08-04T09:10:00,20556.97,INR,netbanking,route_d,SBI,,Kolkata,ios,order_4802,failed,insufficient_funds,6796,0
2b11d0c7-0bee-4236-b13e-2feb2bc1ec11,merchant_paymind_demo,cust_75,2026-08-13T21:25:00,22681.51,INR,netbanking,route_a,HDFC,,Mumbai,web,order_4803,success,,735,0
858a1268-a6e5-46d7-91f9-fe59a44e6ebe,merchant_paymind_demo,cust_662,2026-08-08T00:42:00,8528.47,INR,netbanking,route_c,Yes Bank,,Delhi,android,order_4804,success,,523,0
8a213a5f-88e4-4a9c-b233-8b6cc3e53d39,merchant_paymind_demo,cust_1063,2026-08-20T18:44:00,6755.71,INR,UPI,route_d,ICICI,bhim,Pune,ios,order_4805,success,,940,0
eea5ee00-b243-40f0-8ff0-fe702b15a9c1,merchant_paymind_demo,cust_645,2026-08-05T02:47:00,20542.54,INR,UPI,route_b,SBI,,Hyderabad,web,order_4806,success,,2174,0
7c9b648e-0377-44c3-a973-51c7b0dc50ce,merchant_paymind_demo,cust_407,2026-08-04T14:12:00,2769.73,INR,credit_card,route_d,SBI,,Kolkata,ios,order_4807,success,,734,0
d7d2062b-17ed-42f1-930f-a8d1c6133e3f,merchant_paymind_demo,cust_122,2026-08-15T06:32:00,13328.75,INR,UPI,route_d,HDFC,gpay,Kolkata,ios,order_4808,success,,681,0
7a357f56-b382-43fa-89c9-3ed6d6ef4896,merchant_paymind_demo,cust_518,2026-08-01T00:30:00,16001.29,INR,credit_card,route_c,HDFC,,Mumbai,ios,order_4809,success,,1404,0
7b51adcb-17d6-40c6-b03c-15910dfb06d9,merchant_paymind_demo,cust_939,2026-08-10T13:39:00,22708.49,INR,credit_card,route_c,ICICI,,Bengaluru,web,order_4810,success,,1555,0
e506d055-b8fc-4068-aa12-3b53fc787310,merchant_paymind_demo,cust_883,2026-08-16T07:55:00,17161.08,INR,netbanking,route_c,HDFC,,Kolkata,ios,order_4811,success,,1088,0
27db7efc-ce06-4224-b121-fdc332653016,merchant_paymind_demo,cust_1005,2026-08-16T06:57:00,21251.83,INR,debit_card,route_a,HDFC,,Chennai,android,order_4812,success,,942,0
1f29c3a8-72c4-42a3-9e90-603453101ba2,merchant_paymind_demo,cust_1174,2026-08-20T23:04:00,8841.3,INR,wallet,route_d,SBI,,Bengaluru,web,order_4813,success,,2321,0
bc9735ed-3be4-447d-8a82-97fb54d31382,merchant_paymind_demo,cust_384,2026-08-02T08:24:00,6545.22,INR,debit_card,route_a,Yes Bank,,Bengaluru,ios,order_4814,success,,970,0
b6d3bea3-44c1-48ac-9180-043fc45d4108,merchant_paymind_demo,cust_338,2026-08-18T08:32:00,5748.93,INR,wallet,route_a,Axis,,Bengaluru,web,order_4815,success,,1246,0
2604e4d2-069e-4d60-b462-1aecc5a1a892,merchant_paymind_demo,cust_505,2026-08-15T06:31:00,24156.65,INR,UPI,route_b,Kotak,bhim,Chennai,web,order_4816,success,,1443,0
836927b0-6962-4d2c-bfb9-393908372594,merchant_paymind_demo,cust_589,2026-08-06T04:06:00,5736.14,INR,debit_card,route_b,Kotak,,Pune,ios,order_4817,success,,1713,0
b13d8a1e-7602-4be1-b018-e21587750e0b,merchant_paymind_demo,cust_1022,2026-08-16T18:35:00,16106.65,INR,netbanking,route_c,Yes Bank,,Mumbai,ios,order_4818,success,,2235,0
6ad396e6-0725-4f1c-a79c-5ae6e8da6d86,merchant_paymind_demo,cust_806,2026-08-17T08:52:00,6885.0,INR,netbanking,route_d,ICICI,,Kolkata,web,order_4819,success,,2388,0
5971b32e-9d37-4971-b9cd-7c3073e5501a,merchant_paymind_demo,cust_606,2026-08-03T08:07:00,14094.86,INR,credit_card,route_a,Axis,,Chennai,web,order_4820,success,,605,0
8424e295-01ca-4f24-8d7a-bc3db67553e2,merchant_paymind_demo,cust_1173,2026-08-11T01:33:00,13997.96,INR,UPI,route_c,ICICI,,Hyderabad,android,order_4821,failed,bank_timeout,2540,0
37bb4df2-f940-41f6-9708-0df00fe85a4b,merchant_paymind_demo,cust_269,2026-08-03T18:08:00,3260.48,INR,netbanking,route_b,Axis,,Bengaluru,web,order_4822,success,,1728,0
8c976b4a-c0d5-4f8f-ab1e-cf989d57ef42,merchant_paymind_demo,cust_104,2026-08-20T17:17:00,19174.31,INR,wallet,route_c,Kotak,,Hyderabad,android,order_4823,success,,307,0
23676139-308f-4115-a554-430caf25d1ba,merchant_paymind_demo,cust_962,2026-08-13T19:53:00,14345.76,INR,debit_card,route_a,SBI,,Kolkata,web,order_4824,success,,1369,0
604a2c92-f96c-4990-8ece-8e836e8713b0,merchant_paymind_demo,cust_719,2026-08-09T14:55:00,8789.44,INR,credit_card,route_a,Yes Bank,,Delhi,android,order_4825,success,,1474,0
7936ad42-0887-4cb6-bbf8-3ac102ed10b0,merchant_paymind_demo,cust_564,2026-08-02T06:30:00,17932.21,INR,credit_card,route_d,Yes Bank,,Mumbai,web,order_4826,success,,382,0
3ca116eb-6f6f-400a-889c-b58f78463b0f,merchant_paymind_demo,cust_444,2026-08-02T14:50:00,23502.74,INR,netbanking,route_b,Kotak,,Bengaluru,web,order_4827,success,,1497,0
02d18dd1-39a6-4e1d-88b1-fc2c84c16676,merchant_paymind_demo,cust_922,2026-08-13T06:50:00,18750.48,INR,credit_card,route_c,SBI,,Hyderabad,android,order_4828,success,,2235,0
fba8273f-b758-4cb2-b62b-299f360fc470,merchant_paymind_demo,cust_253,2026-08-04T13:13:00,13100.03,INR,credit_card,route_a,Yes Bank,,Mumbai,android,order_4829,success,,1047,0
a85e3a08-7cea-4af6-b0a9-8f1a0af11abe,merchant_paymind_demo,cust_312,2026-08-03T03:41:00,24304.49,INR,netbanking,route_a,SBI,,Bengaluru,ios,order_4830,success,,2330,0
919d7366-d261-4046-bfb8-068df548e12e,merchant_paymind_demo,cust_446,2026-08-18T11:00:00,11636.77,INR,wallet,route_d,HDFC,,Chennai,android,order_4831,success,,1815,0
a3502370-9914-44e4-9079-f82592682c23,merchant_paymind_demo,cust_760,2026-08-15T16:25:00,18052.25,INR,UPI,route_d,ICICI,bhim,Pune,android,order_4832,success,,1059,0
3e058010-179b-4286-9ea4-e38973f72c37,merchant_paymind_demo,cust_523,2026-08-17T05:49:00,16436.46,INR,netbanking,route_b,ICICI,,Chennai,ios,order_4833,success,,2155,0
bad45342-c7f9-4993-8757-86840b6ad978,merchant_paymind_demo,cust_1016,2026-08-14T19:09:00,13155.63,INR,credit_card,route_c,Yes Bank,,Chennai,android,order_4834,failed,gateway_error,6205,0
19cccd3d-bd58-4cf6-899c-650326407036,merchant_paymind_demo,cust_495,2026-08-11T00:48:00,15126.43,INR,wallet,route_d,Axis,,Pune,ios,order_4835,success,,967,0
7648a0d5-0ddc-4c8a-a64e-4a338a1df2ef,merchant_paymind_demo,cust_891,2026-08-20T00:27:00,20866.63,INR,credit_card,route_d,Kotak,,Kolkata,android,order_4836,success,,2426,0
33f062c0-60f3-4a13-8961-c84715fae8a1,merchant_paymind_demo,cust_549,2026-08-03T10:46:00,21665.82,INR,debit_card,route_b,Kotak,,Bengaluru,ios,order_4837,success,,929,0
87631c9d-e9ba-4663-aa60-d3d87d65733c,merchant_paymind_demo,cust_301,2026-08-17T21:25:00,15137.13,INR,wallet,route_a,Axis,,Kolkata,ios,order_4838,success,,728,0
8bcefa01-aa82-4280-a024-ce989d65bb17,merchant_paymind_demo,cust_1183,2026-08-08T03:17:00,4190.38,INR,debit_card,route_c,Axis,,Kolkata,web,order_4839,success,,2323,0
1efb849f-1875-4cb1-bfce-1b53354af575,merchant_paymind_demo,cust_679,2026-08-17T17:10:00,5635.83,INR,UPI,route_b,HDFC,bhim,Hyderabad,android,order_4840,success,,591,0
34462a0d-57df-4466-b282-8595a7915c28,merchant_paymind_demo,cust_1014,2026-08-08T11:56:00,22423.75,INR,credit_card,route_a,Kotak,,Kolkata,ios,order_4841,success,,688,0
0d526f17-a916-4463-be82-00f9a444642f,merchant_paymind_demo,cust_104,2026-08-04T05:49:00,2858.36,INR,netbanking,route_a,HDFC,,Kolkata,android,order_4842,success,,1002,0
b7aa6d20-5b3f-40d4-b988-e9dee2c9ab1b,merchant_paymind_demo,cust_631,2026-08-16T02:02:00,15289.61,INR,netbanking,route_c,Kotak,,Pune,ios,order_4843,success,,531,0
367f1029-6d94-43d4-b31e-b773d74aea7b,merchant_paymind_demo,cust_257,2026-08-08T09:48:00,5721.25,INR,UPI,route_a,Yes Bank,bhim,Delhi,android,order_4844,success,,311,0
07d3ee75-1a34-4991-b13b-93e560b28206,merchant_paymind_demo,cust_1016,2026-08-19T23:50:00,22439.67,INR,debit_card,route_b,ICICI,,Pune,web,order_4845,success,,2215,0
b39a9e3b-6be9-4680-8f12-385232f6a698,merchant_paymind_demo,cust_344,2026-08-17T03:09:00,21781.28,INR,wallet,route_d,SBI,,Pune,ios,order_4846,success,,1067,0
6918a8bb-d643-422d-bfa3-bb2e3419c25f,merchant_paymind_demo,cust_1056,2026-08-16T09:21:00,15294.99,INR,credit_card,route_c,ICICI,,Mumbai,android,order_4847,success,,1725,0
2d6e8245-0bb8-4129-ae19-f790d4a4ce82,merchant_paymind_demo,cust_423,2026-08-13T06:23:00,12325.39,INR,credit_card,route_a,Axis,,Bengaluru,ios,order_4848,success,,1089,0
d1e25ea1-0d48-406c-b158-0d5ff09b119b,merchant_paymind_demo,cust_614,2026-08-06T17:07:00,16370.78,INR,UPI,route_c,HDFC,,Pune,web,order_4849,success,,1838,0
e0b06fbc-1f4c-4b7e-a87c-8efbc8b36c83,merchant_paymind_demo,cust_1177,2026-08-18T06:55:00,19083.53,INR,debit_card,route_d,ICICI,,Pune,ios,order_4850,success,,1129,0
5b29bd92-6c44-463d-9d7e-67a3f2a346ba,merchant_paymind_demo,cust_1177,2026-08-17T07:20:00,20725.53,INR,wallet,route_d,Axis,,Pune,android,order_4851,success,,1753,0
fc72ebc3-3fa8-4bf1-8cf4-daa2285a6921,merchant_paymind_demo,cust_469,2026-08-16T03:35:00,15922.35,INR,netbanking,route_c,HDFC,,Pune,ios,order_4852,success,,540,0
b48d25a2-75e0-4b0b-ac87-7874fcf47dfc,merchant_paymind_demo,cust_1110,2026-08-04T13:13:00,8771.89,INR,debit_card,route_a,HDFC,,Delhi,android,order_4853,success,,2476,0
2d54b7aa-5c30-421a-a921-bbb80fe09693,merchant_paymind_demo,cust_39,2026-08-11T20:25:00,8910.45,INR,netbanking,route_a,SBI,,Bengaluru,web,order_4854,success,,1828,0
09c07010-ee60-4aee-8893-33c956e7a362,merchant_paymind_demo,cust_159,2026-08-15T02:11:00,10234.14,INR,netbanking,route_d,Yes Bank,,Chennai,web,order_4855,success,,1841,0
5e0d9a0a-ece7-4957-b9f6-40bd243a9ba4,merchant_paymind_demo,cust_682,2026-08-02T05:48:00,17923.69,INR,UPI,route_b,SBI,gpay,Kolkata,android,order_4856,success,,304,0
7210396d-1842-4d3f-a6a8-e7033e0b2491,merchant_paymind_demo,cust_762,2026-08-08T18:52:00,11367.37,INR,credit_card,route_c,Axis,,Bengaluru,ios,order_4857,success,,1917,0
b6d238a3-40fc-4837-9f9a-ea42925e359e,merchant_paymind_demo,cust_395,2026-08-17T12:00:00,3524.73,INR,debit_card,route_d,Axis,,Bengaluru,android,order_4858,success,,540,0
7b6e9c74-d88f-4dd5-85c9-ceade24738e3,merchant_paymind_demo,cust_1065,2026-08-08T09:10:00,15376.98,INR,debit_card,route_b,ICICI,,Delhi,android,order_4859,failed,invalid_otp,5491,0
d304f267-de23-472c-b732-ab12ed6d8624,merchant_paymind_demo,cust_994,2026-08-15T11:35:00,634.48,INR,credit_card,route_d,HDFC,,Kolkata,ios,order_4860,success,,1669,0
ad1c0910-a913-4f7a-8267-6e5bfa610b68,merchant_paymind_demo,cust_948,2026-08-06T00:00:00,20917.19,INR,credit_card,route_a,SBI,,Delhi,ios,order_4861,success,,975,0
11bd5cad-449a-4cc3-a63c-5e5e524350cc,merchant_paymind_demo,cust_1006,2026-08-17T03:23:00,13228.22,INR,wallet,route_d,ICICI,,Hyderabad,android,order_4862,success,,555,0
dca53eb3-49c3-4165-9f2d-3db164746eff,merchant_paymind_demo,cust_774,2026-08-03T12:51:00,8822.84,INR,wallet,route_a,Axis,,Mumbai,android,order_4863,success,,2068,0
ae9a2658-7c92-4c0f-8ac8-6a49dd694764,merchant_paymind_demo,cust_112,2026-08-06T00:17:00,10864.96,INR,netbanking,route_d,HDFC,,Bengaluru,web,order_4864,success,,540,0
a80c0fd5-adf9-4b04-af73-188d9ee4cbe6,merchant_paymind_demo,cust_943,2026-08-15T22:45:00,21004.33,INR,debit_card,route_d,Axis,,Hyderabad,ios,order_4865,success,,1130,0
b2bc7c30-b01b-41de-b342-34bc94faf4f3,merchant_paymind_demo,cust_584,2026-08-10T09:13:00,11106.95,INR,UPI,route_d,Yes Bank,gpay,Hyderabad,ios,order_4866,success,,1410,0
8e36ff45-e3a7-48e1-bd37-b9fc058e3e76,merchant_paymind_demo,cust_142,2026-08-20T15:18:00,3760.54,INR,wallet,route_b,HDFC,,Hyderabad,web,order_4867,success,,2307,0
fb98f420-f09b-421f-8854-9d31a0f40380,merchant_paymind_demo,cust_961,2026-08-11T07:01:00,21245.34,INR,wallet,route_b,SBI,,Kolkata,android,order_4868,success,,2164,0
710edf36-0084-4836-9356-3c4771881397,merchant_paymind_demo,cust_1088,2026-08-17T20:34:00,9823.13,INR,debit_card,route_d,ICICI,,Chennai,ios,order_4869,success,,2357,0
85001bbe-96e2-46b0-b6c8-41accf4b6bf5,merchant_paymind_demo,cust_480,2026-08-01T06:40:00,21824.09,INR,credit_card,route_a,Kotak,,Pune,ios,order_4870,success,,565,0
465b97db-eb0d-40c4-86c6-8bd88494fd99,merchant_paymind_demo,cust_682,2026-08-14T10:26:00,24700.35,INR,debit_card,route_a,HDFC,,Kolkata,android,order_4871,success,,1185,0
0dd1dc6e-9b1a-4225-98e7-07173489ba0d,merchant_paymind_demo,cust_311,2026-08-17T12:56:00,16463.8,INR,netbanking,route_a,SBI,,Chennai,ios,order_4872,success,,2437,0
dc48da27-634a-4165-9dfc-35cf877e04c9,merchant_paymind_demo,cust_1098,2026-08-04T15:02:00,22662.04,INR,UPI,route_b,SBI,bhim,Bengaluru,web,order_4873,success,,787,0
bb67d494-572f-4012-a387-bc5f38017ce4,merchant_paymind_demo,cust_861,2026-08-19T00:36:00,8185.01,INR,credit_card,route_c,Yes Bank,,Pune,android,order_4874,success,,1187,0
dbc3d57d-a193-4cc3-8814-04032ebc76e3,merchant_paymind_demo,cust_1168,2026-08-10T06:59:00,15985.21,INR,UPI,route_d,Kotak,gpay,Kolkata,android,order_4875,success,,783,0
5ad88b2d-13e7-45b0-bf7f-bba08c193f0d,merchant_paymind_demo,cust_218,2026-08-12T15:58:00,18191.79,INR,wallet,route_b,Axis,,Kolkata,web,order_4876,success,,395,0
a304b08a-c8cb-444e-95e1-1210ad6023ab,merchant_paymind_demo,cust_902,2026-08-14T12:28:00,1251.57,INR,UPI,route_d,Yes Bank,paytm,Bengaluru,web,order_4877,success,,1372,0
8b2006af-68be-4656-8207-c1c70b43fc22,merchant_paymind_demo,cust_1119,2026-08-02T11:26:00,8248.81,INR,UPI,route_b,Kotak,paytm,Delhi,ios,order_4878,success,,681,0
2252e89e-8e4b-4f95-9ee0-07d408083d16,merchant_paymind_demo,cust_329,2026-08-10T21:01:00,19750.68,INR,UPI,route_a,HDFC,,Hyderabad,ios,order_4879,success,,504,0
29b26a10-9dde-43ff-b860-58a4fe1029d8,merchant_paymind_demo,cust_1071,2026-08-02T15:39:00,22318.85,INR,netbanking,route_c,SBI,,Kolkata,android,order_4880,success,,2056,0
708383d7-db51-4ffc-b66c-04025f2beb37,merchant_paymind_demo,cust_797,2026-08-03T04:26:00,2615.52,INR,netbanking,route_d,Yes Bank,,Delhi,web,order_4881,success,,1439,0
eaa3b17f-3aa3-4eb1-b00c-173ba28d78fb,merchant_paymind_demo,cust_839,2026-08-20T16:38:00,11746.3,INR,credit_card,route_a,SBI,,Pune,web,order_4882,success,,1711,0
13d572d5-f1ce-4b54-8075-9b93385037e6,merchant_paymind_demo,cust_24,2026-08-06T19:14:00,15595.75,INR,wallet,route_d,Axis,,Pune,web,order_4883,success,,1620,0
54535537-eefa-4781-9516-df083fbd508a,merchant_paymind_demo,cust_14,2026-08-01T18:17:00,5800.29,INR,netbanking,route_b,HDFC,,Bengaluru,android,order_4884,success,,2429,0
81637c9f-7cf4-451d-a35a-d5c9bcb39915,merchant_paymind_demo,cust_712,2026-08-14T09:56:00,13981.73,INR,netbanking,route_d,ICICI,,Kolkata,android,order_4885,success,,1570,0
b530023a-34ea-4836-81e5-a4804fecc69e,merchant_paymind_demo,cust_959,2026-08-10T13:01:00,6636.01,INR,wallet,route_a,Kotak,,Bengaluru,web,order_4886,success,,1718,0
a7d83576-8342-44d9-9292-7cceb3db6765,merchant_paymind_demo,cust_371,2026-08-09T06:11:00,1928.32,INR,wallet,route_a,HDFC,,Mumbai,android,order_4887,success,,1952,0
7812d1e7-0e7d-482b-b07b-3c6cc80d4177,merchant_paymind_demo,cust_275,2026-08-04T07:08:00,11104.51,INR,credit_card,route_d,Yes Bank,,Kolkata,ios,order_4888,success,,524,0
7cb2fc8c-ff29-4245-ab07-656051287715,merchant_paymind_demo,cust_627,2026-08-20T08:23:00,16990.88,INR,wallet,route_d,Kotak,,Delhi,android,order_4889,success,,1776,0
77302438-8b0a-4415-8492-129180ed9fe6,merchant_paymind_demo,cust_570,2026-08-06T19:50:00,13478.3,INR,debit_card,route_b,HDFC,,Delhi,web,order_4890,success,,317,0
828e311a-4adb-4a34-a123-c17c8a3f051d,merchant_paymind_demo,cust_695,2026-08-11T20:39:00,10164.73,INR,UPI,route_c,HDFC,paytm,Kolkata,android,order_4891,success,,1163,0
ab4190af-c663-4794-a3ed-f05dfe0442b5,merchant_paymind_demo,cust_743,2026-08-09T09:12:00,20159.32,INR,wallet,route_b,ICICI,,Delhi,ios,order_4892,success,,1781,0
33799a3c-7c97-451f-af36-050e02b20b6e,merchant_paymind_demo,cust_442,2026-08-14T21:01:00,12399.54,INR,UPI,route_a,Axis,paytm,Delhi,ios,order_4893,success,,912,0
cce7c6e2-49c7-430f-aed4-15bc40fc34bf,merchant_paymind_demo,cust_481,2026-08-06T17:08:00,17481.79,INR,credit_card,route_a,Yes Bank,,Delhi,web,order_4894,success,,1731,0
538ecc5c-3aba-4fe8-8ef7-6d3365544a9b,merchant_paymind_demo,cust_886,2026-08-08T09:58:00,23581.35,INR,netbanking,route_b,Kotak,,Mumbai,ios,order_4895,success,,1108,0
b5560fb6-4725-40e3-b8ce-85d4668cfec5,merchant_paymind_demo,cust_26,2026-08-10T13:32:00,17750.97,INR,credit_card,route_c,SBI,,Pune,web,order_4896,success,,481,0
231b9dc4-bc64-4557-8947-1794181c697e,merchant_paymind_demo,cust_350,2026-08-14T22:50:00,22313.28,INR,debit_card,route_a,Axis,,Kolkata,web,order_4897,success,,952,0
eed6ec9e-d2b7-42b9-beec-c5bbed52e8ad,merchant_paymind_demo,cust_749,2026-08-17T17:13:00,8715.11,INR,wallet,route_d,Yes Bank,,Delhi,web,order_4898,success,,1075,0
01fdbde9-86c1-4003-abf1-d8d1100689a2,merchant_paymind_demo,cust_877,2026-08-20T22:46:00,18829.28,INR,netbanking,route_c,Kotak,,Chennai,web,order_4899,failed,bank_timeout,5117,0
5a27ff5c-7894-41df-901e-67fe51dce187,merchant_paymind_demo,cust_753,2026-08-09T00:16:00,13485.38,INR,UPI,route_b,Axis,phonepe,Kolkata,android,order_4900,success,,638,0
d362a788-d654-4637-89a1-1ec6d78a1f8d,merchant_paymind_demo,cust_765,2026-08-20T07:46:00,551.17,INR,netbanking,route_a,SBI,,Delhi,android,order_4901,success,,2140,0
ada7f93c-3e4c-4927-b465-b9ecf0cd68a4,merchant_paymind_demo,cust_441,2026-08-20T00:19:00,7553.48,INR,UPI,route_a,SBI,bhim,Chennai,ios,order_4902,success,,1855,0
8b576341-3687-4fca-aea8-fe7a7c861276,merchant_paymind_demo,cust_864,2026-08-05T19:31:00,18415.96,INR,wallet,route_a,ICICI,,Chennai,web,order_4903,success,,2500,0
ff4ab06c-ce0b-4dd9-94e6-55ba3192b104,merchant_paymind_demo,cust_64,2026-08-20T14:37:00,20229.28,INR,netbanking,route_c,ICICI,,Hyderabad,android,order_4904,failed,insufficient_funds,8537,0
84a8f2a1-af90-4794-9f66-064af7cdebd7,merchant_paymind_demo,cust_457,2026-08-15T23:52:00,21728.63,INR,credit_card,route_d,SBI,,Chennai,web,order_4905,success,,1789,0
eeb36da6-b6c0-496a-8888-6358f3dde55c,merchant_paymind_demo,cust_997,2026-08-19T00:35:00,19003.68,INR,credit_card,route_c,SBI,,Bengaluru,android,order_4906,success,,949,0
cbfc30cb-5aaf-44f5-9de4-0bf976da643b,merchant_paymind_demo,cust_317,2026-08-04T20:18:00,3872.14,INR,debit_card,route_b,SBI,,Kolkata,ios,order_4907,success,,1350,0
8fccfb9f-59e0-487f-845f-8990898ceca6,merchant_paymind_demo,cust_270,2026-08-14T09:10:00,14166.14,INR,debit_card,route_d,HDFC,,Delhi,web,order_4908,success,,532,0
c1ebe8a1-d2d3-44c2-af07-9f62bd6989fa,merchant_paymind_demo,cust_771,2026-08-02T00:13:00,22899.91,INR,netbanking,route_d,Kotak,,Hyderabad,web,order_4909,success,,1129,0
ce617992-93fd-4283-a154-4e2be0a963a6,merchant_paymind_demo,cust_697,2026-08-02T16:32:00,971.62,INR,wallet,route_d,Yes Bank,,Kolkata,web,order_4910,success,,1117,0
34f888b1-9fc4-4e06-849a-3b865a7af1bd,merchant_paymind_demo,cust_289,2026-08-02T14:33:00,9559.29,INR,wallet,route_d,HDFC,,Bengaluru,web,order_4911,success,,1059,0
4acf08a5-eecf-4a0c-b73c-74dbfc1a47b7,merchant_paymind_demo,cust_1015,2026-08-19T02:10:00,19979.23,INR,netbanking,route_a,ICICI,,Chennai,web,order_4912,success,,1080,0
e7b0b792-cee9-4fb9-b544-69445b0c294f,merchant_paymind_demo,cust_683,2026-08-15T19:43:00,23838.94,INR,UPI,route_d,ICICI,paytm,Pune,android,order_4913,success,,1870,0
ce7e0422-be9e-4118-ae10-81f93bde3772,merchant_paymind_demo,cust_288,2026-08-05T21:00:00,8011.64,INR,wallet,route_a,Yes Bank,,Hyderabad,web,order_4914,success,,2425,0
d979546a-f778-4f69-86c9-a7499beb4e7b,merchant_paymind_demo,cust_1076,2026-08-02T13:27:00,2339.47,INR,netbanking,route_a,Axis,,Mumbai,ios,order_4915,success,,1014,0
68d9184d-03a0-461c-a3a2-db41cb58e38a,merchant_paymind_demo,cust_53,2026-08-06T13:31:00,19509.92,INR,credit_card,route_d,Kotak,,Mumbai,web,order_4916,success,,1666,0
4cb73b12-9fc0-4c58-8e76-bd28904e498b,merchant_paymind_demo,cust_587,2026-08-06T22:34:00,19562.22,INR,wallet,route_c,ICICI,,Kolkata,ios,order_4917,success,,850,0
204d8623-5ec0-43d2-b370-43662a037404,merchant_paymind_demo,cust_356,2026-08-10T19:40:00,21479.13,INR,UPI,route_d,Axis,bhim,Delhi,web,order_4918,success,,1216,0
aeedead1-0d40-44b9-b35a-e187e258f661,merchant_paymind_demo,cust_156,2026-08-16T13:31:00,23059.76,INR,UPI,route_a,SBI,phonepe,Hyderabad,ios,order_4919,success,,1285,0
9fcaf334-d5e9-446c-8dca-bb778caee796,merchant_paymind_demo,cust_961,2026-08-13T23:17:00,24215.67,INR,UPI,route_c,Axis,,Pune,ios,order_4920,success,,1023,0
cfbdd046-dfc2-4dfe-b763-e9ff476aefe6,merchant_paymind_demo,cust_1139,2026-08-18T06:38:00,24021.05,INR,UPI,route_a,Kotak,bhim,Bengaluru,ios,order_4921,success,,980,0
7d57b556-d27e-492b-a072-9772818fcd90,merchant_paymind_demo,cust_468,2026-08-03T09:13:00,3119.91,INR,wallet,route_d,SBI,,Hyderabad,web,order_4922,success,,2105,0
17740703-ff32-464a-addd-fe2337802c25,merchant_paymind_demo,cust_445,2026-08-02T07:16:00,3322.07,INR,debit_card,route_b,HDFC,,Delhi,android,order_4923,success,,2304,0
22ffda10-ffd1-45ea-9c29-9ffe2b6f538e,merchant_paymind_demo,cust_35,2026-08-08T00:26:00,4484.46,INR,wallet,route_b,ICICI,,Chennai,ios,order_4924,success,,2454,0
35b9567d-8b94-4ed2-9322-b09a55872e26,merchant_paymind_demo,cust_163,2026-08-13T03:07:00,7970.76,INR,wallet,route_b,HDFC,,Chennai,android,order_4925,success,,399,0
a71ee9c1-4eb9-4df7-a0fd-54de402231dc,merchant_paymind_demo,cust_705,2026-08-03T23:09:00,21644.04,INR,debit_card,route_b,Axis,,Mumbai,web,order_4926,success,,721,0
dc8fa42b-2756-4aa7-8003-d89045542d50,merchant_paymind_demo,cust_462,2026-08-03T04:54:00,23357.94,INR,UPI,route_a,HDFC,bhim,Hyderabad,web,order_4927,success,,1040,0
a6e2328d-585c-4004-b687-0b677e7b35eb,merchant_paymind_demo,cust_813,2026-08-20T17:44:00,15948.97,INR,debit_card,route_b,ICICI,,Hyderabad,web,order_4928,success,,373,0
57b299c2-c85c-4973-ac49-1b3acdd4afea,merchant_paymind_demo,cust_920,2026-08-01T17:28:00,4456.84,INR,UPI,route_a,Kotak,paytm,Mumbai,android,order_4929,success,,1435,0
af24e6e8-f3b7-4ee4-a159-bfc64b853bcb,merchant_paymind_demo,cust_169,2026-08-20T16:34:00,17627.7,INR,netbanking,route_d,HDFC,,Chennai,ios,order_4930,success,,885,0
2b8907c2-7587-4aec-a197-65779d7161d5,merchant_paymind_demo,cust_579,2026-08-09T07:02:00,1261.71,INR,netbanking,route_a,Axis,,Pune,android,order_4931,success,,1737,0
da69179b-8b8d-419a-b2fd-8bcff8011b86,merchant_paymind_demo,cust_424,2026-08-09T05:55:00,729.2,INR,credit_card,route_d,Yes Bank,,Delhi,ios,order_4932,success,,840,0
0024fd85-7783-4a67-b65c-ce351af2ef1e,merchant_paymind_demo,cust_74,2026-08-08T02:33:00,21084.92,INR,debit_card,route_c,Axis,,Mumbai,ios,order_4933,success,,1300,0
74ae1314-829e-409c-9571-6060be2b86d8,merchant_paymind_demo,cust_744,2026-08-16T03:28:00,1911.72,INR,UPI,route_c,HDFC,phonepe,Delhi,web,order_4934,success,,814,0
0196d7aa-f562-4a57-a951-728a35c001e1,merchant_paymind_demo,cust_908,2026-08-05T14:52:00,1425.0,INR,UPI,route_b,SBI,gpay,Chennai,ios,order_4935,success,,682,0
b534a6f8-e4fd-4901-bfa1-8e0718e6714d,merchant_paymind_demo,cust_860,2026-08-10T10:34:00,8468.98,INR,credit_card,route_b,Kotak,,Mumbai,android,order_4936,success,,1872,0
d71f964b-de49-4c13-ba83-9bbf28bd9280,merchant_paymind_demo,cust_1060,2026-08-09T05:38:00,12038.85,INR,credit_card,route_b,ICICI,,Hyderabad,android,order_4937,success,,1611,0
c09e9cd7-9076-4dcd-a625-a223a9c24729,merchant_paymind_demo,cust_24,2026-08-01T15:06:00,19895.43,INR,wallet,route_c,HDFC,,Chennai,android,order_4938,failed,gateway_error,5998,0
d88a7760-7fca-4ac7-9222-d3ce5cbabd15,merchant_paymind_demo,cust_636,2026-08-10T19:07:00,13011.9,INR,debit_card,route_a,SBI,,Chennai,ios,order_4939,failed,insufficient_funds,8802,0
2906c170-bdfa-4b9a-a5ce-595cb2a433f9,merchant_paymind_demo,cust_524,2026-08-18T11:43:00,15846.47,INR,UPI,route_c,SBI,,Pune,web,order_4940,success,,1489,0
3091ce2f-3fce-4d70-ad36-cbac41766b66,merchant_paymind_demo,cust_589,2026-08-15T15:04:00,4075.35,INR,netbanking,route_a,Kotak,,Mumbai,web,order_4941,success,,387,0
79891228-d622-438d-8b06-fd53cf08d957,merchant_paymind_demo,cust_5,2026-08-03T03:50:00,9413.79,INR,credit_card,route_c,HDFC,,Hyderabad,web,order_4942,success,,328,0
d1b1bcda-a1ee-4e98-bc83-46734c9af0d9,merchant_paymind_demo,cust_230,2026-08-20T09:06:00,12190.77,INR,netbanking,route_c,HDFC,,Chennai,ios,order_4943,success,,791,0
a1b103c4-e386-4ae7-b5d6-d6483ec554f3,merchant_paymind_demo,cust_799,2026-08-19T12:57:00,22594.98,INR,wallet,route_d,Yes Bank,,Bengaluru,android,order_4944,success,,1449,0
44335063-b38c-4a66-bfd8-9cc0ee0f3a2e,merchant_paymind_demo,cust_802,2026-08-15T17:37:00,4029.27,INR,netbanking,route_b,Yes Bank,,Pune,web,order_4945,success,,1462,0
39ad2d5c-30cf-4656-89a5-3c4bf5b723bf,merchant_paymind_demo,cust_884,2026-08-08T20:50:00,10653.15,INR,credit_card,route_d,ICICI,,Mumbai,android,order_4946,success,,314,0
15473431-3d28-422e-a0ab-9aa295f6ca77,merchant_paymind_demo,cust_1139,2026-08-12T01:30:00,2054.3,INR,debit_card,route_a,ICICI,,Chennai,web,order_4947,success,,1690,0
3ca12791-5ce9-472c-ac3c-3bda52dede6b,merchant_paymind_demo,cust_772,2026-08-18T02:44:00,7419.09,INR,credit_card,route_c,SBI,,Kolkata,android,order_4948,success,,2221,0
f67e0f74-e8d8-4423-b7ff-46f84c3824c7,merchant_paymind_demo,cust_1193,2026-08-10T23:07:00,23444.67,INR,UPI,route_c,ICICI,gpay,Kolkata,ios,order_4949,success,,1788,0
f546391e-fa92-4899-852d-90b376ad20b5,merchant_paymind_demo,cust_32,2026-08-13T17:47:00,24025.51,INR,wallet,route_a,ICICI,,Pune,web,order_4950,success,,375,0
9bff8563-2b74-4c12-936c-48adaa9223d5,merchant_paymind_demo,cust_717,2026-08-07T22:34:00,11788.25,INR,netbanking,route_c,Axis,,Bengaluru,android,order_4951,success,,2139,0
cf8f2704-ed5f-4312-89ad-70768dc850ed,merchant_paymind_demo,cust_417,2026-08-10T09:27:00,15748.24,INR,credit_card,route_a,Kotak,,Mumbai,web,order_4952,success,,2432,0
ab97c95b-03d7-4628-9915-4328e56899cf,merchant_paymind_demo,cust_117,2026-08-15T16:14:00,13061.84,INR,credit_card,route_c,Yes Bank,,Chennai,web,order_4953,success,,1517,0
75fe3638-4700-42c1-8d39-35dee8a776ae,merchant_paymind_demo,cust_406,2026-08-10T12:28:00,200.46,INR,netbanking,route_c,HDFC,,Chennai,android,order_4954,failed,gateway_error,2104,0
4777a368-7576-4466-ab27-5cbc46a6990a,merchant_paymind_demo,cust_348,2026-08-08T15:17:00,8108.85,INR,credit_card,route_b,Yes Bank,,Pune,android,order_4955,success,,1070,0
f11c75b3-9b89-41a6-ad81-c95aefd73d00,merchant_paymind_demo,cust_922,2026-08-10T14:03:00,4702.56,INR,debit_card,route_b,Kotak,,Mumbai,web,order_4956,success,,1718,0
e743342c-8641-4fe9-8d7a-1bb6d01ad644,merchant_paymind_demo,cust_1008,2026-08-09T10:03:00,6684.29,INR,debit_card,route_a,HDFC,,Chennai,android,order_4957,success,,2139,0
9ba22067-7746-43ec-a36f-5483cf65eeba,merchant_paymind_demo,cust_1126,2026-08-07T02:27:00,13883.96,INR,wallet,route_a,Axis,,Delhi,web,order_4958,failed,bank_timeout,3730,0
575264bd-5fe9-4662-b56d-2cf253487faf,merchant_paymind_demo,cust_212,2026-08-01T14:21:00,19032.97,INR,wallet,route_b,Kotak,,Chennai,web,order_4959,success,,1749,0
8dd6d716-70c0-4ad1-938e-5092e426d934,merchant_paymind_demo,cust_280,2026-08-19T11:33:00,1569.63,INR,netbanking,route_d,SBI,,Chennai,ios,order_4960,success,,1974,0
f6e74627-cadd-4767-90a8-9dd447d3ac21,merchant_paymind_demo,cust_950,2026-08-13T15:06:00,20424.06,INR,netbanking,route_d,ICICI,,Bengaluru,android,order_4961,success,,1371,0
aff249c4-5740-41c1-a7e7-c53014115ca1,merchant_paymind_demo,cust_160,2026-08-15T18:18:00,21679.93,INR,debit_card,route_c,ICICI,,Kolkata,web,order_4962,success,,935,0
71a45645-3ee1-4dcf-a920-b4e4073f7b46,merchant_paymind_demo,cust_32,2026-08-14T04:49:00,14494.84,INR,debit_card,route_b,Kotak,,Chennai,android,order_4963,success,,333,0
6da5c626-59f4-4f0a-891a-56dab51c6c00,merchant_paymind_demo,cust_686,2026-08-18T09:38:00,20825.46,INR,credit_card,route_c,ICICI,,Hyderabad,web,order_4964,success,,927,0
68f10ad3-ffa7-4f4b-878a-8527ec924bee,merchant_paymind_demo,cust_289,2026-08-01T06:07:00,6190.57,INR,debit_card,route_d,SBI,,Kolkata,web,order_4965,success,,782,0
de487c2e-05a3-4174-8be0-57c47a82668e,merchant_paymind_demo,cust_251,2026-08-20T14:16:00,20988.38,INR,wallet,route_a,SBI,,Delhi,web,order_4966,success,,1140,0
2f1c33ce-2d10-468b-a4dc-7c07a05e1c95,merchant_paymind_demo,cust_88,2026-08-20T08:19:00,21528.69,INR,wallet,route_b,HDFC,,Chennai,ios,order_4967,success,,1198,0
c69d7c4e-628d-4a5f-8ebb-0fc345ed8677,merchant_paymind_demo,cust_1109,2026-08-06T02:52:00,20305.79,INR,UPI,route_b,Kotak,,Bengaluru,android,order_4968,success,,728,0
7efa0694-17d2-4c2f-980e-33750ac10bbc,merchant_paymind_demo,cust_951,2026-08-19T00:23:00,10076.11,INR,netbanking,route_b,Yes Bank,,Pune,android,order_4969,success,,803,0
48a34f30-90d7-4994-b40d-357ad17e7e1e,merchant_paymind_demo,cust_1003,2026-08-03T07:27:00,14487.06,INR,UPI,route_a,Kotak,paytm,Chennai,ios,order_4970,success,,1555,0
7d6f4185-e67f-4ade-bec9-c020fa53f317,merchant_paymind_demo,cust_569,2026-08-01T13:22:00,21249.07,INR,debit_card,route_a,SBI,,Delhi,web,order_4971,success,,2162,0
595c695a-443e-4f6e-8be4-72bf7b051b55,merchant_paymind_demo,cust_1132,2026-08-15T15:26:00,7664.46,INR,netbanking,route_a,Yes Bank,,Pune,ios,order_4972,success,,1826,0
f4cf41bd-4698-4bff-8379-9ecde1eb125c,merchant_paymind_demo,cust_645,2026-08-14T15:23:00,22871.67,INR,netbanking,route_b,Kotak,,Chennai,android,order_4973,success,,1975,0
39ee4d39-6793-4805-bd32-a3a9b51ee147,merchant_paymind_demo,cust_975,2026-08-05T23:17:00,4226.61,INR,credit_card,route_c,ICICI,,Chennai,android,order_4974,success,,1080,0
99566879-3d29-43ff-b317-8c51121febb8,merchant_paymind_demo,cust_83,2026-08-08T10:17:00,10256.31,INR,wallet,route_c,Yes Bank,,Kolkata,android,order_4975,success,,1387,0
3d641e98-42ef-4f87-94d5-75c457978f3a,merchant_paymind_demo,cust_632,2026-08-05T08:25:00,575.38,INR,UPI,route_d,Axis,,Pune,android,order_4976,success,,915,0
59d4bc6d-2853-4145-a19d-5a99d3e32c11,merchant_paymind_demo,cust_910,2026-08-09T18:04:00,20275.96,INR,wallet,route_a,Yes Bank,,Pune,web,order_4977,success,,2067,0
8b715aee-9a76-4026-b25c-a16ab6d9ff64,merchant_paymind_demo,cust_178,2026-08-14T06:24:00,2626.7,INR,UPI,route_a,ICICI,paytm,Delhi,android,order_4978,success,,2052,0
51e16e88-0d10-4e28-bd31-32c5e2d5c41b,merchant_paymind_demo,cust_441,2026-08-11T12:35:00,6272.12,INR,credit_card,route_a,HDFC,,Delhi,android,order_4979,success,,2452,0
0d9a3400-4bb5-4220-a8cd-0d0a5ede4861,merchant_paymind_demo,cust_154,2026-08-05T06:54:00,8644.23,INR,debit_card,route_d,Yes Bank,,Mumbai,ios,order_4980,success,,885,0
8c634692-c8e5-4b2a-8afc-a72224b69505,merchant_paymind_demo,cust_223,2026-08-17T20:22:00,24970.24,INR,netbanking,route_d,Axis,,Delhi,android,order_4981,success,,2123,0
cbf4245a-339e-4762-87a0-ff7c6729610f,merchant_paymind_demo,cust_1104,2026-08-11T22:57:00,22151.36,INR,credit_card,route_b,Yes Bank,,Bengaluru,ios,order_4982,success,,795,0
e7c55161-9464-477c-9478-d36b54bae24e,merchant_paymind_demo,cust_663,2026-08-08T22:35:00,19847.86,INR,debit_card,route_d,SBI,,Chennai,android,order_4983,success,,563,0
606010c1-6a51-4454-9a29-b9178b6e89fe,merchant_paymind_demo,cust_1049,2026-08-13T03:31:00,8204.06,INR,UPI,route_b,Axis,bhim,Delhi,ios,order_4984,success,,377,0
75f0e46c-fee3-4bd9-a68b-3467079892cb,merchant_paymind_demo,cust_1071,2026-08-14T18:05:00,6749.93,INR,UPI,route_b,HDFC,gpay,Bengaluru,web,order_4985,success,,1798,0
9d168ca3-80f2-4262-9877-a1fb5078608d,merchant_paymind_demo,cust_214,2026-08-10T04:57:00,9369.38,INR,netbanking,route_d,HDFC,,Hyderabad,web,order_4986,success,,493,0
a33ed7c3-225d-44e1-80cc-c4d9bf46b642,merchant_paymind_demo,cust_1041,2026-08-16T13:26:00,15539.48,INR,debit_card,route_b,SBI,,Bengaluru,ios,order_4987,success,,1056,0
78dd0d29-19d9-43be-9d06-ce3a0511c514,merchant_paymind_demo,cust_350,2026-08-10T20:03:00,1686.77,INR,wallet,route_b,SBI,,Pune,ios,order_4988,success,,439,0
2f7cd2d5-ab48-42b1-9c40-77c827245846,merchant_paymind_demo,cust_889,2026-08-19T23:44:00,5080.34,INR,wallet,route_c,Kotak,,Delhi,web,order_4989,success,,683,0
37d25601-69ae-4a9a-aa66-450b99472625,merchant_paymind_demo,cust_925,2026-08-04T01:00:00,19089.7,INR,wallet,route_b,Kotak,,Pune,android,order_4990,success,,1551,0
94cd5115-f1aa-452b-8972-70a94cc7dddf,merchant_paymind_demo,cust_470,2026-08-01T01:47:00,19416.97,INR,debit_card,route_b,SBI,,Hyderabad,android,order_4991,failed,insufficient_funds,5291,0
ffb69194-4522-4f36-a471-0d6c8eeb2130,merchant_paymind_demo,cust_523,2026-08-14T05:06:00,4663.79,INR,debit_card,route_d,ICICI,,Hyderabad,web,order_4992,success,,1967,0
51dbbd50-abff-47cf-b537-fd684dd0a269,merchant_paymind_demo,cust_417,2026-08-20T23:23:00,5884.96,INR,wallet,route_d,Yes Bank,,Delhi,web,order_4993,success,,960,0
8f3ab94f-4633-416b-abd8-b9fa0470fe64,merchant_paymind_demo,cust_1144,2026-08-03T08:23:00,13978.73,INR,netbanking,route_c,SBI,,Delhi,web,order_4994,success,,1059,0
a9c193c8-3c6e-46bd-b56c-ade6cc936d75,merchant_paymind_demo,cust_1096,2026-08-06T16:01:00,902.75,INR,debit_card,route_b,HDFC,,Delhi,ios,order_4995,success,,2293,0
18cac05e-5c9c-4ffd-abb5-fdc261e9f0f3,merchant_paymind_demo,cust_489,2026-08-06T13:26:00,12616.26,INR,UPI,route_a,Yes Bank,bhim,Kolkata,web,order_4996,success,,2163,0
d6d706c6-aa91-4caa-89c5-bbda78e9a94e,merchant_paymind_demo,cust_1047,2026-08-12T05:18:00,7778.79,INR,netbanking,route_a,Axis,,Delhi,ios,order_4997,failed,invalid_otp,6347,0
63da1f28-52de-4c30-887b-1e0e2d4fa138,merchant_paymind_demo,cust_694,2026-08-16T19:28:00,805.54,INR,wallet,route_a,Axis,,Chennai,web,order_4998,success,,605,0
050d9a80-15cc-4844-82b6-17093e839716,merchant_paymind_demo,cust_499,2026-08-11T02:36:00,15259.09,INR,credit_card,route_b,Kotak,,Pune,web,order_4999,success,,1647,0
